[2026-03-29T03:54:14.919Z] GET http://localhost:3000/login → 200 (39ms, 14340B)
[2026-03-29T03:54:14.966Z] GET http://localhost:3000/_next/static/chunks/apps_web_app_globals_0xyo3ls.css → 200 (9ms, 33119B)
[2026-03-29T03:54:14.966Z] GET http://localhost:3000/_next/static/chunks/%5Bturbopack%5D_browser_dev_hmr-client_hmr-client_ts_10z625~._.js → 200 (12ms, 675B)
[2026-03-29T03:54:14.966Z] GET http://localhost:3000/_next/static/chunks/node_modules_next_dist_compiled_next-devtools_index_0553esy.js → 200 (86ms, 746592B)
[2026-03-29T03:54:14.967Z] GET http://localhost:3000/_next/static/chunks/node_modules_next_dist_compiled_react-dom_058-ah~._.js → 200 (87ms, 1057980B)
[2026-03-29T03:54:14.967Z] GET http://localhost:3000/_next/static/chunks/node_modules_next_dist_compiled_react-server-dom-turbopack_0p3wegg._.js → 200 (67ms, 174634B)
[2026-03-29T03:54:14.967Z] GET http://localhost:3000/_next/static/chunks/node_modules_next_dist_compiled_0rpq4pf._.js → 200 (67ms, 144344B)
[2026-03-29T03:54:14.967Z] GET http://localhost:3000/_next/static/chunks/node_modules_next_dist_client_0fhqo1d._.js → 200 (80ms, 742815B)
[2026-03-29T03:54:14.967Z] GET http://localhost:3000/_next/static/chunks/node_modules_next_dist_115brz8._.js → 200 (72ms, 246103B)
[2026-03-29T03:54:14.967Z] GET http://localhost:3000/_next/static/chunks/node_modules_%40swc_helpers_cjs_0-4ujiy._.js → 200 (68ms, 1984B)
[2026-03-29T03:54:14.967Z] GET http://localhost:3000/_next/static/chunks/apps_web_0rqeker._.js → 200 (72ms, 756B)
[2026-03-29T03:54:14.968Z] GET http://localhost:3000/_next/static/chunks/turbopack-apps_web_0p44nws._.js → 200 (74ms, 91093B)
[2026-03-29T03:54:14.968Z] GET http://localhost:3000/_next/static/chunks/node_modules_next_dist_0tt2wve._.js → 200 (75ms, 208717B)
[2026-03-29T03:54:14.968Z] GET http://localhost:3000/_next/static/chunks/apps_web_app_layout_tsx_004glpo._.js → 200 (71ms, 312B)
[2026-03-29T03:54:14.968Z] GET http://localhost:3000/_next/static/chunks/_0b6t67q._.js → 200 (77ms, 179730B)
[2026-03-29T03:54:14.969Z] GET http://localhost:3000/_next/static/chunks/_0pwf4qe._.js → 200 (73ms, 12724B)
[2026-03-29T03:54:14.969Z] GET http://localhost:3000/_next/static/chunks/apps_web_app_login_page_tsx_0q9a4f8._.js → 200 (78ms, 271B)
[2026-03-29T03:54:14.969Z] GET http://localhost:3000/_next/static/chunks/node_modules_next_dist_client_components_builtin_global-error_0q9a4f8.js → 200 (76ms, 212B)
[2026-03-29T03:54:15.166Z] GET http://localhost:3000/_next/static/chunks/%5Bturbopack%5D_browser_dev_hmr-client_hmr-client_ts_0yjw1oe._.js → 200 (26ms, 15461B)
[2026-03-29T03:54:15.166Z] GET http://localhost:3000/_next/static/chunks/%5Bturbopack%5D_browser_dev_hmr-client_hmr-client_ts_10mygs7._.js → 200 (26ms, 289B)
[2026-03-29T03:54:32.441Z] GET http://localhost:3000/register?_rsc=13uu9 → 200 (254ms, 5336B)
[2026-03-29T03:54:32.700Z] GET http://localhost:3000/_next/static/chunks/_0wnatf4._.js → 200 (3ms, 15169B)
[2026-03-29T03:54:32.700Z] GET http://localhost:3000/_next/static/chunks/apps_web_app_register_page_tsx_0q9a4f8._.js → 200 (2ms, 271B)
[2026-03-29T03:54:32.715Z] GET http://localhost:3000/_next/static/chunks/_0wnatf4._.js → 304 (9ms, ?B)
[2026-03-29T03:54:32.715Z] GET http://localhost:3000/_next/static/chunks/apps_web_app_register_page_tsx_0q9a4f8._.js → 304 (9ms, ?B)
[2026-03-29T03:54:37.861Z] GET http://localhost:3000/register → 200 (24ms, 14765B)
[2026-03-29T03:54:37.893Z] GET http://localhost:3000/_next/static/chunks/apps_web_app_globals_0xyo3ls.css → 304 (9ms, ?B)
[2026-03-29T03:54:37.893Z] GET http://localhost:3000/_next/static/chunks/%5Bturbopack%5D_browser_dev_hmr-client_hmr-client_ts_10z625~._.js → 304 (10ms, ?B)
[2026-03-29T03:54:37.893Z] GET http://localhost:3000/_next/static/chunks/node_modules_next_dist_compiled_next-devtools_index_0553esy.js → 304 (9ms, ?B)
[2026-03-29T03:54:37.893Z] GET http://localhost:3000/_next/static/chunks/node_modules_next_dist_compiled_react-dom_058-ah~._.js → 304 (9ms, ?B)
[2026-03-29T03:54:37.893Z] GET http://localhost:3000/_next/static/chunks/node_modules_next_dist_compiled_react-server-dom-turbopack_0p3wegg._.js → 304 (10ms, ?B)
[2026-03-29T03:54:37.893Z] GET http://localhost:3000/_next/static/chunks/node_modules_next_dist_compiled_0rpq4pf._.js → 304 (10ms, ?B)
[2026-03-29T03:54:37.896Z] GET http://localhost:3000/_next/static/chunks/node_modules_next_dist_client_0fhqo1d._.js → 304 (8ms, ?B)
[2026-03-29T03:54:37.896Z] GET http://localhost:3000/_next/static/chunks/node_modules_next_dist_115brz8._.js → 304 (12ms, ?B)
[2026-03-29T03:54:37.896Z] GET http://localhost:3000/_next/static/chunks/node_modules_%40swc_helpers_cjs_0-4ujiy._.js → 304 (21ms, ?B)
[2026-03-29T03:54:37.896Z] GET http://localhost:3000/_next/static/chunks/apps_web_0rqeker._.js → 304 (13ms, ?B)
[2026-03-29T03:54:37.896Z] GET http://localhost:3000/_next/static/chunks/turbopack-apps_web_0p44nws._.js → 304 (14ms, ?B)
[2026-03-29T03:54:37.896Z] GET http://localhost:3000/_next/static/chunks/node_modules_next_dist_0tt2wve._.js → 304 (30ms, ?B)
[2026-03-29T03:54:37.901Z] GET http://localhost:3000/_next/static/chunks/apps_web_app_layout_tsx_004glpo._.js → 304 (25ms, ?B)
[2026-03-29T03:54:37.901Z] GET http://localhost:3000/_next/static/chunks/_0b6t67q._.js → 304 (25ms, ?B)
[2026-03-29T03:54:37.901Z] GET http://localhost:3000/_next/static/chunks/_0wnatf4._.js → 304 (25ms, ?B)
[2026-03-29T03:54:37.901Z] GET http://localhost:3000/_next/static/chunks/apps_web_app_register_page_tsx_0q9a4f8._.js → 304 (25ms, ?B)
[2026-03-29T03:54:37.901Z] GET http://localhost:3000/_next/static/chunks/node_modules_next_dist_client_components_builtin_global-error_0q9a4f8.js → 304 (25ms, ?B)
[2026-03-29T03:54:37.925Z] GET http://localhost:3000/_next/static/chunks/%5Bturbopack%5D_browser_dev_hmr-client_hmr-client_ts_0yjw1oe._.js → 304 (6ms, ?B)
[2026-03-29T03:54:37.926Z] GET http://localhost:3000/_next/static/chunks/%5Bturbopack%5D_browser_dev_hmr-client_hmr-client_ts_10mygs7._.js → 304 (5ms, ?B)
[2026-03-29T03:54:56.406Z] POST http://localhost:3000/api/auth/sign-up/email → pending (?ms, ?B)
[2026-03-29T03:54:56.837Z] GET http://localhost:3000/__nextjs_font/geist-latin.woff2 → 200 (8ms, 28356B)
[2026-03-29T03:56:04.617Z] GET http://localhost:3000/register → 200 (334ms, 14765B)
[2026-03-29T03:56:04.965Z] GET http://localhost:3000/_next/static/chunks/apps_web_app_globals_0xyo3ls.css → 304 (8ms, ?B)
[2026-03-29T03:56:04.965Z] GET http://localhost:3000/_next/static/chunks/%5Bturbopack%5D_browser_dev_hmr-client_hmr-client_ts_10z625~._.js → 200 (13ms, 675B)
[2026-03-29T03:56:04.965Z] GET http://localhost:3000/_next/static/chunks/node_modules_next_dist_compiled_next-devtools_index_0553esy.js → 200 (112ms, 746592B)
[2026-03-29T03:56:04.965Z] GET http://localhost:3000/_next/static/chunks/node_modules_next_dist_compiled_react-dom_058-ah~._.js → 200 (93ms, 1057980B)
[2026-03-29T03:56:04.965Z] GET http://localhost:3000/_next/static/chunks/node_modules_next_dist_compiled_react-server-dom-turbopack_0p3wegg._.js → 200 (34ms, 174634B)
[2026-03-29T03:56:04.965Z] GET http://localhost:3000/_next/static/chunks/node_modules_next_dist_compiled_0rpq4pf._.js → 200 (34ms, 144344B)
[2026-03-29T03:56:04.967Z] GET http://localhost:3000/_next/static/chunks/node_modules_next_dist_client_0fhqo1d._.js → 200 (90ms, 742815B)
[2026-03-29T03:56:04.967Z] GET http://localhost:3000/_next/static/chunks/node_modules_next_dist_115brz8._.js → 200 (48ms, 246103B)
[2026-03-29T03:56:04.967Z] GET http://localhost:3000/_next/static/chunks/node_modules_%40swc_helpers_cjs_0-4ujiy._.js → 200 (47ms, 1984B)
[2026-03-29T03:56:04.967Z] GET http://localhost:3000/_next/static/chunks/apps_web_0rqeker._.js → 200 (39ms, 756B)
[2026-03-29T03:56:04.967Z] GET http://localhost:3000/_next/static/chunks/turbopack-apps_web_0p44nws._.js → 200 (65ms, 91093B)
[2026-03-29T03:56:04.967Z] GET http://localhost:3000/_next/static/chunks/node_modules_next_dist_0tt2wve._.js → 200 (71ms, 208717B)
[2026-03-29T03:56:04.967Z] GET http://localhost:3000/_next/static/chunks/apps_web_app_layout_tsx_004glpo._.js → 200 (64ms, 312B)
[2026-03-29T03:56:04.968Z] GET http://localhost:3000/_next/static/chunks/_0b6t67q._.js → 200 (81ms, 179730B)
[2026-03-29T03:56:04.969Z] GET http://localhost:3000/_next/static/chunks/_0wnatf4._.js → 200 (76ms, 15169B)
[2026-03-29T03:56:04.969Z] GET http://localhost:3000/_next/static/chunks/apps_web_app_register_page_tsx_0q9a4f8._.js → 200 (79ms, 271B)
[2026-03-29T03:56:04.969Z] GET http://localhost:3000/_next/static/chunks/node_modules_next_dist_client_components_builtin_global-error_0q9a4f8.js → 200 (79ms, 212B)
[2026-03-29T03:56:05.094Z] GET http://localhost:3000/_next/static/chunks/%5Bturbopack%5D_browser_dev_hmr-client_hmr-client_ts_0yjw1oe._.js → 200 (20ms, 15461B)
[2026-03-29T03:56:05.095Z] GET http://localhost:3000/_next/static/chunks/%5Bturbopack%5D_browser_dev_hmr-client_hmr-client_ts_10mygs7._.js → 200 (19ms, 289B)
[2026-03-29T03:56:05.116Z] GET http://localhost:3000/__nextjs_font/geist-latin.woff2 → 200 (?ms, ?B)
[2026-03-29T03:56:30.267Z] GET http://localhost:3000/register?_rsc=4nfpm → 200 (97ms, ?B)
[2026-03-29T03:56:38.097Z] GET http://localhost:3000/register → pending (?ms, ?B)
[2026-03-29T03:56:38.443Z] GET http://localhost:3000/_next/static/chunks/apps_web_app_globals_0xyo3ls.css → 304 (10ms, ?B)
[2026-03-29T03:56:38.446Z] GET http://localhost:3000/_next/static/chunks/%5Bturbopack%5D_browser_dev_hmr-client_hmr-client_ts_10z625~._.js → 200 (21ms, 675B)
[2026-03-29T03:56:38.447Z] GET http://localhost:3000/_next/static/chunks/node_modules_next_dist_compiled_next-devtools_index_0553esy.js → 200 (69ms, 746592B)
[2026-03-29T03:56:38.447Z] GET http://localhost:3000/_next/static/chunks/node_modules_next_dist_compiled_react-dom_058-ah~._.js → 200 (104ms, 1057980B)
[2026-03-29T03:56:38.447Z] GET http://localhost:3000/_next/static/chunks/node_modules_next_dist_compiled_react-server-dom-turbopack_0p3wegg._.js → 200 (32ms, 174634B)
[2026-03-29T03:56:38.447Z] GET http://localhost:3000/_next/static/chunks/node_modules_next_dist_compiled_0rpq4pf._.js → 200 (32ms, 144344B)
[2026-03-29T03:56:38.447Z] GET http://localhost:3000/_next/static/chunks/node_modules_next_dist_client_0fhqo1d._.js → 200 (69ms, 742815B)
[2026-03-29T03:56:38.447Z] GET http://localhost:3000/_next/static/chunks/node_modules_next_dist_115brz8._.js → 200 (41ms, 246103B)
[2026-03-29T03:56:38.447Z] GET http://localhost:3000/_next/static/chunks/node_modules_%40swc_helpers_cjs_0-4ujiy._.js → 200 (35ms, 1984B)
[2026-03-29T03:56:38.448Z] GET http://localhost:3000/_next/static/chunks/apps_web_0rqeker._.js → 200 (34ms, 756B)
[2026-03-29T03:56:38.448Z] GET http://localhost:3000/_next/static/chunks/turbopack-apps_web_0p44nws._.js → 200 (53ms, 91093B)
[2026-03-29T03:56:38.448Z] GET http://localhost:3000/_next/static/chunks/node_modules_next_dist_0tt2wve._.js → 200 (53ms, 208717B)
[2026-03-29T03:56:38.448Z] GET http://localhost:3000/_next/static/chunks/apps_web_app_layout_tsx_004glpo._.js → 200 (53ms, 312B)
[2026-03-29T03:56:38.448Z] GET http://localhost:3000/_next/static/chunks/_0b6t67q._.js → 200 (65ms, 179730B)
[2026-03-29T03:56:38.448Z] GET http://localhost:3000/_next/static/chunks/_0wnatf4._.js → 200 (53ms, 15023B)
[2026-03-29T03:56:38.448Z] GET http://localhost:3000/_next/static/chunks/apps_web_app_register_page_tsx_0q9a4f8._.js → 200 (53ms, 271B)
[2026-03-29T03:56:38.449Z] GET http://localhost:3000/_next/static/chunks/node_modules_next_dist_client_components_builtin_global-error_0q9a4f8.js → 200 (64ms, 212B)
[2026-03-29T03:56:38.561Z] GET http://localhost:3000/_next/static/chunks/%5Bturbopack%5D_browser_dev_hmr-client_hmr-client_ts_0yjw1oe._.js → 200 (22ms, 15461B)
[2026-03-29T03:56:38.561Z] GET http://localhost:3000/_next/static/chunks/%5Bturbopack%5D_browser_dev_hmr-client_hmr-client_ts_10mygs7._.js → 200 (21ms, 289B)
[2026-03-29T03:56:38.581Z] GET http://localhost:3000/__nextjs_font/geist-latin.woff2 → 200 (?ms, ?B)
[2026-03-29T03:56:54.841Z] GET http://localhost:3000/register → 200 (30ms, 14765B)
[2026-03-29T03:56:54.876Z] GET http://localhost:3000/_next/static/chunks/apps_web_app_globals_0xyo3ls.css → 304 (2ms, ?B)
[2026-03-29T03:56:54.876Z] GET http://localhost:3000/_next/static/chunks/%5Bturbopack%5D_browser_dev_hmr-client_hmr-client_ts_10z625~._.js → 304 (5ms, ?B)
[2026-03-29T03:56:54.876Z] GET http://localhost:3000/_next/static/chunks/node_modules_next_dist_compiled_next-devtools_index_0553esy.js → 304 (6ms, ?B)
[2026-03-29T03:56:54.876Z] GET http://localhost:3000/_next/static/chunks/node_modules_next_dist_compiled_react-dom_058-ah~._.js → 304 (12ms, ?B)
[2026-03-29T03:56:54.876Z] GET http://localhost:3000/_next/static/chunks/node_modules_next_dist_compiled_react-server-dom-turbopack_0p3wegg._.js → 304 (13ms, ?B)
[2026-03-29T03:56:54.876Z] GET http://localhost:3000/_next/static/chunks/node_modules_next_dist_compiled_0rpq4pf._.js → 304 (11ms, ?B)
[2026-03-29T03:56:54.877Z] GET http://localhost:3000/_next/static/chunks/node_modules_next_dist_client_0fhqo1d._.js → 304 (12ms, ?B)
[2026-03-29T03:56:54.877Z] GET http://localhost:3000/_next/static/chunks/node_modules_next_dist_115brz8._.js → 304 (14ms, ?B)
[2026-03-29T03:56:54.877Z] GET http://localhost:3000/_next/static/chunks/node_modules_%40swc_helpers_cjs_0-4ujiy._.js → 304 (21ms, ?B)
[2026-03-29T03:56:54.877Z] GET http://localhost:3000/_next/static/chunks/apps_web_0rqeker._.js → 304 (21ms, ?B)
[2026-03-29T03:56:54.877Z] GET http://localhost:3000/_next/static/chunks/turbopack-apps_web_0p44nws._.js → 304 (21ms, ?B)
[2026-03-29T03:56:54.877Z] GET http://localhost:3000/_next/static/chunks/node_modules_next_dist_0tt2wve._.js → 304 (21ms, ?B)
[2026-03-29T03:56:54.878Z] GET http://localhost:3000/_next/static/chunks/apps_web_app_layout_tsx_004glpo._.js → 304 (21ms, ?B)
[2026-03-29T03:56:54.878Z] GET http://localhost:3000/_next/static/chunks/_0b6t67q._.js → 304 (21ms, ?B)
[2026-03-29T03:56:54.878Z] GET http://localhost:3000/_next/static/chunks/_0wnatf4._.js → 304 (21ms, ?B)
[2026-03-29T03:56:54.878Z] GET http://localhost:3000/_next/static/chunks/apps_web_app_register_page_tsx_0q9a4f8._.js → 304 (21ms, ?B)
[2026-03-29T03:56:54.878Z] GET http://localhost:3000/_next/static/chunks/node_modules_next_dist_client_components_builtin_global-error_0q9a4f8.js → 304 (21ms, ?B)
[2026-03-29T03:56:54.909Z] GET http://localhost:3000/_next/static/chunks/%5Bturbopack%5D_browser_dev_hmr-client_hmr-client_ts_0yjw1oe._.js → 304 (9ms, ?B)
[2026-03-29T03:56:54.912Z] GET http://localhost:3000/_next/static/chunks/%5Bturbopack%5D_browser_dev_hmr-client_hmr-client_ts_10mygs7._.js → 304 (6ms, ?B)
[2026-03-29T03:56:54.916Z] GET http://localhost:3000/__nextjs_font/geist-latin.woff2 → 200 (?ms, ?B)
[2026-03-29T03:57:00.368Z] POST http://localhost:3000/api/auth/sign-up/email → pending (?ms, ?B)
[2026-03-29T03:57:00.574Z] GET http://localhost:3000/dashboard?_rsc=14qcf → pending (?ms, ?B)
[2026-03-29T03:57:02.403Z] GET http://localhost:3000/_next/static/chunks/_03p8es7._.js → pending (?ms, ?B)
[2026-03-29T03:57:02.403Z] GET http://localhost:3000/_next/static/chunks/_0om3g16._.js → pending (?ms, ?B)
[2026-03-29T03:57:02.403Z] GET http://localhost:3000/_next/static/chunks/apps_web_app_dashboard_layout_tsx_0q9a4f8._.js → pending (?ms, ?B)
[2026-03-29T03:57:02.408Z] GET http://localhost:3000/_next/static/chunks/apps_web_0q812xr._.js → 200 (11ms, 59977B)
[2026-03-29T03:57:02.408Z] GET http://localhost:3000/_next/static/chunks/apps_web_app_dashboard_page_tsx_00jkz0g._.js → 200 (11ms, 249B)
[2026-03-29T03:57:02.461Z] GET http://localhost:3000/_next/static/chunks/_03p8es7._.js → 304 (10ms, ?B)
[2026-03-29T03:57:02.461Z] GET http://localhost:3000/_next/static/chunks/_0om3g16._.js → 304 (10ms, ?B)
[2026-03-29T03:57:02.462Z] GET http://localhost:3000/_next/static/chunks/apps_web_app_dashboard_layout_tsx_0q9a4f8._.js → 304 (9ms, ?B)
[2026-03-29T03:57:02.462Z] GET http://localhost:3000/_next/static/chunks/apps_web_0q812xr._.js → 304 (9ms, ?B)
[2026-03-29T03:57:02.462Z] GET http://localhost:3000/_next/static/chunks/apps_web_app_dashboard_page_tsx_00jkz0g._.js → 304 (9ms, ?B)
[2026-03-29T03:57:19.518Z] POST http://localhost:3000/api/projects → 201 (795ms, 243B)
[2026-03-29T03:57:20.315Z] GET http://localhost:3000/editor/j7n3FJGqPX?_rsc=10ciw → pending (?ms, ?B)
[2026-03-29T03:57:25.897Z] GET http://localhost:3000/_next/static/chunks/node_modules_%40aedifex_core_dist_index_0.~9c7t.js → 200 (9ms, 649B)
[2026-03-29T03:57:25.897Z] GET http://localhost:3000/_next/static/chunks/node_modules_next_0c4b-5d._.js → 200 (22ms, 244125B)
[2026-03-29T03:57:25.898Z] GET http://localhost:3000/_next/static/chunks/node_modules_%40aedifex_core_dist_0l7.f8x._.js → 200 (31ms, 360990B)
[2026-03-29T03:57:25.898Z] GET http://localhost:3000/_next/static/chunks/node_modules_zod_0~w4s--._.js → 200 (48ms, 938123B)
[2026-03-29T03:57:25.898Z] GET http://localhost:3000/_next/static/chunks/node_modules_three_build_three_core_0qefhn6.js → 200 (169ms, 1547563B)
[2026-03-29T03:57:25.898Z] GET http://localhost:3000/_next/static/chunks/node_modules_three_build_three_module_024z3_h.js → 200 (85ms, 811406B)
[2026-03-29T03:57:25.898Z] GET http://localhost:3000/_next/static/chunks/node_modules_three_build_three_webgpu_01.b56z.js → 200 (281ms, ?B)
[2026-03-29T03:57:25.898Z] GET http://localhost:3000/_next/static/chunks/node_modules_three_build_three_tsl_0p90gfk.js → 200 (32ms, 156313B)
[2026-03-29T03:57:25.898Z] GET http://localhost:3000/_next/static/chunks/node_modules_three_build_0ozlpf0._.js → 200 (47ms, 214832B)
[2026-03-29T03:57:25.898Z] GET http://localhost:3000/_next/static/chunks/node_modules_three_examples_jsm_0fklzb1._.js → 200 (88ms, 501621B)
[2026-03-29T03:57:25.898Z] GET http://localhost:3000/_next/static/chunks/node_modules_three_src_0d0mc0p._.js → 200 (83ms, 59762B)
[2026-03-29T03:57:25.899Z] GET http://localhost:3000/_next/static/chunks/node_modules_%40react-three_fiber_dist_01zc48v._.js → 200 (169ms, 815218B)
[2026-03-29T03:57:25.899Z] GET http://localhost:3000/_next/static/chunks/node_modules_three-bvh-csg_src_0jy.4pg._.js → 200 (85ms, 213373B)
[2026-03-29T03:57:25.899Z] GET http://localhost:3000/_next/static/chunks/node_modules_066wwa3._.js → 200 (120ms, 599543B)
[2026-03-29T03:57:25.899Z] GET http://localhost:3000/_next/static/chunks/node_modules_%40aedifex_viewer_dist_13-h0wg._.js → 200 (119ms, 386843B)
[2026-03-29T03:57:25.899Z] GET http://localhost:3000/_next/static/chunks/node_modules_three-stdlib_00s9d_7._.js → 200 (119ms, 208953B)
[2026-03-29T03:57:25.899Z] GET http://localhost:3000/_next/static/chunks/_04eee0.._.js → 200 (168ms, 155185B)
[2026-03-29T03:57:25.899Z] GET http://localhost:3000/_next/static/chunks/node_modules_motion-dom_dist_es_0yvtfr6._.js → 200 (227ms, 610676B)
[2026-03-29T03:57:25.899Z] GET http://localhost:3000/_next/static/chunks/node_modules_framer-motion_dist_es_0u-q4w1._.js → 200 (169ms, 249908B)
[2026-03-29T03:57:25.899Z] GET http://localhost:3000/_next/static/chunks/node_modules_tailwind-merge_dist_bundle-mjs_mjs_0ezz.e5._.js → 200 (170ms, 149216B)
[2026-03-29T03:57:25.899Z] GET http://localhost:3000/_next/static/chunks/node_modules_%40aedifex_editor_src_components_ui_primitives_0p4gol2._.js → 200 (170ms, 173797B)
[2026-03-29T03:57:25.899Z] GET http://localhost:3000/_next/static/chunks/node_modules_%40aedifex_editor_src_components_ui_panels_014ye9i._.js → 200 (227ms, 586762B)
[2026-03-29T03:57:25.900Z] GET http://localhost:3000/_next/static/chunks/node_modules_%40aedifex_editor_src_components_ui_command-palette_0n50txs._.js → 200 (225ms, 159290B)
[2026-03-29T03:57:25.900Z] GET http://localhost:3000/_next/static/chunks/node_modules_%40aedifex_editor_src_components_ui_sidebar_0v.kivs._.js → 200 (227ms, 620935B)
[2026-03-29T03:57:25.900Z] GET http://localhost:3000/_next/static/chunks/node_modules_%40aedifex_editor_src_components_ui_0ryfiu4._.js → 200 (226ms, 327971B)
[2026-03-29T03:57:25.900Z] GET http://localhost:3000/_next/static/chunks/node_modules_%40aedifex_editor_src_components_tools_00lymai._.js → 200 (282ms, ?B)
[2026-03-29T03:57:25.901Z] GET http://localhost:3000/_next/static/chunks/node_modules_%40aedifex_editor_src_components_ai_0-q1vn6._.js → 200 (280ms, ?B)
[2026-03-29T03:57:25.901Z] GET http://localhost:3000/_next/static/chunks/node_modules_%40aedifex_editor_src_components_editor_0sp5ica._.js → 200 (282ms, ?B)
[2026-03-29T03:57:25.902Z] GET http://localhost:3000/_next/static/chunks/node_modules_%40aedifex_editor_src_components_0zikryg._.js → 200 (279ms, ?B)
[2026-03-29T03:57:25.903Z] GET http://localhost:3000/_next/static/chunks/node_modules_%40aedifex_editor_src_0g8m9sq._.js → 200 (279ms, ?B)
[2026-03-29T03:57:25.903Z] GET http://localhost:3000/_next/static/chunks/node_modules_%40visual-json_react_dist_index_mjs_0yl8d61._.js → 200 (279ms, ?B)
[2026-03-29T03:57:25.903Z] GET http://localhost:3000/_next/static/chunks/node_modules_%40radix-ui_07jsofp._.js → 200 (281ms, ?B)
[2026-03-29T03:57:25.903Z] GET http://localhost:3000/_next/static/chunks/node_modules_%40floating-ui_04skdch._.js → 200 (280ms, ?B)
[2026-03-29T03:57:25.903Z] GET http://localhost:3000/_next/static/chunks/node_modules_0j8ofz3._.js → 200 (281ms, ?B)
[2026-03-29T03:57:25.905Z] GET http://localhost:3000/_next/static/chunks/apps_web_app_components_0ajl26h._.js → 200 (278ms, ?B)
[2026-03-29T03:57:25.905Z] GET http://localhost:3000/_next/static/chunks/apps_web_app_editor_%5BprojectId%5D_page_tsx_0q9a4f8._.js → 200 (278ms, ?B)
[2026-03-29T03:57:31.015Z] GET http://localhost:3000/audios/sfx/grid_snap.mp3 → pending (?ms, ?B)
[2026-03-29T03:57:31.016Z] GET http://localhost:3000/audios/sfx/item_delete.mp3 → pending (?ms, ?B)
[2026-03-29T03:57:31.017Z] GET http://localhost:3000/audios/sfx/item_pick.mp3 → pending (?ms, ?B)
[2026-03-29T03:57:31.019Z] GET http://localhost:3000/audios/sfx/item_place.mp3 → pending (?ms, ?B)
[2026-03-29T03:57:31.019Z] GET http://localhost:3000/audios/sfx/item_rotate.mp3 → pending (?ms, ?B)
[2026-03-29T03:57:31.019Z] GET http://localhost:3000/audios/sfx/structure_build.mp3 → pending (?ms, ?B)
[2026-03-29T03:57:31.020Z] GET http://localhost:3000/audios/sfx/structure_delete.mp3 → pending (?ms, ?B)
[2026-03-29T03:57:31.214Z] GET http://localhost:3000/icons/room.png → pending (?ms, ?B)
[2026-03-29T03:57:31.214Z] GET http://localhost:3000/icons/mesh.png → pending (?ms, ?B)
[2026-03-29T03:57:31.214Z] GET http://localhost:3000/icons/floorplan.png → pending (?ms, ?B)
[2026-03-29T03:57:31.214Z] GET http://localhost:3000/icons/blueprint.png → pending (?ms, ?B)
[2026-03-29T03:57:31.215Z] GET http://localhost:3000/icons/level.png → pending (?ms, ?B)
[2026-03-29T03:57:31.215Z] GET http://localhost:3000/icons/settings.png → pending (?ms, ?B)
[2026-03-29T03:57:31.353Z] GET http://localhost:3000/_next/static/chunks/node_modules_%40aedifex_core_dist_index_0.~9c7t.js → pending (?ms, ?B)
[2026-03-29T03:57:31.353Z] GET http://localhost:3000/_next/static/chunks/node_modules_next_0c4b-5d._.js → pending (?ms, ?B)
[2026-03-29T03:57:31.355Z] GET http://localhost:3000/_next/static/chunks/node_modules_%40aedifex_core_dist_0l7.f8x._.js → pending (?ms, ?B)
[2026-03-29T03:57:31.356Z] GET http://localhost:3000/_next/static/chunks/node_modules_zod_0~w4s--._.js → pending (?ms, ?B)
[2026-03-29T03:57:31.357Z] GET http://localhost:3000/_next/static/chunks/node_modules_three_build_three_core_0qefhn6.js → pending (?ms, ?B)
[2026-03-29T03:57:31.357Z] GET http://localhost:3000/_next/static/chunks/node_modules_three_build_three_module_024z3_h.js → pending (?ms, ?B)
[2026-03-29T03:57:31.358Z] GET http://localhost:3000/_next/static/chunks/node_modules_three_build_three_webgpu_01.b56z.js → pending (?ms, ?B)
[2026-03-29T03:57:31.358Z] GET http://localhost:3000/_next/static/chunks/node_modules_three_build_three_tsl_0p90gfk.js → pending (?ms, ?B)
[2026-03-29T03:57:31.359Z] GET http://localhost:3000/_next/static/chunks/node_modules_three_build_0ozlpf0._.js → pending (?ms, ?B)
[2026-03-29T03:57:31.360Z] GET http://localhost:3000/_next/static/chunks/node_modules_three_examples_jsm_0fklzb1._.js → pending (?ms, ?B)
[2026-03-29T03:57:31.360Z] GET http://localhost:3000/_next/static/chunks/node_modules_three_src_0d0mc0p._.js → pending (?ms, ?B)
[2026-03-29T03:57:31.361Z] GET http://localhost:3000/_next/static/chunks/node_modules_%40react-three_fiber_dist_01zc48v._.js → pending (?ms, ?B)
[2026-03-29T03:57:31.361Z] GET http://localhost:3000/_next/static/chunks/node_modules_three-bvh-csg_src_0jy.4pg._.js → pending (?ms, ?B)
[2026-03-29T03:57:31.361Z] GET http://localhost:3000/_next/static/chunks/node_modules_066wwa3._.js → pending (?ms, ?B)
[2026-03-29T03:57:31.362Z] GET http://localhost:3000/_next/static/chunks/node_modules_%40aedifex_viewer_dist_13-h0wg._.js → pending (?ms, ?B)
[2026-03-29T03:57:31.363Z] GET http://localhost:3000/_next/static/chunks/node_modules_three-stdlib_00s9d_7._.js → pending (?ms, ?B)
[2026-03-29T03:57:31.364Z] GET http://localhost:3000/_next/static/chunks/_04eee0.._.js → pending (?ms, ?B)
[2026-03-29T03:57:31.365Z] GET http://localhost:3000/_next/static/chunks/node_modules_motion-dom_dist_es_0yvtfr6._.js → pending (?ms, ?B)
[2026-03-29T03:57:31.366Z] GET http://localhost:3000/_next/static/chunks/node_modules_framer-motion_dist_es_0u-q4w1._.js → pending (?ms, ?B)
[2026-03-29T03:57:31.367Z] GET http://localhost:3000/_next/static/chunks/node_modules_tailwind-merge_dist_bundle-mjs_mjs_0ezz.e5._.js → pending (?ms, ?B)
[2026-03-29T03:57:31.368Z] GET http://localhost:3000/_next/static/chunks/node_modules_%40aedifex_editor_src_components_ui_primitives_0p4gol2._.js → pending (?ms, ?B)
[2026-03-29T03:57:31.378Z] GET http://localhost:3000/_next/static/chunks/node_modules_%40aedifex_editor_src_components_ui_panels_014ye9i._.js → pending (?ms, ?B)
[2026-03-29T03:57:31.378Z] GET http://localhost:3000/_next/static/chunks/node_modules_%40aedifex_editor_src_components_ui_command-palette_0n50txs._.js → pending (?ms, ?B)
[2026-03-29T03:57:31.378Z] GET http://localhost:3000/_next/static/chunks/node_modules_%40aedifex_editor_src_components_ui_sidebar_0v.kivs._.js → pending (?ms, ?B)
[2026-03-29T03:57:31.379Z] GET http://localhost:3000/_next/static/chunks/node_modules_%40aedifex_editor_src_components_ui_0ryfiu4._.js → pending (?ms, ?B)
[2026-03-29T03:57:31.379Z] GET http://localhost:3000/_next/static/chunks/node_modules_%40aedifex_editor_src_components_tools_00lymai._.js → pending (?ms, ?B)
[2026-03-29T03:57:31.379Z] GET http://localhost:3000/_next/static/chunks/node_modules_%40aedifex_editor_src_components_ai_0-q1vn6._.js → pending (?ms, ?B)
[2026-03-29T03:57:31.379Z] GET http://localhost:3000/_next/static/chunks/node_modules_%40aedifex_editor_src_components_editor_0sp5ica._.js → pending (?ms, ?B)
[2026-03-29T03:57:31.379Z] GET http://localhost:3000/_next/static/chunks/node_modules_%40aedifex_editor_src_components_0zikryg._.js → pending (?ms, ?B)
[2026-03-29T03:57:31.379Z] GET http://localhost:3000/_next/static/chunks/node_modules_%40aedifex_editor_src_0g8m9sq._.js → pending (?ms, ?B)
[2026-03-29T03:57:31.380Z] GET http://localhost:3000/_next/static/chunks/node_modules_%40visual-json_react_dist_index_mjs_0yl8d61._.js → pending (?ms, ?B)
[2026-03-29T03:57:31.380Z] GET http://localhost:3000/_next/static/chunks/node_modules_%40radix-ui_07jsofp._.js → pending (?ms, ?B)
[2026-03-29T03:57:31.381Z] GET http://localhost:3000/_next/static/chunks/node_modules_%40floating-ui_04skdch._.js → pending (?ms, ?B)
[2026-03-29T03:57:31.381Z] GET http://localhost:3000/_next/static/chunks/node_modules_0j8ofz3._.js → pending (?ms, ?B)
[2026-03-29T03:57:31.381Z] GET http://localhost:3000/_next/static/chunks/apps_web_app_components_0ajl26h._.js → pending (?ms, ?B)
[2026-03-29T03:57:31.381Z] GET http://localhost:3000/_next/static/chunks/apps_web_app_editor_%5BprojectId%5D_page_tsx_0q9a4f8._.js → pending (?ms, ?B)
[2026-03-29T03:57:31.381Z] GET http://localhost:3000/api/projects/j7n3FJGqPX → pending (?ms, ?B)
[2026-03-29T03:57:31.381Z] GET http://localhost:3000/api/projects/j7n3FJGqPX → pending (?ms, ?B)
[2026-03-29T03:57:31.381Z] GET http://localhost:3000/_next/image?url=%2Ficons%2Fselect.png&w=32&q=75 → pending (?ms, ?B)
[2026-03-29T03:57:31.382Z] GET http://localhost:3000/_next/image?url=%2Ficons%2Frotate.png&w=32&q=75 → pending (?ms, ?B)
[2026-03-29T03:57:31.382Z] GET http://localhost:3000/_next/image?url=%2Ficons%2Ftopview.png&w=32&q=75 → pending (?ms, ?B)
[2026-03-29T03:57:31.382Z] GET https://api.iconify.design/icon-park-outline.json?icons=perspective → pending (?ms, ?B)
[2026-03-29T03:57:31.382Z] GET https://api.iconify.design/charm.json?icons=stack-push → pending (?ms, ?B)
[2026-03-29T03:57:31.522Z] POST http://localhost:3000/__nextjs_original-stack-frames → pending (?ms, ?B)
[2026-03-29T03:57:35.970Z] GET http://localhost:3000/icons/site.png → 404 (230ms, 3020B)
[2026-03-29T03:57:35.970Z] GET http://localhost:3000/icons/building.png → 404 (230ms, 3020B)
[2026-03-29T03:57:35.970Z] GET http://localhost:3000/icons/level.png → 404 (232ms, 3020B)
[2026-03-29T03:57:35.970Z] GET http://localhost:3000/icons/room.png → 404 (232ms, 3020B)
[2026-03-29T03:57:35.970Z] GET http://localhost:3000/icons/couch.png → 404 (246ms, 3020B)
[2026-03-29T03:57:35.970Z] GET http://localhost:3000/icons/kitchen.png → 404 (246ms, 3020B)
[2026-03-29T03:57:35.981Z] GET http://localhost:3000/_next/image?url=%2Ficons%2Fwall.png&w=32&q=75 → 400 (440ms, 43B)
[2026-03-29T03:57:35.981Z] GET http://localhost:3000/_next/image?url=%2Ficons%2Ffloor.png&w=32&q=75 → 400 (405ms, 43B)
[2026-03-29T03:57:35.981Z] GET http://localhost:3000/_next/image?url=%2Ficons%2Fceiling.png&w=32&q=75 → 400 (401ms, 43B)
[2026-03-29T03:57:35.981Z] GET http://localhost:3000/_next/image?url=%2Ficons%2Froof.png&w=32&q=75 → 400 (338ms, 43B)
[2026-03-29T03:57:35.981Z] GET http://localhost:3000/_next/image?url=%2Ficons%2Fdoor.png&w=32&q=75 → 400 (396ms, 43B)
[2026-03-29T03:57:35.981Z] GET http://localhost:3000/_next/image?url=%2Ficons%2Fwindow.png&w=32&q=75 → 400 (343ms, 43B)
[2026-03-29T03:57:35.981Z] GET http://localhost:3000/_next/image?url=%2Ficons%2Fbuild.png&w=32&q=75 → 400 (375ms, 43B)
[2026-03-29T03:57:35.995Z] GET http://localhost:3000/icons/wall.png → 404 (417ms, 3020B)
[2026-03-29T03:57:35.995Z] GET https://api.iconify.design/lucide.json?icons=space%2Cx → 200 (102ms, 433B)
[2026-03-29T03:57:35.995Z] GET https://api.iconify.design/ph.json?icons=mouse-left-click-fill%2Cmouse-right-click-fill → 200 (102ms, 693B)
[2026-03-29T03:57:35.995Z] GET https://api.iconify.design/qlementine-icons.json?icons=mouse-middle-button-16 → 200 (100ms, 1094B)
[2026-03-29T03:57:44.939Z] GET http://localhost:3000/dashboard → pending (?ms, ?B)
[2026-03-29T03:57:45.545Z] GET http://localhost:3000/_next/static/chunks/apps_web_app_globals_0xyo3ls.css → 304 (14ms, ?B)
[2026-03-29T03:57:45.545Z] GET http://localhost:3000/_next/static/chunks/%5Bturbopack%5D_browser_dev_hmr-client_hmr-client_ts_10z625~._.js → 200 (145ms, 675B)
[2026-03-29T03:57:45.545Z] GET http://localhost:3000/_next/static/chunks/node_modules_next_dist_compiled_next-devtools_index_0553esy.js → 200 (151ms, 746592B)
[2026-03-29T03:57:45.545Z] GET http://localhost:3000/_next/static/chunks/node_modules_next_dist_compiled_react-dom_058-ah~._.js → 200 (151ms, 1057980B)
[2026-03-29T03:57:45.545Z] GET http://localhost:3000/_next/static/chunks/node_modules_next_dist_compiled_react-server-dom-turbopack_0p3wegg._.js → 200 (153ms, 174634B)
[2026-03-29T03:57:45.545Z] GET http://localhost:3000/_next/static/chunks/node_modules_next_dist_compiled_0rpq4pf._.js → 200 (151ms, 144344B)
[2026-03-29T03:57:45.547Z] GET http://localhost:3000/_next/static/chunks/node_modules_next_dist_client_0fhqo1d._.js → 200 (152ms, 742815B)
[2026-03-29T03:57:45.547Z] GET http://localhost:3000/_next/static/chunks/node_modules_next_dist_115brz8._.js → 200 (154ms, 246103B)
[2026-03-29T03:57:45.547Z] GET http://localhost:3000/_next/static/chunks/node_modules_%40swc_helpers_cjs_0-4ujiy._.js → 200 (155ms, 1984B)
[2026-03-29T03:57:45.547Z] GET http://localhost:3000/_next/static/chunks/apps_web_0rqeker._.js → 200 (218ms, 756B)
[2026-03-29T03:57:45.547Z] GET http://localhost:3000/_next/static/chunks/turbopack-apps_web_0p44nws._.js → 200 (159ms, 91093B)
[2026-03-29T03:57:45.548Z] GET http://localhost:3000/_next/static/chunks/node_modules_next_dist_0tt2wve._.js → 200 (218ms, 208717B)
[2026-03-29T03:57:45.548Z] GET http://localhost:3000/_next/static/chunks/apps_web_app_layout_tsx_004glpo._.js → 200 (219ms, 312B)
[2026-03-29T03:57:45.549Z] GET http://localhost:3000/_next/static/chunks/node_modules_next_dist_client_components_builtin_global-error_0q9a4f8.js → 200 (292ms, 212B)
[2026-03-29T03:57:45.549Z] GET http://localhost:3000/_next/static/chunks/_03p8es7._.js → 200 (293ms, 184270B)
[2026-03-29T03:57:45.549Z] GET http://localhost:3000/_next/static/chunks/_0om3g16._.js → 200 (293ms, 19429B)
[2026-03-29T03:57:45.549Z] GET http://localhost:3000/_next/static/chunks/apps_web_app_dashboard_layout_tsx_0q9a4f8._.js → 200 (293ms, 271B)
[2026-03-29T03:57:45.549Z] GET http://localhost:3000/_next/static/chunks/apps_web_0q812xr._.js → 200 (298ms, 59977B)
[2026-03-29T03:57:45.549Z] GET http://localhost:3000/_next/static/chunks/apps_web_app_dashboard_page_tsx_00jkz0g._.js → 200 (298ms, 249B)
[2026-03-29T03:57:45.762Z] GET http://localhost:3000/_next/static/chunks/%5Bturbopack%5D_browser_dev_hmr-client_hmr-client_ts_0yjw1oe._.js → 200 (85ms, 15461B)
[2026-03-29T03:57:45.765Z] GET http://localhost:3000/_next/static/chunks/%5Bturbopack%5D_browser_dev_hmr-client_hmr-client_ts_10mygs7._.js → 200 (82ms, 289B)
[2026-03-29T03:57:45.900Z] GET http://localhost:3000/__nextjs_font/geist-latin.woff2 → 200 (7ms, ?B)
[2026-03-29T03:57:48.100Z] GET http://localhost:3000/editor/j7n3FJGqPX?_rsc=1989a → 200 (26ms, 12669B)
[2026-03-29T03:57:48.155Z] GET http://localhost:3000/_next/static/chunks/node_modules_%40aedifex_core_dist_index_0.~9c7t.js → 200 (23ms, 649B)
[2026-03-29T03:57:48.155Z] GET http://localhost:3000/_next/static/chunks/node_modules_next_0c4b-5d._.js → 200 (24ms, 244125B)
[2026-03-29T03:57:48.156Z] GET http://localhost:3000/_next/static/chunks/node_modules_%40aedifex_core_dist_0l7.f8x._.js → 200 (24ms, 360990B)
[2026-03-29T03:57:48.156Z] GET http://localhost:3000/_next/static/chunks/node_modules_zod_0~w4s--._.js → 200 (28ms, 938123B)
[2026-03-29T03:57:48.157Z] GET http://localhost:3000/_next/static/chunks/node_modules_three_build_three_core_0qefhn6.js → 200 (27ms, 1547563B)
[2026-03-29T03:57:48.157Z] GET http://localhost:3000/_next/static/chunks/node_modules_three_build_three_module_024z3_h.js → 200 (23ms, 811406B)
[2026-03-29T03:57:48.157Z] GET http://localhost:3000/_next/static/chunks/node_modules_three_build_three_webgpu_01.b56z.js → 200 (120ms, 2341348B)
[2026-03-29T03:57:48.157Z] GET http://localhost:3000/_next/static/chunks/node_modules_three_build_three_tsl_0p90gfk.js → 200 (27ms, 156313B)
[2026-03-29T03:57:48.157Z] GET http://localhost:3000/_next/static/chunks/node_modules_three_build_0ozlpf0._.js → 200 (63ms, 214832B)
[2026-03-29T03:57:48.157Z] GET http://localhost:3000/_next/static/chunks/node_modules_three_examples_jsm_0fklzb1._.js → 200 (63ms, 501621B)
[2026-03-29T03:57:48.157Z] GET http://localhost:3000/_next/static/chunks/node_modules_three_src_0d0mc0p._.js → 200 (62ms, 59762B)
[2026-03-29T03:57:48.157Z] GET http://localhost:3000/_next/static/chunks/node_modules_%40react-three_fiber_dist_01zc48v._.js → 200 (120ms, 815218B)
[2026-03-29T03:57:48.157Z] GET http://localhost:3000/_next/static/chunks/node_modules_three-bvh-csg_src_0jy.4pg._.js → 200 (87ms, 213373B)
[2026-03-29T03:57:48.157Z] GET http://localhost:3000/_next/static/chunks/node_modules_066wwa3._.js → 200 (133ms, 599543B)
[2026-03-29T03:57:48.158Z] GET http://localhost:3000/_next/static/chunks/node_modules_%40aedifex_viewer_dist_13-h0wg._.js → 200 (145ms, 386843B)
[2026-03-29T03:57:48.158Z] GET http://localhost:3000/_next/static/chunks/node_modules_three-stdlib_00s9d_7._.js → 200 (120ms, 208953B)
[2026-03-29T03:57:48.158Z] GET http://localhost:3000/_next/static/chunks/_04eee0.._.js → 200 (144ms, 155185B)
[2026-03-29T03:57:48.158Z] GET http://localhost:3000/_next/static/chunks/node_modules_motion-dom_dist_es_0yvtfr6._.js → 200 (145ms, 610676B)
[2026-03-29T03:57:48.158Z] GET http://localhost:3000/_next/static/chunks/node_modules_framer-motion_dist_es_0u-q4w1._.js → 200 (145ms, 249908B)
[2026-03-29T03:57:48.159Z] GET http://localhost:3000/_next/static/chunks/node_modules_tailwind-merge_dist_bundle-mjs_mjs_0ezz.e5._.js → 200 (192ms, 149216B)
[2026-03-29T03:57:48.159Z] GET http://localhost:3000/_next/static/chunks/node_modules_%40aedifex_editor_src_components_ui_primitives_0p4gol2._.js → 200 (192ms, 173797B)
[2026-03-29T03:57:48.159Z] GET http://localhost:3000/_next/static/chunks/node_modules_%40aedifex_editor_src_components_ui_panels_014ye9i._.js → 200 (192ms, 586762B)
[2026-03-29T03:57:48.159Z] GET http://localhost:3000/_next/static/chunks/node_modules_%40aedifex_editor_src_components_ui_command-palette_0n50txs._.js → 200 (192ms, 159290B)
[2026-03-29T03:57:48.159Z] GET http://localhost:3000/_next/static/chunks/node_modules_%40aedifex_editor_src_components_ui_sidebar_0v.kivs._.js → 200 (196ms, ?B)
[2026-03-29T03:57:48.159Z] GET http://localhost:3000/_next/static/chunks/node_modules_%40aedifex_editor_src_components_ui_0ryfiu4._.js → 200 (196ms, ?B)
[2026-03-29T03:57:48.159Z] GET http://localhost:3000/_next/static/chunks/node_modules_%40aedifex_editor_src_components_tools_00lymai._.js → 200 (196ms, ?B)
[2026-03-29T03:57:48.160Z] GET http://localhost:3000/_next/static/chunks/node_modules_%40aedifex_editor_src_components_ai_0-q1vn6._.js → 200 (196ms, ?B)
[2026-03-29T03:57:48.160Z] GET http://localhost:3000/_next/static/chunks/node_modules_%40aedifex_editor_src_components_editor_0sp5ica._.js → 200 (198ms, ?B)
[2026-03-29T03:57:48.160Z] GET http://localhost:3000/_next/static/chunks/node_modules_%40aedifex_editor_src_components_0zikryg._.js → 200 (198ms, ?B)
[2026-03-29T03:57:48.171Z] GET http://localhost:3000/_next/static/chunks/node_modules_%40aedifex_editor_src_0g8m9sq._.js → 200 (187ms, ?B)
[2026-03-29T03:57:48.171Z] GET http://localhost:3000/_next/static/chunks/node_modules_%40visual-json_react_dist_index_mjs_0yl8d61._.js → 200 (189ms, ?B)
[2026-03-29T03:57:48.171Z] GET http://localhost:3000/_next/static/chunks/node_modules_%40radix-ui_07jsofp._.js → 200 (190ms, ?B)
[2026-03-29T03:57:48.173Z] GET http://localhost:3000/_next/static/chunks/node_modules_%40floating-ui_04skdch._.js → 200 (188ms, ?B)
[2026-03-29T03:57:48.173Z] GET http://localhost:3000/_next/static/chunks/node_modules_0j8ofz3._.js → 200 (188ms, ?B)
[2026-03-29T03:57:48.173Z] GET http://localhost:3000/_next/static/chunks/apps_web_app_components_0ajl26h._.js → 200 (188ms, ?B)
[2026-03-29T03:57:48.173Z] GET http://localhost:3000/_next/static/chunks/apps_web_app_editor_%5BprojectId%5D_page_tsx_0q9a4f8._.js → 200 (188ms, ?B)
[2026-03-29T03:57:48.363Z] GET http://localhost:3000/audios/sfx/grid_snap.mp3 → pending (?ms, ?B)
[2026-03-29T03:57:48.364Z] GET http://localhost:3000/audios/sfx/item_delete.mp3 → pending (?ms, ?B)
[2026-03-29T03:57:48.364Z] GET http://localhost:3000/audios/sfx/item_pick.mp3 → pending (?ms, ?B)
[2026-03-29T03:57:48.364Z] GET http://localhost:3000/audios/sfx/item_place.mp3 → pending (?ms, ?B)
[2026-03-29T03:57:48.364Z] GET http://localhost:3000/audios/sfx/item_rotate.mp3 → pending (?ms, ?B)
[2026-03-29T03:57:48.364Z] GET http://localhost:3000/audios/sfx/structure_build.mp3 → pending (?ms, ?B)
[2026-03-29T03:57:48.365Z] GET http://localhost:3000/audios/sfx/structure_delete.mp3 → pending (?ms, ?B)
[2026-03-29T03:57:48.579Z] GET http://localhost:3000/icons/room.png → 404 (194ms, 3020B)
[2026-03-29T03:57:48.579Z] GET http://localhost:3000/icons/mesh.png → 404 (195ms, 3020B)
[2026-03-29T03:57:48.579Z] GET http://localhost:3000/icons/floorplan.png → 404 (207ms, 11839B)
[2026-03-29T03:57:48.579Z] GET http://localhost:3000/icons/blueprint.png → 404 (226ms, 11839B)
[2026-03-29T03:57:48.606Z] GET http://localhost:3000/icons/level.png → 404 (240ms, 7644B)
[2026-03-29T03:57:48.606Z] GET http://localhost:3000/icons/settings.png → 404 (605ms, 3020B)
[2026-03-29T03:57:48.740Z] GET http://localhost:3000/_next/static/chunks/node_modules_%40aedifex_core_dist_index_0.~9c7t.js → 200 (409ms, 649B)
[2026-03-29T03:57:48.741Z] GET http://localhost:3000/_next/static/chunks/node_modules_next_0c4b-5d._.js → 200 (411ms, 244125B)
[2026-03-29T03:57:48.741Z] GET http://localhost:3000/_next/static/chunks/node_modules_%40aedifex_core_dist_0l7.f8x._.js → 200 (447ms, 360990B)
[2026-03-29T03:57:48.742Z] GET http://localhost:3000/_next/static/chunks/node_modules_zod_0~w4s--._.js → 200 (447ms, 938123B)
[2026-03-29T03:57:48.742Z] GET http://localhost:3000/_next/static/chunks/node_modules_three_build_three_core_0qefhn6.js → 200 (544ms, 1547563B)
[2026-03-29T03:57:48.743Z] GET http://localhost:3000/_next/static/chunks/node_modules_three_build_three_module_024z3_h.js → 200 (542ms, 811406B)
[2026-03-29T03:57:48.743Z] GET http://localhost:3000/_next/static/chunks/node_modules_three_build_three_webgpu_01.b56z.js → 200 (544ms, 2341348B)
[2026-03-29T03:57:48.743Z] GET http://localhost:3000/_next/static/chunks/node_modules_three_build_three_tsl_0p90gfk.js → 200 (543ms, 156313B)
[2026-03-29T03:57:48.743Z] GET http://localhost:3000/_next/static/chunks/node_modules_three_build_0ozlpf0._.js → 200 (545ms, 214832B)
[2026-03-29T03:57:48.744Z] GET http://localhost:3000/_next/static/chunks/node_modules_three_examples_jsm_0fklzb1._.js → 200 (545ms, 501621B)
[2026-03-29T03:57:48.744Z] GET http://localhost:3000/_next/static/chunks/node_modules_three_src_0d0mc0p._.js → 200 (546ms, 59762B)
[2026-03-29T03:57:48.745Z] GET http://localhost:3000/_next/static/chunks/node_modules_%40react-three_fiber_dist_01zc48v._.js → 200 (549ms, 815218B)
[2026-03-29T03:57:48.745Z] GET http://localhost:3000/_next/static/chunks/node_modules_three-bvh-csg_src_0jy.4pg._.js → 200 (547ms, 213373B)
[2026-03-29T03:57:48.746Z] GET http://localhost:3000/_next/static/chunks/node_modules_066wwa3._.js → 200 (546ms, 599543B)
[2026-03-29T03:57:48.746Z] GET http://localhost:3000/_next/static/chunks/node_modules_%40aedifex_viewer_dist_13-h0wg._.js → 200 (549ms, 386843B)
[2026-03-29T03:57:48.747Z] GET http://localhost:3000/_next/static/chunks/node_modules_three-stdlib_00s9d_7._.js → 200 (546ms, 208953B)
[2026-03-29T03:57:48.747Z] GET http://localhost:3000/_next/static/chunks/_04eee0.._.js → 200 (547ms, 155185B)
[2026-03-29T03:57:48.747Z] GET http://localhost:3000/_next/static/chunks/node_modules_motion-dom_dist_es_0yvtfr6._.js → 200 (694ms, ?B)
[2026-03-29T03:57:48.748Z] GET http://localhost:3000/_next/static/chunks/node_modules_framer-motion_dist_es_0u-q4w1._.js → 200 (693ms, ?B)
[2026-03-29T03:57:48.748Z] GET http://localhost:3000/_next/static/chunks/node_modules_tailwind-merge_dist_bundle-mjs_mjs_0ezz.e5._.js → 200 (693ms, ?B)
[2026-03-29T03:57:48.748Z] GET http://localhost:3000/_next/static/chunks/node_modules_%40aedifex_editor_src_components_ui_primitives_0p4gol2._.js → 200 (693ms, ?B)
[2026-03-29T03:57:48.748Z] GET http://localhost:3000/_next/static/chunks/node_modules_%40aedifex_editor_src_components_ui_panels_014ye9i._.js → 200 (694ms, ?B)
[2026-03-29T03:57:48.749Z] GET http://localhost:3000/_next/static/chunks/node_modules_%40aedifex_editor_src_components_ui_command-palette_0n50txs._.js → 200 (693ms, ?B)
[2026-03-29T03:57:48.749Z] GET http://localhost:3000/_next/static/chunks/node_modules_%40aedifex_editor_src_components_ui_sidebar_0v.kivs._.js → 200 (696ms, ?B)
[2026-03-29T03:57:48.750Z] GET http://localhost:3000/_next/static/chunks/node_modules_%40aedifex_editor_src_components_ui_0ryfiu4._.js → 200 (695ms, ?B)
[2026-03-29T03:57:48.750Z] GET http://localhost:3000/_next/static/chunks/node_modules_%40aedifex_editor_src_components_tools_00lymai._.js → 200 (695ms, ?B)
[2026-03-29T03:57:48.750Z] GET http://localhost:3000/_next/static/chunks/node_modules_%40aedifex_editor_src_components_ai_0-q1vn6._.js → 200 (695ms, ?B)
[2026-03-29T03:57:48.750Z] GET http://localhost:3000/_next/static/chunks/node_modules_%40aedifex_editor_src_components_editor_0sp5ica._.js → 200 (695ms, ?B)
[2026-03-29T03:57:48.750Z] GET http://localhost:3000/_next/static/chunks/node_modules_%40aedifex_editor_src_components_0zikryg._.js → 200 (695ms, ?B)
[2026-03-29T03:57:48.751Z] GET http://localhost:3000/_next/static/chunks/node_modules_%40aedifex_editor_src_0g8m9sq._.js → 200 (694ms, ?B)
[2026-03-29T03:57:48.751Z] GET http://localhost:3000/_next/static/chunks/node_modules_%40visual-json_react_dist_index_mjs_0yl8d61._.js → 200 (694ms, ?B)
[2026-03-29T03:57:48.752Z] GET http://localhost:3000/_next/static/chunks/node_modules_%40radix-ui_07jsofp._.js → 200 (694ms, ?B)
[2026-03-29T03:57:48.752Z] GET http://localhost:3000/_next/static/chunks/node_modules_%40floating-ui_04skdch._.js → 200 (694ms, ?B)
[2026-03-29T03:57:48.752Z] GET http://localhost:3000/_next/static/chunks/node_modules_0j8ofz3._.js → 200 (694ms, ?B)
[2026-03-29T03:57:48.752Z] GET http://localhost:3000/_next/static/chunks/apps_web_app_components_0ajl26h._.js → 200 (694ms, ?B)
[2026-03-29T03:57:48.752Z] GET http://localhost:3000/_next/static/chunks/apps_web_app_editor_%5BprojectId%5D_page_tsx_0q9a4f8._.js → 200 (695ms, ?B)
[2026-03-29T03:57:48.752Z] GET http://localhost:3000/api/projects/j7n3FJGqPX → 200 (678ms, ?B)
[2026-03-29T03:57:48.752Z] GET http://localhost:3000/api/projects/j7n3FJGqPX → 200 (272ms, 243B)
[2026-03-29T03:57:48.752Z] GET http://localhost:3000/_next/image?url=%2Ficons%2Fwall.png&w=32&q=75 → 400 (283ms, 43B)
[2026-03-29T03:57:48.752Z] GET http://localhost:3000/_next/image?url=%2Ficons%2Ffloor.png&w=32&q=75 → 400 (295ms, 43B)
[2026-03-29T03:57:48.753Z] GET http://localhost:3000/_next/image?url=%2Ficons%2Fceiling.png&w=32&q=75 → 400 (384ms, 43B)
[2026-03-29T03:57:48.753Z] GET http://localhost:3000/_next/image?url=%2Ficons%2Froof.png&w=32&q=75 → 400 (375ms, 43B)
[2026-03-29T03:57:48.753Z] GET http://localhost:3000/_next/image?url=%2Ficons%2Fdoor.png&w=32&q=75 → 400 (251ms, 43B)
[2026-03-29T03:57:48.753Z] GET http://localhost:3000/_next/image?url=%2Ficons%2Fwindow.png&w=32&q=75 → 400 (275ms, 43B)
[2026-03-29T03:57:48.753Z] GET http://localhost:3000/_next/image?url=%2Ficons%2Fselect.png&w=32&q=75 → 400 (391ms, 43B)
[2026-03-29T03:57:48.753Z] GET http://localhost:3000/_next/image?url=%2Ficons%2Fbuild.png&w=32&q=75 → 400 (379ms, 43B)
[2026-03-29T03:57:48.753Z] GET http://localhost:3000/_next/image?url=%2Ficons%2Frotate.png&w=32&q=75 → 400 (140ms, 43B)
[2026-03-29T03:57:48.753Z] GET http://localhost:3000/_next/image?url=%2Ficons%2Ftopview.png&w=32&q=75 → 400 (281ms, 43B)
[2026-03-29T03:57:48.754Z] GET https://api.iconify.design/icon-park-outline.json?icons=perspective → 200 (?ms, 399B)
[2026-03-29T03:57:48.754Z] GET https://api.iconify.design/charm.json?icons=stack-push → 200 (4ms, 347B)
[2026-03-29T03:57:48.754Z] GET https://api.iconify.design/ph.json?icons=mouse-left-click-fill → 200 (95ms, 391B)
[2026-03-29T03:57:48.805Z] GET http://localhost:3000/icons/wall.png → 404 (326ms, 3020B)
[2026-03-29T03:57:48.852Z] POST http://localhost:3000/__nextjs_original-stack-frames → 200 (208ms, 676B)
[2026-03-29T03:57:49.475Z] GET http://localhost:3000/icons/site.png → 404 (132ms, 3020B)
[2026-03-29T03:57:49.475Z] GET http://localhost:3000/icons/building.png → 404 (134ms, 3020B)
[2026-03-29T03:57:49.475Z] GET http://localhost:3000/icons/level.png → 404 (135ms, 3020B)
[2026-03-29T03:57:49.475Z] GET http://localhost:3000/icons/room.png → 404 (137ms, 3020B)
[2026-03-29T03:57:49.475Z] GET http://localhost:3000/icons/couch.png → 404 (137ms, 3020B)
[2026-03-29T03:57:49.475Z] GET http://localhost:3000/icons/kitchen.png → 404 (140ms, 3020B)
[2026-03-29T03:57:49.587Z] GET https://api.iconify.design/lucide.json?icons=space%2Cx → 200 (?ms, 433B)
[2026-03-29T03:57:49.587Z] GET https://api.iconify.design/ph.json?icons=mouse-right-click-fill → 200 (81ms, 391B)
[2026-03-29T03:57:49.587Z] GET https://api.iconify.design/qlementine-icons.json?icons=mouse-middle-button-16 → 200 (?ms, 1094B)
[2026-03-29T03:58:14.950Z] GET http://localhost:3000/dashboard → 200 (61ms, 16599B)
[2026-03-29T03:58:15.017Z] GET http://localhost:3000/_next/static/chunks/apps_web_app_globals_0xyo3ls.css → 304 (1ms, ?B)
[2026-03-29T03:58:15.017Z] GET http://localhost:3000/_next/static/chunks/%5Bturbopack%5D_browser_dev_hmr-client_hmr-client_ts_10z625~._.js → 200 (4ms, 675B)
[2026-03-29T03:58:15.017Z] GET http://localhost:3000/_next/static/chunks/node_modules_next_dist_compiled_next-devtools_index_0553esy.js → 200 (20ms, 746592B)
[2026-03-29T03:58:15.017Z] GET http://localhost:3000/_next/static/chunks/node_modules_next_dist_compiled_react-dom_058-ah~._.js → 200 (19ms, 1057980B)
[2026-03-29T03:58:15.017Z] GET http://localhost:3000/_next/static/chunks/node_modules_next_dist_compiled_react-server-dom-turbopack_0p3wegg._.js → 200 (19ms, 174634B)
[2026-03-29T03:58:15.017Z] GET http://localhost:3000/_next/static/chunks/node_modules_next_dist_compiled_0rpq4pf._.js → 200 (13ms, 144344B)
[2026-03-29T03:58:15.017Z] GET http://localhost:3000/_next/static/chunks/node_modules_next_dist_client_0fhqo1d._.js → 200 (36ms, 742815B)
[2026-03-29T03:58:15.017Z] GET http://localhost:3000/_next/static/chunks/node_modules_next_dist_115brz8._.js → 200 (19ms, 246103B)
[2026-03-29T03:58:15.017Z] GET http://localhost:3000/_next/static/chunks/node_modules_%40swc_helpers_cjs_0-4ujiy._.js → 200 (30ms, 1984B)
[2026-03-29T03:58:15.017Z] GET http://localhost:3000/_next/static/chunks/apps_web_0rqeker._.js → 200 (20ms, 756B)
[2026-03-29T03:58:15.017Z] GET http://localhost:3000/_next/static/chunks/turbopack-apps_web_0p44nws._.js → 200 (51ms, 91093B)
[2026-03-29T03:58:15.017Z] GET http://localhost:3000/_next/static/chunks/node_modules_next_dist_0tt2wve._.js → 200 (51ms, 208717B)
[2026-03-29T03:58:15.017Z] GET http://localhost:3000/_next/static/chunks/apps_web_app_layout_tsx_004glpo._.js → 200 (51ms, 312B)
[2026-03-29T03:58:15.017Z] GET http://localhost:3000/_next/static/chunks/node_modules_next_dist_client_components_builtin_global-error_0q9a4f8.js → 200 (51ms, 212B)
[2026-03-29T03:58:15.017Z] GET http://localhost:3000/_next/static/chunks/_03p8es7._.js → 200 (52ms, 184270B)
[2026-03-29T03:58:15.017Z] GET http://localhost:3000/_next/static/chunks/_0om3g16._.js → 200 (52ms, 19429B)
[2026-03-29T03:58:15.017Z] GET http://localhost:3000/_next/static/chunks/apps_web_app_dashboard_layout_tsx_0q9a4f8._.js → 200 (52ms, 271B)
[2026-03-29T03:58:15.017Z] GET http://localhost:3000/_next/static/chunks/apps_web_0q812xr._.js → 200 (52ms, 59977B)
[2026-03-29T03:58:15.017Z] GET http://localhost:3000/_next/static/chunks/apps_web_app_dashboard_page_tsx_00jkz0g._.js → 200 (52ms, 249B)
[2026-03-29T03:58:15.093Z] GET http://localhost:3000/_next/static/chunks/%5Bturbopack%5D_browser_dev_hmr-client_hmr-client_ts_0yjw1oe._.js → 200 (15ms, 15461B)
[2026-03-29T03:58:15.093Z] GET http://localhost:3000/_next/static/chunks/%5Bturbopack%5D_browser_dev_hmr-client_hmr-client_ts_10mygs7._.js → 200 (15ms, 289B)
[2026-03-29T03:58:15.112Z] GET http://localhost:3000/__nextjs_font/geist-latin.woff2 → 200 (?ms, ?B)
[2026-03-29T04:01:02.299Z] PUT http://localhost:3000/api/projects/j7n3FJGqPX → 200 (75ms, 246B)
[2026-03-29T04:01:59.745Z] GET http://localhost:3000/editor/j7n3FJGqPX?share=1&_rsc=1989a → 200 (71ms, 12695B)
[2026-03-29T04:01:59.872Z] GET http://localhost:3000/_next/static/chunks/node_modules_%40aedifex_core_dist_index_0.~9c7t.js → 200 (24ms, 649B)
[2026-03-29T04:01:59.872Z] GET http://localhost:3000/_next/static/chunks/node_modules_next_0c4b-5d._.js → 200 (24ms, 244125B)
[2026-03-29T04:01:59.872Z] GET http://localhost:3000/_next/static/chunks/node_modules_%40aedifex_core_dist_0l7.f8x._.js → 200 (33ms, 360990B)
[2026-03-29T04:01:59.872Z] GET http://localhost:3000/_next/static/chunks/node_modules_zod_0~w4s--._.js → 200 (41ms, 938123B)
[2026-03-29T04:01:59.872Z] GET http://localhost:3000/_next/static/chunks/node_modules_three_build_three_core_0qefhn6.js → 200 (57ms, 1547563B)
[2026-03-29T04:01:59.873Z] GET http://localhost:3000/_next/static/chunks/node_modules_three_build_three_module_024z3_h.js → 200 (49ms, 811406B)
[2026-03-29T04:01:59.873Z] GET http://localhost:3000/_next/static/chunks/node_modules_three_build_three_webgpu_01.b56z.js → 200 (108ms, 2341348B)
[2026-03-29T04:01:59.873Z] GET http://localhost:3000/_next/static/chunks/node_modules_three_build_three_tsl_0p90gfk.js → 200 (34ms, 156313B)
[2026-03-29T04:01:59.873Z] GET http://localhost:3000/_next/static/chunks/node_modules_three_build_0ozlpf0._.js → 200 (47ms, 214832B)
[2026-03-29T04:01:59.873Z] GET http://localhost:3000/_next/static/chunks/node_modules_three_examples_jsm_0fklzb1._.js → 200 (47ms, 501621B)
[2026-03-29T04:01:59.873Z] GET http://localhost:3000/_next/static/chunks/node_modules_three_src_0d0mc0p._.js → 200 (40ms, 59762B)
[2026-03-29T04:01:59.873Z] GET http://localhost:3000/_next/static/chunks/node_modules_%40react-three_fiber_dist_01zc48v._.js → 200 (108ms, 815218B)
[2026-03-29T04:01:59.874Z] GET http://localhost:3000/_next/static/chunks/node_modules_three-bvh-csg_src_0jy.4pg._.js → 200 (65ms, 213373B)
[2026-03-29T04:01:59.874Z] GET http://localhost:3000/_next/static/chunks/node_modules_066wwa3._.js → 200 (65ms, 599543B)
[2026-03-29T04:01:59.877Z] GET http://localhost:3000/_next/static/chunks/node_modules_%40aedifex_viewer_dist_13-h0wg._.js → 200 (79ms, 386843B)
[2026-03-29T04:01:59.877Z] GET http://localhost:3000/_next/static/chunks/node_modules_three-stdlib_00s9d_7._.js → 200 (61ms, 208953B)
[2026-03-29T04:01:59.877Z] GET http://localhost:3000/_next/static/chunks/_04eee0.._.js → 200 (62ms, 155185B)
[2026-03-29T04:01:59.877Z] GET http://localhost:3000/_next/static/chunks/node_modules_motion-dom_dist_es_0yvtfr6._.js → 200 (116ms, 610676B)
[2026-03-29T04:01:59.877Z] GET http://localhost:3000/_next/static/chunks/node_modules_framer-motion_dist_es_0u-q4w1._.js → 200 (104ms, 249908B)
[2026-03-29T04:01:59.877Z] GET http://localhost:3000/_next/static/chunks/node_modules_tailwind-merge_dist_bundle-mjs_mjs_0ezz.e5._.js → 200 (116ms, 149216B)
[2026-03-29T04:01:59.877Z] GET http://localhost:3000/_next/static/chunks/node_modules_%40aedifex_editor_src_components_ui_primitives_0p4gol2._.js → 200 (136ms, 173797B)
[2026-03-29T04:01:59.877Z] GET http://localhost:3000/_next/static/chunks/node_modules_%40aedifex_editor_src_components_ui_panels_014ye9i._.js → 200 (138ms, 586762B)
[2026-03-29T04:01:59.878Z] GET http://localhost:3000/_next/static/chunks/node_modules_%40aedifex_editor_src_components_ui_command-palette_0n50txs._.js → 200 (136ms, 159290B)
[2026-03-29T04:01:59.878Z] GET http://localhost:3000/_next/static/chunks/node_modules_%40aedifex_editor_src_components_ui_sidebar_0v.kivs._.js → 200 (136ms, 620935B)
[2026-03-29T04:01:59.878Z] GET http://localhost:3000/_next/static/chunks/node_modules_%40aedifex_editor_src_components_ui_0ryfiu4._.js → 200 (136ms, 327971B)
[2026-03-29T04:01:59.878Z] GET http://localhost:3000/_next/static/chunks/node_modules_%40aedifex_editor_src_components_tools_00lymai._.js → 200 (141ms, 577628B)
[2026-03-29T04:01:59.878Z] GET http://localhost:3000/_next/static/chunks/node_modules_%40aedifex_editor_src_components_ai_0-q1vn6._.js → 200 (142ms, 305177B)
[2026-03-29T04:01:59.878Z] GET http://localhost:3000/_next/static/chunks/node_modules_%40aedifex_editor_src_components_editor_0sp5ica._.js → 200 (143ms, 762833B)
[2026-03-29T04:01:59.878Z] GET http://localhost:3000/_next/static/chunks/node_modules_%40aedifex_editor_src_components_0zikryg._.js → 200 (142ms, 130186B)
[2026-03-29T04:01:59.886Z] GET http://localhost:3000/_next/static/chunks/node_modules_%40aedifex_editor_src_0g8m9sq._.js → 200 (135ms, 119753B)
[2026-03-29T04:01:59.886Z] GET http://localhost:3000/_next/static/chunks/node_modules_%40visual-json_react_dist_index_mjs_0yl8d61._.js → 200 (135ms, 186029B)
[2026-03-29T04:01:59.886Z] GET http://localhost:3000/_next/static/chunks/node_modules_%40radix-ui_07jsofp._.js → 200 (138ms, 438291B)
[2026-03-29T04:01:59.887Z] GET http://localhost:3000/_next/static/chunks/node_modules_%40floating-ui_04skdch._.js → 200 (137ms, 140817B)
[2026-03-29T04:01:59.887Z] GET http://localhost:3000/_next/static/chunks/node_modules_0j8ofz3._.js → 200 (137ms, 807732B)
[2026-03-29T04:01:59.887Z] GET http://localhost:3000/_next/static/chunks/apps_web_app_components_0ajl26h._.js → 200 (137ms, 44796B)
[2026-03-29T04:01:59.887Z] GET http://localhost:3000/_next/static/chunks/apps_web_app_editor_%5BprojectId%5D_page_tsx_0q9a4f8._.js → 200 (137ms, 2440B)
[2026-03-29T04:02:00.243Z] GET http://localhost:3000/audios/sfx/grid_snap.mp3 → 404 (333ms, 12374B)
[2026-03-29T04:02:00.244Z] GET http://localhost:3000/audios/sfx/item_delete.mp3 → 404 (333ms, 12376B)
[2026-03-29T04:02:00.244Z] GET http://localhost:3000/audios/sfx/item_pick.mp3 → 404 (333ms, 12374B)
[2026-03-29T04:02:00.244Z] GET http://localhost:3000/audios/sfx/item_place.mp3 → 404 (333ms, 12375B)
[2026-03-29T04:02:00.244Z] GET http://localhost:3000/audios/sfx/item_rotate.mp3 → 404 (333ms, 12376B)
[2026-03-29T04:02:00.244Z] GET http://localhost:3000/audios/sfx/structure_build.mp3 → 404 (333ms, 12380B)
[2026-03-29T04:02:00.244Z] GET http://localhost:3000/audios/sfx/structure_delete.mp3 → 404 (426ms, ?B)
[2026-03-29T04:02:00.385Z] GET http://localhost:3000/icons/room.png → 404 (277ms, 3020B)
[2026-03-29T04:02:00.385Z] GET http://localhost:3000/icons/mesh.png → 404 (277ms, 3020B)
[2026-03-29T04:02:00.391Z] GET http://localhost:3000/icons/floorplan.png → 404 (283ms, 3020B)
[2026-03-29T04:02:00.391Z] GET http://localhost:3000/icons/blueprint.png → 404 (283ms, 3020B)
[2026-03-29T04:02:00.402Z] GET http://localhost:3000/icons/level.png → pending (?ms, ?B)
[2026-03-29T04:02:00.402Z] GET http://localhost:3000/icons/settings.png → pending (?ms, ?B)
[2026-03-29T04:02:00.554Z] GET http://localhost:3000/_next/static/chunks/node_modules_%40aedifex_core_dist_index_0.~9c7t.js → pending (?ms, ?B)
[2026-03-29T04:02:00.555Z] GET http://localhost:3000/_next/static/chunks/node_modules_next_0c4b-5d._.js → pending (?ms, ?B)
[2026-03-29T04:02:00.556Z] GET http://localhost:3000/_next/static/chunks/node_modules_%40aedifex_core_dist_0l7.f8x._.js → pending (?ms, ?B)
[2026-03-29T04:02:00.556Z] GET http://localhost:3000/_next/static/chunks/node_modules_zod_0~w4s--._.js → pending (?ms, ?B)
[2026-03-29T04:02:00.556Z] GET http://localhost:3000/_next/static/chunks/node_modules_three_build_three_core_0qefhn6.js → pending (?ms, ?B)
[2026-03-29T04:02:00.556Z] GET http://localhost:3000/_next/static/chunks/node_modules_three_build_three_module_024z3_h.js → pending (?ms, ?B)
[2026-03-29T04:02:00.557Z] GET http://localhost:3000/_next/static/chunks/node_modules_three_build_three_webgpu_01.b56z.js → pending (?ms, ?B)
[2026-03-29T04:02:00.557Z] GET http://localhost:3000/_next/static/chunks/node_modules_three_build_three_tsl_0p90gfk.js → pending (?ms, ?B)
[2026-03-29T04:02:00.557Z] GET http://localhost:3000/_next/static/chunks/node_modules_three_build_0ozlpf0._.js → pending (?ms, ?B)
[2026-03-29T04:02:00.558Z] GET http://localhost:3000/_next/static/chunks/node_modules_three_examples_jsm_0fklzb1._.js → pending (?ms, ?B)
[2026-03-29T04:02:00.559Z] GET http://localhost:3000/_next/static/chunks/node_modules_three_src_0d0mc0p._.js → pending (?ms, ?B)
[2026-03-29T04:02:00.559Z] GET http://localhost:3000/_next/static/chunks/node_modules_%40react-three_fiber_dist_01zc48v._.js → pending (?ms, ?B)
[2026-03-29T04:02:00.560Z] GET http://localhost:3000/_next/static/chunks/node_modules_three-bvh-csg_src_0jy.4pg._.js → pending (?ms, ?B)
[2026-03-29T04:02:00.560Z] GET http://localhost:3000/_next/static/chunks/node_modules_066wwa3._.js → pending (?ms, ?B)
[2026-03-29T04:02:00.560Z] GET http://localhost:3000/_next/static/chunks/node_modules_%40aedifex_viewer_dist_13-h0wg._.js → pending (?ms, ?B)
[2026-03-29T04:02:00.561Z] GET http://localhost:3000/_next/static/chunks/node_modules_three-stdlib_00s9d_7._.js → pending (?ms, ?B)
[2026-03-29T04:02:00.565Z] GET http://localhost:3000/_next/static/chunks/_04eee0.._.js → pending (?ms, ?B)
[2026-03-29T04:02:00.566Z] GET http://localhost:3000/_next/static/chunks/node_modules_motion-dom_dist_es_0yvtfr6._.js → pending (?ms, ?B)
[2026-03-29T04:02:00.566Z] GET http://localhost:3000/_next/static/chunks/node_modules_framer-motion_dist_es_0u-q4w1._.js → pending (?ms, ?B)
[2026-03-29T04:02:00.567Z] GET http://localhost:3000/_next/static/chunks/node_modules_tailwind-merge_dist_bundle-mjs_mjs_0ezz.e5._.js → pending (?ms, ?B)
[2026-03-29T04:02:00.567Z] GET http://localhost:3000/_next/static/chunks/node_modules_%40aedifex_editor_src_components_ui_primitives_0p4gol2._.js → pending (?ms, ?B)
[2026-03-29T04:02:00.568Z] GET http://localhost:3000/_next/static/chunks/node_modules_%40aedifex_editor_src_components_ui_panels_014ye9i._.js → pending (?ms, ?B)
[2026-03-29T04:02:00.569Z] GET http://localhost:3000/_next/static/chunks/node_modules_%40aedifex_editor_src_components_ui_command-palette_0n50txs._.js → pending (?ms, ?B)
[2026-03-29T04:02:00.570Z] GET http://localhost:3000/_next/static/chunks/node_modules_%40aedifex_editor_src_components_ui_sidebar_0v.kivs._.js → pending (?ms, ?B)
[2026-03-29T04:02:00.573Z] GET http://localhost:3000/_next/static/chunks/node_modules_%40aedifex_editor_src_components_ui_0ryfiu4._.js → pending (?ms, ?B)
[2026-03-29T04:02:00.573Z] GET http://localhost:3000/_next/static/chunks/node_modules_%40aedifex_editor_src_components_tools_00lymai._.js → pending (?ms, ?B)
[2026-03-29T04:02:00.573Z] GET http://localhost:3000/_next/static/chunks/node_modules_%40aedifex_editor_src_components_ai_0-q1vn6._.js → pending (?ms, ?B)
[2026-03-29T04:02:00.574Z] GET http://localhost:3000/_next/static/chunks/node_modules_%40aedifex_editor_src_components_editor_0sp5ica._.js → pending (?ms, ?B)
[2026-03-29T04:02:00.574Z] GET http://localhost:3000/_next/static/chunks/node_modules_%40aedifex_editor_src_components_0zikryg._.js → pending (?ms, ?B)
[2026-03-29T04:02:00.574Z] GET http://localhost:3000/_next/static/chunks/node_modules_%40aedifex_editor_src_0g8m9sq._.js → pending (?ms, ?B)
[2026-03-29T04:02:00.574Z] GET http://localhost:3000/_next/static/chunks/node_modules_%40visual-json_react_dist_index_mjs_0yl8d61._.js → pending (?ms, ?B)
[2026-03-29T04:02:00.574Z] GET http://localhost:3000/_next/static/chunks/node_modules_%40radix-ui_07jsofp._.js → pending (?ms, ?B)
[2026-03-29T04:02:00.575Z] GET http://localhost:3000/_next/static/chunks/node_modules_%40floating-ui_04skdch._.js → pending (?ms, ?B)
[2026-03-29T04:02:00.575Z] GET http://localhost:3000/_next/static/chunks/node_modules_0j8ofz3._.js → pending (?ms, ?B)
[2026-03-29T04:02:00.575Z] GET http://localhost:3000/_next/static/chunks/apps_web_app_components_0ajl26h._.js → pending (?ms, ?B)
[2026-03-29T04:02:00.575Z] GET http://localhost:3000/_next/static/chunks/apps_web_app_editor_%5BprojectId%5D_page_tsx_0q9a4f8._.js → pending (?ms, ?B)
[2026-03-29T04:02:00.576Z] GET http://localhost:3000/api/projects/j7n3FJGqPX → pending (?ms, ?B)
[2026-03-29T04:02:00.576Z] GET http://localhost:3000/api/projects/j7n3FJGqPX → pending (?ms, ?B)
[2026-03-29T04:02:00.576Z] GET http://localhost:3000/_next/image?url=%2Ficons%2Fwall.png&w=32&q=75 → pending (?ms, ?B)
[2026-03-29T04:02:00.576Z] GET http://localhost:3000/_next/image?url=%2Ficons%2Ffloor.png&w=32&q=75 → pending (?ms, ?B)
[2026-03-29T04:02:00.576Z] GET http://localhost:3000/_next/image?url=%2Ficons%2Fceiling.png&w=32&q=75 → pending (?ms, ?B)
[2026-03-29T04:02:00.576Z] GET http://localhost:3000/_next/image?url=%2Ficons%2Froof.png&w=32&q=75 → pending (?ms, ?B)
[2026-03-29T04:02:00.576Z] GET http://localhost:3000/_next/image?url=%2Ficons%2Fdoor.png&w=32&q=75 → pending (?ms, ?B)
[2026-03-29T04:02:00.576Z] GET http://localhost:3000/_next/image?url=%2Ficons%2Fwindow.png&w=32&q=75 → pending (?ms, ?B)
[2026-03-29T04:02:00.576Z] GET http://localhost:3000/_next/image?url=%2Ficons%2Fselect.png&w=32&q=75 → pending (?ms, ?B)
[2026-03-29T04:02:00.576Z] GET http://localhost:3000/_next/image?url=%2Ficons%2Fbuild.png&w=32&q=75 → pending (?ms, ?B)
[2026-03-29T04:02:00.576Z] GET http://localhost:3000/_next/image?url=%2Ficons%2Frotate.png&w=32&q=75 → pending (?ms, ?B)
[2026-03-29T04:02:00.576Z] GET http://localhost:3000/_next/image?url=%2Ficons%2Ftopview.png&w=32&q=75 → pending (?ms, ?B)
[2026-03-29T04:02:00.578Z] GET https://api.iconify.design/icon-park-outline.json?icons=perspective → 200 (?ms, 399B)
[2026-03-29T04:02:00.578Z] GET https://api.iconify.design/charm.json?icons=stack-push → 200 (?ms, 347B)
[2026-03-29T04:02:00.578Z] GET https://api.iconify.design/ph.json?icons=mouse-left-click-fill → 200 (?ms, 391B)
[2026-03-29T04:02:00.622Z] GET http://localhost:3000/icons/wall.png → pending (?ms, ?B)
[2026-03-29T04:02:00.681Z] POST http://localhost:3000/__nextjs_original-stack-frames → pending (?ms, ?B)
[2026-03-29T04:02:01.159Z] GET http://localhost:3000/icons/site.png → 404 (115ms, 3020B)
[2026-03-29T04:02:01.159Z] GET http://localhost:3000/icons/building.png → 404 (116ms, 3020B)
[2026-03-29T04:02:01.159Z] GET http://localhost:3000/icons/level.png → 404 (116ms, 3020B)
[2026-03-29T04:02:01.159Z] GET http://localhost:3000/icons/room.png → 404 (117ms, 3020B)
[2026-03-29T04:02:01.159Z] GET http://localhost:3000/icons/couch.png → 404 (117ms, 3020B)
[2026-03-29T04:02:01.159Z] GET http://localhost:3000/icons/kitchen.png → 404 (118ms, 3020B)
[2026-03-29T04:02:01.171Z] GET https://api.iconify.design/lucide.json?icons=space%2Cx → 200 (3ms, 433B)
[2026-03-29T04:02:01.172Z] GET https://api.iconify.design/ph.json?icons=mouse-right-click-fill → 200 (2ms, 391B)
[2026-03-29T04:02:01.172Z] GET https://api.iconify.design/qlementine-icons.json?icons=mouse-middle-button-16 → 200 (2ms, 1094B)
[2026-03-29T04:02:53.033Z] GET http://localhost:3000/api/projects/j7n3FJGqPX → 200 (382ms, 246B)
[2026-03-29T04:02:53.041Z] GET http://localhost:3000/editor/j7n3FJGqPX?_rsc=1ltaq → 200 (20ms, 64B)
[2026-03-29T04:02:53.041Z] GET http://localhost:3000/icons/room.png → 404 (325ms, 3020B)
[2026-03-29T04:02:53.041Z] GET http://localhost:3000/icons/mesh.png → 404 (326ms, 3020B)
[2026-03-29T04:02:53.041Z] GET http://localhost:3000/icons/floorplan.png → 404 (333ms, 3020B)
[2026-03-29T04:02:53.042Z] GET http://localhost:3000/icons/blueprint.png → 404 (327ms, 3020B)
[2026-03-29T04:02:53.042Z] GET http://localhost:3000/icons/level.png → 404 (354ms, 3020B)
[2026-03-29T04:02:53.042Z] GET http://localhost:3000/icons/settings.png → pending (?ms, ?B)
[2026-03-29T04:02:53.042Z] GET http://localhost:3000/icons/site.png → pending (?ms, ?B)
[2026-03-29T04:02:53.042Z] GET http://localhost:3000/icons/building.png → pending (?ms, ?B)
[2026-03-29T04:02:53.042Z] GET http://localhost:3000/icons/couch.png → pending (?ms, ?B)
[2026-03-29T04:02:53.042Z] GET http://localhost:3000/icons/kitchen.png → pending (?ms, ?B)
[2026-03-29T04:02:53.043Z] GET http://localhost:3000/_next/image?url=%2Ficons%2Fwall.png&w=32&q=75 → pending (?ms, ?B)
[2026-03-29T04:02:53.043Z] GET http://localhost:3000/_next/image?url=%2Ficons%2Ffloor.png&w=32&q=75 → 400 (653ms, 43B)
[2026-03-29T04:02:53.043Z] GET http://localhost:3000/_next/image?url=%2Ficons%2Fceiling.png&w=32&q=75 → pending (?ms, ?B)
[2026-03-29T04:02:53.043Z] GET http://localhost:3000/_next/image?url=%2Ficons%2Froof.png&w=32&q=75 → 400 (681ms, 43B)
[2026-03-29T04:02:53.043Z] GET http://localhost:3000/_next/image?url=%2Ficons%2Fdoor.png&w=32&q=75 → pending (?ms, ?B)
[2026-03-29T04:02:53.043Z] GET http://localhost:3000/_next/image?url=%2Ficons%2Fwindow.png&w=32&q=75 → 400 (590ms, 43B)
[2026-03-29T04:02:53.043Z] GET http://localhost:3000/_next/image?url=%2Ficons%2Fselect.png&w=32&q=75 → 400 (652ms, 43B)
[2026-03-29T04:02:53.043Z] GET http://localhost:3000/_next/image?url=%2Ficons%2Fbuild.png&w=32&q=75 → pending (?ms, ?B)
[2026-03-29T04:02:53.057Z] GET http://localhost:3000/_next/image?url=%2Ficons%2Frotate.png&w=32&q=75 → 400 (664ms, 43B)
[2026-03-29T04:02:53.057Z] GET http://localhost:3000/_next/image?url=%2Ficons%2Ftopview.png&w=32&q=75 → pending (?ms, ?B)
[2026-03-29T04:02:53.071Z] GET http://localhost:3000/editor/j7n3FJGqPX?_rsc=1v02f → 200 (493ms, ?B)
[2026-03-29T04:02:53.151Z] GET http://localhost:3000/icons/wall.png → pending (?ms, ?B)
[2026-03-29T04:02:53.153Z] POST http://localhost:3000/__nextjs_original-stack-frames → pending (?ms, ?B)
[2026-03-29T04:02:53.441Z] GET http://localhost:3000/icons/level.png → pending (?ms, ?B)
[2026-03-29T04:02:53.441Z] GET http://localhost:3000/icons/room.png → pending (?ms, ?B)
[2026-03-29T04:03:55.148Z] GET http://localhost:3000/dashboard → 200 (81ms, 16608B)
[2026-03-29T04:03:55.245Z] GET http://localhost:3000/_next/static/chunks/apps_web_app_globals_0xyo3ls.css → 304 (2ms, ?B)
[2026-03-29T04:03:55.245Z] GET http://localhost:3000/_next/static/chunks/%5Bturbopack%5D_browser_dev_hmr-client_hmr-client_ts_10z625~._.js → 200 (3ms, 675B)
[2026-03-29T04:03:55.245Z] GET http://localhost:3000/_next/static/chunks/node_modules_next_dist_compiled_next-devtools_index_0553esy.js → 200 (40ms, 746592B)
[2026-03-29T04:03:55.245Z] GET http://localhost:3000/_next/static/chunks/node_modules_next_dist_compiled_react-dom_058-ah~._.js → 200 (41ms, 1057980B)
[2026-03-29T04:03:55.245Z] GET http://localhost:3000/_next/static/chunks/node_modules_next_dist_compiled_react-server-dom-turbopack_0p3wegg._.js → 200 (33ms, 174634B)
[2026-03-29T04:03:55.245Z] GET http://localhost:3000/_next/static/chunks/node_modules_next_dist_compiled_0rpq4pf._.js → 200 (42ms, 144344B)
[2026-03-29T04:03:55.245Z] GET http://localhost:3000/_next/static/chunks/node_modules_next_dist_client_0fhqo1d._.js → 200 (54ms, 742815B)
[2026-03-29T04:03:55.245Z] GET http://localhost:3000/_next/static/chunks/node_modules_next_dist_115brz8._.js → 200 (43ms, 246103B)
[2026-03-29T04:03:55.245Z] GET http://localhost:3000/_next/static/chunks/node_modules_%40swc_helpers_cjs_0-4ujiy._.js → 200 (83ms, 1984B)
[2026-03-29T04:03:55.245Z] GET http://localhost:3000/_next/static/chunks/apps_web_0rqeker._.js → 200 (55ms, 756B)
[2026-03-29T04:03:55.245Z] GET http://localhost:3000/_next/static/chunks/turbopack-apps_web_0p44nws._.js → 200 (64ms, 91093B)
[2026-03-29T04:03:55.245Z] GET http://localhost:3000/_next/static/chunks/node_modules_next_dist_0tt2wve._.js → 200 (84ms, 208717B)
[2026-03-29T04:03:55.245Z] GET http://localhost:3000/_next/static/chunks/apps_web_app_layout_tsx_004glpo._.js → 200 (83ms, 312B)
[2026-03-29T04:03:55.245Z] GET http://localhost:3000/_next/static/chunks/node_modules_next_dist_client_components_builtin_global-error_0q9a4f8.js → 200 (84ms, 212B)
[2026-03-29T04:03:55.246Z] GET http://localhost:3000/_next/static/chunks/_03p8es7._.js → 200 (111ms, 184270B)
[2026-03-29T04:03:55.246Z] GET http://localhost:3000/_next/static/chunks/_0om3g16._.js → 200 (111ms, 19429B)
[2026-03-29T04:03:55.246Z] GET http://localhost:3000/_next/static/chunks/apps_web_app_dashboard_layout_tsx_0q9a4f8._.js → 200 (111ms, 271B)
[2026-03-29T04:03:55.246Z] GET http://localhost:3000/_next/static/chunks/apps_web_0q812xr._.js → 200 (111ms, 59977B)
[2026-03-29T04:03:55.246Z] GET http://localhost:3000/_next/static/chunks/apps_web_app_dashboard_page_tsx_00jkz0g._.js → 200 (112ms, 249B)
[2026-03-29T04:03:55.371Z] GET http://localhost:3000/_next/static/chunks/%5Bturbopack%5D_browser_dev_hmr-client_hmr-client_ts_0yjw1oe._.js → 200 (54ms, 15461B)
[2026-03-29T04:03:55.394Z] GET http://localhost:3000/_next/static/chunks/%5Bturbopack%5D_browser_dev_hmr-client_hmr-client_ts_10mygs7._.js → 200 (31ms, 289B)
[2026-03-29T04:03:55.411Z] GET http://localhost:3000/__nextjs_font/geist-latin.woff2 → 200 (?ms, ?B)
[2026-03-29T04:04:11.710Z] GET http://localhost:3000/editor/j7n3FJGqPX?share=1&_rsc=1989a → 200 (26ms, 12695B)
[2026-03-29T04:04:11.790Z] GET http://localhost:3000/_next/static/chunks/node_modules_%40aedifex_core_dist_index_0.~9c7t.js → 200 (10ms, 649B)
[2026-03-29T04:04:11.790Z] GET http://localhost:3000/_next/static/chunks/node_modules_next_0c4b-5d._.js → 200 (10ms, ?B)
[2026-03-29T04:04:11.791Z] GET http://localhost:3000/_next/static/chunks/node_modules_%40aedifex_core_dist_0l7.f8x._.js → pending (?ms, ?B)
[2026-03-29T04:04:11.791Z] GET http://localhost:3000/_next/static/chunks/node_modules_zod_0~w4s--._.js → pending (?ms, ?B)
[2026-03-29T04:04:11.791Z] GET http://localhost:3000/_next/static/chunks/node_modules_three_build_three_core_0qefhn6.js → pending (?ms, ?B)
[2026-03-29T04:04:11.791Z] GET http://localhost:3000/_next/static/chunks/node_modules_three_build_three_module_024z3_h.js → pending (?ms, ?B)
[2026-03-29T04:04:11.791Z] GET http://localhost:3000/_next/static/chunks/node_modules_three_build_three_webgpu_01.b56z.js → pending (?ms, ?B)
[2026-03-29T04:04:11.791Z] GET http://localhost:3000/_next/static/chunks/node_modules_three_build_three_tsl_0p90gfk.js → pending (?ms, ?B)
[2026-03-29T04:04:11.791Z] GET http://localhost:3000/_next/static/chunks/node_modules_three_build_0ozlpf0._.js → pending (?ms, ?B)
[2026-03-29T04:04:11.791Z] GET http://localhost:3000/_next/static/chunks/node_modules_three_examples_jsm_0fklzb1._.js → pending (?ms, ?B)
[2026-03-29T04:04:11.791Z] GET http://localhost:3000/_next/static/chunks/node_modules_three_src_0d0mc0p._.js → pending (?ms, ?B)
[2026-03-29T04:04:11.791Z] GET http://localhost:3000/_next/static/chunks/node_modules_%40react-three_fiber_dist_01zc48v._.js → pending (?ms, ?B)
[2026-03-29T04:04:11.792Z] GET http://localhost:3000/_next/static/chunks/node_modules_three-bvh-csg_src_0jy.4pg._.js → pending (?ms, ?B)
[2026-03-29T04:04:11.792Z] GET http://localhost:3000/_next/static/chunks/node_modules_066wwa3._.js → pending (?ms, ?B)
[2026-03-29T04:04:11.792Z] GET http://localhost:3000/_next/static/chunks/node_modules_%40aedifex_viewer_dist_13-h0wg._.js → pending (?ms, ?B)
[2026-03-29T04:04:11.792Z] GET http://localhost:3000/_next/static/chunks/node_modules_three-stdlib_00s9d_7._.js → pending (?ms, ?B)
[2026-03-29T04:04:11.792Z] GET http://localhost:3000/_next/static/chunks/_04eee0.._.js → pending (?ms, ?B)
[2026-03-29T04:04:11.792Z] GET http://localhost:3000/_next/static/chunks/node_modules_motion-dom_dist_es_0yvtfr6._.js → pending (?ms, ?B)
[2026-03-29T04:04:11.792Z] GET http://localhost:3000/_next/static/chunks/node_modules_framer-motion_dist_es_0u-q4w1._.js → pending (?ms, ?B)
[2026-03-29T04:04:11.792Z] GET http://localhost:3000/_next/static/chunks/node_modules_tailwind-merge_dist_bundle-mjs_mjs_0ezz.e5._.js → pending (?ms, ?B)
[2026-03-29T04:04:11.792Z] GET http://localhost:3000/_next/static/chunks/node_modules_%40aedifex_editor_src_components_ui_primitives_0p4gol2._.js → pending (?ms, ?B)
[2026-03-29T04:04:11.792Z] GET http://localhost:3000/_next/static/chunks/node_modules_%40aedifex_editor_src_components_ui_panels_014ye9i._.js → pending (?ms, ?B)
[2026-03-29T04:04:11.793Z] GET http://localhost:3000/_next/static/chunks/node_modules_%40aedifex_editor_src_components_ui_command-palette_0n50txs._.js → pending (?ms, ?B)
[2026-03-29T04:04:11.793Z] GET http://localhost:3000/_next/static/chunks/node_modules_%40aedifex_editor_src_components_ui_sidebar_0v.kivs._.js → pending (?ms, ?B)
[2026-03-29T04:04:11.793Z] GET http://localhost:3000/_next/static/chunks/node_modules_%40aedifex_editor_src_components_ui_0ryfiu4._.js → pending (?ms, ?B)
[2026-03-29T04:04:11.793Z] GET http://localhost:3000/_next/static/chunks/node_modules_%40aedifex_editor_src_components_tools_00lymai._.js → pending (?ms, ?B)
[2026-03-29T04:04:11.793Z] GET http://localhost:3000/_next/static/chunks/node_modules_%40aedifex_editor_src_components_ai_0-q1vn6._.js → pending (?ms, ?B)
[2026-03-29T04:04:11.793Z] GET http://localhost:3000/_next/static/chunks/node_modules_%40aedifex_editor_src_components_editor_0sp5ica._.js → pending (?ms, ?B)
[2026-03-29T04:04:11.793Z] GET http://localhost:3000/_next/static/chunks/node_modules_%40aedifex_editor_src_components_0zikryg._.js → pending (?ms, ?B)
[2026-03-29T04:04:11.793Z] GET http://localhost:3000/_next/static/chunks/node_modules_%40aedifex_editor_src_0g8m9sq._.js → pending (?ms, ?B)
[2026-03-29T04:04:11.794Z] GET http://localhost:3000/_next/static/chunks/node_modules_%40visual-json_react_dist_index_mjs_0yl8d61._.js → pending (?ms, ?B)
[2026-03-29T04:04:11.794Z] GET http://localhost:3000/_next/static/chunks/node_modules_%40radix-ui_07jsofp._.js → pending (?ms, ?B)
[2026-03-29T04:04:11.794Z] GET http://localhost:3000/_next/static/chunks/node_modules_%40floating-ui_04skdch._.js → pending (?ms, ?B)
[2026-03-29T04:04:11.794Z] GET http://localhost:3000/_next/static/chunks/node_modules_0j8ofz3._.js → pending (?ms, ?B)
[2026-03-29T04:04:11.794Z] GET http://localhost:3000/_next/static/chunks/apps_web_app_components_0ajl26h._.js → pending (?ms, ?B)
[2026-03-29T04:04:11.794Z] GET http://localhost:3000/_next/static/chunks/apps_web_app_editor_%5BprojectId%5D_page_tsx_0q9a4f8._.js → pending (?ms, ?B)
[2026-03-29T04:04:11.968Z] GET http://localhost:3000/audios/sfx/grid_snap.mp3 → 404 (183ms, 12374B)
[2026-03-29T04:04:11.968Z] GET http://localhost:3000/audios/sfx/item_delete.mp3 → 404 (183ms, 12376B)
[2026-03-29T04:04:11.968Z] GET http://localhost:3000/audios/sfx/item_pick.mp3 → 404 (183ms, 12374B)
[2026-03-29T04:04:11.968Z] GET http://localhost:3000/audios/sfx/item_place.mp3 → 404 (183ms, 12375B)
[2026-03-29T04:04:11.968Z] GET http://localhost:3000/audios/sfx/item_rotate.mp3 → 404 (183ms, 12376B)
[2026-03-29T04:04:11.968Z] GET http://localhost:3000/audios/sfx/structure_build.mp3 → 404 (184ms, 12380B)
[2026-03-29T04:04:11.969Z] GET http://localhost:3000/audios/sfx/structure_delete.mp3 → 404 (183ms, 12381B)
[2026-03-29T04:04:12.185Z] GET http://localhost:3000/icons/room.png → 404 (162ms, 12360B)
[2026-03-29T04:04:12.185Z] GET http://localhost:3000/icons/mesh.png → 404 (162ms, 12360B)
[2026-03-29T04:04:12.185Z] GET http://localhost:3000/icons/floorplan.png → 404 (162ms, 12365B)
[2026-03-29T04:04:12.190Z] GET http://localhost:3000/icons/blueprint.png → 404 (157ms, 12365B)
[2026-03-29T04:04:12.196Z] GET http://localhost:3000/icons/level.png → 404 (151ms, 12361B)
[2026-03-29T04:04:12.196Z] GET http://localhost:3000/icons/settings.png → 404 (154ms, 12364B)
[2026-03-29T04:04:12.334Z] GET http://localhost:3000/_next/static/chunks/node_modules_%40aedifex_core_dist_index_0.~9c7t.js → 304 (28ms, ?B)
[2026-03-29T04:04:12.334Z] GET http://localhost:3000/_next/static/chunks/node_modules_next_0c4b-5d._.js → 304 (29ms, ?B)
[2026-03-29T04:04:12.334Z] GET http://localhost:3000/_next/static/chunks/node_modules_%40aedifex_core_dist_0l7.f8x._.js → 304 (302ms, ?B)
[2026-03-29T04:04:12.334Z] GET http://localhost:3000/_next/static/chunks/node_modules_zod_0~w4s--._.js → 304 (302ms, ?B)
[2026-03-29T04:04:12.335Z] GET http://localhost:3000/_next/static/chunks/node_modules_three_build_three_core_0qefhn6.js → 304 (351ms, ?B)
[2026-03-29T04:04:12.335Z] GET http://localhost:3000/_next/static/chunks/node_modules_three_build_three_module_024z3_h.js → 304 (358ms, ?B)
[2026-03-29T04:04:12.335Z] GET http://localhost:3000/_next/static/chunks/node_modules_three_build_three_webgpu_01.b56z.js → 304 (365ms, ?B)
[2026-03-29T04:04:12.335Z] GET http://localhost:3000/_next/static/chunks/node_modules_three_build_three_tsl_0p90gfk.js → 304 (366ms, ?B)
[2026-03-29T04:04:12.335Z] GET http://localhost:3000/_next/static/chunks/node_modules_three_build_0ozlpf0._.js → 304 (378ms, ?B)
[2026-03-29T04:04:12.336Z] GET http://localhost:3000/_next/static/chunks/node_modules_three_examples_jsm_0fklzb1._.js → 304 (373ms, ?B)
[2026-03-29T04:04:12.336Z] GET http://localhost:3000/_next/static/chunks/node_modules_three_src_0d0mc0p._.js → 304 (376ms, ?B)
[2026-03-29T04:04:12.336Z] GET http://localhost:3000/_next/static/chunks/node_modules_%40react-three_fiber_dist_01zc48v._.js → 304 (397ms, ?B)
[2026-03-29T04:04:12.336Z] GET http://localhost:3000/_next/static/chunks/node_modules_three-bvh-csg_src_0jy.4pg._.js → 304 (391ms, ?B)
[2026-03-29T04:04:12.339Z] GET http://localhost:3000/_next/static/chunks/node_modules_066wwa3._.js → 304 (394ms, ?B)
[2026-03-29T04:04:12.340Z] GET http://localhost:3000/_next/static/chunks/node_modules_%40aedifex_viewer_dist_13-h0wg._.js → 304 (398ms, ?B)
[2026-03-29T04:04:12.340Z] GET http://localhost:3000/_next/static/chunks/node_modules_three-stdlib_00s9d_7._.js → 304 (396ms, ?B)
[2026-03-29T04:04:12.340Z] GET http://localhost:3000/_next/static/chunks/_04eee0.._.js → 304 (396ms, ?B)
[2026-03-29T04:04:12.341Z] GET http://localhost:3000/_next/static/chunks/node_modules_motion-dom_dist_es_0yvtfr6._.js → 304 (404ms, ?B)
[2026-03-29T04:04:12.341Z] GET http://localhost:3000/_next/static/chunks/node_modules_framer-motion_dist_es_0u-q4w1._.js → 304 (404ms, ?B)
[2026-03-29T04:04:12.341Z] GET http://localhost:3000/_next/static/chunks/node_modules_tailwind-merge_dist_bundle-mjs_mjs_0ezz.e5._.js → 304 (404ms, ?B)
[2026-03-29T04:04:12.341Z] GET http://localhost:3000/_next/static/chunks/node_modules_%40aedifex_editor_src_components_ui_primitives_0p4gol2._.js → pending (?ms, ?B)
[2026-03-29T04:04:12.341Z] GET http://localhost:3000/_next/static/chunks/node_modules_%40aedifex_editor_src_components_ui_panels_014ye9i._.js → pending (?ms, ?B)
[2026-03-29T04:04:12.341Z] GET http://localhost:3000/_next/static/chunks/node_modules_%40aedifex_editor_src_components_ui_command-palette_0n50txs._.js → pending (?ms, ?B)
[2026-03-29T04:04:12.342Z] GET http://localhost:3000/_next/static/chunks/node_modules_%40aedifex_editor_src_components_ui_sidebar_0v.kivs._.js → pending (?ms, ?B)
[2026-03-29T04:04:12.342Z] GET http://localhost:3000/_next/static/chunks/node_modules_%40aedifex_editor_src_components_ui_0ryfiu4._.js → pending (?ms, ?B)
[2026-03-29T04:04:12.342Z] GET http://localhost:3000/_next/static/chunks/node_modules_%40aedifex_editor_src_components_tools_00lymai._.js → pending (?ms, ?B)
[2026-03-29T04:04:12.343Z] GET http://localhost:3000/_next/static/chunks/node_modules_%40aedifex_editor_src_components_ai_0-q1vn6._.js → pending (?ms, ?B)
[2026-03-29T04:04:12.343Z] GET http://localhost:3000/_next/static/chunks/node_modules_%40aedifex_editor_src_components_editor_0sp5ica._.js → pending (?ms, ?B)
[2026-03-29T04:04:12.343Z] GET http://localhost:3000/_next/static/chunks/node_modules_%40aedifex_editor_src_components_0zikryg._.js → pending (?ms, ?B)
[2026-03-29T04:04:12.343Z] GET http://localhost:3000/_next/static/chunks/node_modules_%40aedifex_editor_src_0g8m9sq._.js → pending (?ms, ?B)
[2026-03-29T04:04:12.344Z] GET http://localhost:3000/_next/static/chunks/node_modules_%40visual-json_react_dist_index_mjs_0yl8d61._.js → pending (?ms, ?B)
[2026-03-29T04:04:12.345Z] GET http://localhost:3000/_next/static/chunks/node_modules_%40radix-ui_07jsofp._.js → pending (?ms, ?B)
[2026-03-29T04:04:12.345Z] GET http://localhost:3000/_next/static/chunks/node_modules_%40floating-ui_04skdch._.js → pending (?ms, ?B)
[2026-03-29T04:04:12.346Z] GET http://localhost:3000/_next/static/chunks/node_modules_0j8ofz3._.js → pending (?ms, ?B)
[2026-03-29T04:04:12.346Z] GET http://localhost:3000/_next/static/chunks/apps_web_app_components_0ajl26h._.js → pending (?ms, ?B)
[2026-03-29T04:04:12.346Z] GET http://localhost:3000/_next/static/chunks/apps_web_app_editor_%5BprojectId%5D_page_tsx_0q9a4f8._.js → pending (?ms, ?B)
[2026-03-29T04:04:12.346Z] GET http://localhost:3000/api/projects/j7n3FJGqPX → 200 (396ms, ?B)
[2026-03-29T04:04:12.346Z] GET http://localhost:3000/editor/j7n3FJGqPX?_rsc=1ltaq → 200 (282ms, 64B)
[2026-03-29T04:04:12.346Z] GET http://localhost:3000/api/projects/j7n3FJGqPX → 200 (145ms, 246B)
[2026-03-29T04:04:12.347Z] GET http://localhost:3000/editor/j7n3FJGqPX?_rsc=1ltaq → 200 (14ms, 64B)
[2026-03-29T04:04:12.350Z] GET http://localhost:3000/_next/image?url=%2Ficons%2Fwall.png&w=32&q=75 → 400 (143ms, 43B)
[2026-03-29T04:04:12.350Z] GET http://localhost:3000/_next/image?url=%2Ficons%2Ffloor.png&w=32&q=75 → 400 (142ms, 43B)
[2026-03-29T04:04:12.351Z] GET http://localhost:3000/_next/image?url=%2Ficons%2Fceiling.png&w=32&q=75 → 400 (147ms, 43B)
[2026-03-29T04:04:12.351Z] GET http://localhost:3000/_next/image?url=%2Ficons%2Froof.png&w=32&q=75 → 400 (272ms, 43B)
[2026-03-29T04:04:12.351Z] GET http://localhost:3000/_next/image?url=%2Ficons%2Fdoor.png&w=32&q=75 → 400 (254ms, 43B)
[2026-03-29T04:04:12.351Z] GET http://localhost:3000/_next/image?url=%2Ficons%2Fwindow.png&w=32&q=75 → 400 (261ms, 43B)
[2026-03-29T04:04:12.351Z] GET http://localhost:3000/_next/image?url=%2Ficons%2Fselect.png&w=32&q=75 → 400 (165ms, 43B)
[2026-03-29T04:04:12.351Z] GET http://localhost:3000/_next/image?url=%2Ficons%2Fbuild.png&w=32&q=75 → 400 (268ms, 43B)
[2026-03-29T04:04:12.351Z] GET http://localhost:3000/_next/image?url=%2Ficons%2Frotate.png&w=32&q=75 → 400 (118ms, 43B)
[2026-03-29T04:04:12.351Z] GET http://localhost:3000/_next/image?url=%2Ficons%2Ftopview.png&w=32&q=75 → 400 (260ms, 43B)
[2026-03-29T04:04:12.352Z] GET https://api.iconify.design/icon-park-outline.json?icons=perspective → 200 (?ms, 399B)
[2026-03-29T04:04:12.352Z] GET https://api.iconify.design/charm.json?icons=stack-push → 200 (?ms, 347B)
[2026-03-29T04:04:12.352Z] GET https://api.iconify.design/ph.json?icons=mouse-left-click-fill → 200 (?ms, 391B)
[2026-03-29T04:04:12.367Z] GET http://localhost:3000/editor/j7n3FJGqPX?_rsc=1v02f → 200 (349ms, ?B)
[2026-03-29T04:04:12.436Z] GET http://localhost:3000/icons/wall.png → 404 (252ms, 3020B)
[2026-03-29T04:04:12.439Z] POST http://localhost:3000/__nextjs_original-stack-frames → 200 (181ms, 676B)
[2026-03-29T04:04:12.631Z] GET http://localhost:3000/editor/j7n3FJGqPX?_rsc=1v02f → 200 (36ms, ?B)
[2026-03-29T04:04:12.813Z] GET http://localhost:3000/icons/site.png → 404 (117ms, 3020B)
[2026-03-29T04:04:12.813Z] GET http://localhost:3000/icons/building.png → 404 (117ms, 3020B)
[2026-03-29T04:04:12.813Z] GET http://localhost:3000/icons/level.png → 404 (118ms, 3020B)
[2026-03-29T04:04:12.813Z] GET http://localhost:3000/icons/room.png → 404 (126ms, 3020B)
[2026-03-29T04:04:12.813Z] GET http://localhost:3000/icons/couch.png → 404 (119ms, 3020B)
[2026-03-29T04:04:12.813Z] GET http://localhost:3000/icons/kitchen.png → 404 (120ms, 3020B)
[2026-03-29T04:04:12.837Z] GET https://api.iconify.design/lucide.json?icons=space%2Cx → 200 (7ms, 433B)
[2026-03-29T04:04:12.837Z] GET https://api.iconify.design/ph.json?icons=mouse-right-click-fill → 200 (7ms, 391B)
[2026-03-29T04:04:12.837Z] GET https://api.iconify.design/qlementine-icons.json?icons=mouse-middle-button-16 → 200 (7ms, 1094B)
[2026-03-29T04:04:32.013Z] PUT http://localhost:3000/api/projects/j7n3FJGqPX/share → pending (?ms, ?B)
[2026-03-29T04:04:58.357Z] GET http://localhost:3000/view/0FcIIukP6u → pending (?ms, ?B)
[2026-03-29T04:05:00.435Z] GET http://localhost:3000/_next/static/chunks/apps_web_app_globals_0xyo3ls.css → 304 (5ms, ?B)
[2026-03-29T04:05:00.435Z] GET http://localhost:3000/icons/room.png → 404 (29ms, 3020B)
[2026-03-29T04:05:00.435Z] GET http://localhost:3000/icons/mesh.png → 404 (99ms, 3020B)
[2026-03-29T04:05:00.435Z] GET http://localhost:3000/icons/floorplan.png → 404 (99ms, 3020B)
[2026-03-29T04:05:00.435Z] GET http://localhost:3000/icons/blueprint.png → 404 (116ms, 3020B)
[2026-03-29T04:05:00.435Z] GET http://localhost:3000/icons/level.png → 404 (124ms, 3020B)
[2026-03-29T04:05:00.435Z] GET http://localhost:3000/icons/settings.png → 404 (127ms, 3020B)
[2026-03-29T04:05:00.436Z] GET http://localhost:3000/_next/static/chunks/%5Bturbopack%5D_browser_dev_hmr-client_hmr-client_ts_10z625~._.js → 200 (127ms, 675B)
[2026-03-29T04:05:00.436Z] GET http://localhost:3000/_next/static/chunks/node_modules_next_dist_compiled_next-devtools_index_0553esy.js → 200 (147ms, 746592B)
[2026-03-29T04:05:00.436Z] GET http://localhost:3000/_next/static/chunks/node_modules_next_dist_compiled_react-dom_058-ah~._.js → 200 (147ms, 1057980B)
[2026-03-29T04:05:00.436Z] GET http://localhost:3000/_next/static/chunks/node_modules_next_dist_compiled_react-server-dom-turbopack_0p3wegg._.js → 200 (146ms, 174634B)
[2026-03-29T04:05:00.436Z] GET http://localhost:3000/_next/static/chunks/node_modules_next_dist_compiled_0rpq4pf._.js → 200 (173ms, 144344B)
[2026-03-29T04:05:00.436Z] GET http://localhost:3000/_next/static/chunks/node_modules_next_dist_client_0fhqo1d._.js → 200 (191ms, 742815B)
[2026-03-29T04:05:00.436Z] GET http://localhost:3000/_next/static/chunks/node_modules_next_dist_115brz8._.js → 200 (208ms, 246103B)
[2026-03-29T04:05:00.437Z] GET http://localhost:3000/_next/static/chunks/node_modules_%40swc_helpers_cjs_0-4ujiy._.js → 200 (218ms, 1984B)
[2026-03-29T04:05:00.437Z] GET http://localhost:3000/_next/static/chunks/apps_web_0rqeker._.js → 200 (218ms, 756B)
[2026-03-29T04:05:00.437Z] GET http://localhost:3000/_next/static/chunks/turbopack-apps_web_0p44nws._.js → 200 (221ms, 91093B)
[2026-03-29T04:05:00.437Z] GET http://localhost:3000/_next/static/chunks/node_modules_next_dist_0tt2wve._.js → 200 (235ms, 208717B)
[2026-03-29T04:05:00.437Z] GET http://localhost:3000/_next/static/chunks/apps_web_app_layout_tsx_004glpo._.js → 200 (233ms, 312B)
[2026-03-29T04:05:00.437Z] GET http://localhost:3000/_next/static/chunks/node_modules_next_dist_client_components_builtin_global-error_0q9a4f8.js → 200 (234ms, 212B)
[2026-03-29T04:05:00.437Z] GET http://localhost:3000/_next/static/chunks/node_modules_%40aedifex_core_dist_index_0xhwgl6.js → 200 (236ms, 649B)
[2026-03-29T04:05:00.438Z] GET http://localhost:3000/_next/static/chunks/node_modules_next_0ulkz5h._.js → 200 (324ms, 243866B)
[2026-03-29T04:05:00.438Z] GET http://localhost:3000/_next/static/chunks/node_modules_%40aedifex_core_dist_0l7.f8x._.js → 200 (234ms, 360990B)
[2026-03-29T04:05:00.438Z] GET http://localhost:3000/_next/static/chunks/node_modules_zod_0~w4s--._.js → 200 (236ms, 938123B)
[2026-03-29T04:05:00.438Z] GET http://localhost:3000/_next/static/chunks/node_modules_three_build_three_core_0qefhn6.js → 200 (257ms, 1547563B)
[2026-03-29T04:05:00.438Z] GET http://localhost:3000/_next/static/chunks/node_modules_three_build_three_module_024z3_h.js → 200 (236ms, 811406B)
[2026-03-29T04:05:00.438Z] GET http://localhost:3000/_next/static/chunks/node_modules_three_build_three_webgpu_01.b56z.js → 200 (323ms, 2341348B)
[2026-03-29T04:05:00.438Z] GET http://localhost:3000/_next/static/chunks/node_modules_three_build_three_tsl_0p90gfk.js → 200 (306ms, 156313B)
[2026-03-29T04:05:00.439Z] GET http://localhost:3000/_next/static/chunks/node_modules_three_build_0ozlpf0._.js → 200 (306ms, 214832B)
[2026-03-29T04:05:00.439Z] GET http://localhost:3000/_next/static/chunks/node_modules_three_examples_jsm_0fklzb1._.js → 200 (306ms, 501621B)
[2026-03-29T04:05:00.439Z] GET http://localhost:3000/_next/static/chunks/node_modules_three_src_0d0mc0p._.js → 200 (305ms, 59762B)
[2026-03-29T04:05:00.439Z] GET http://localhost:3000/_next/static/chunks/node_modules_%40react-three_fiber_dist_01zc48v._.js → 200 (323ms, 815218B)
[2026-03-29T04:05:00.439Z] GET http://localhost:3000/_next/static/chunks/node_modules_three-bvh-csg_src_0jy.4pg._.js → 200 (306ms, 213373B)
[2026-03-29T04:05:00.439Z] GET http://localhost:3000/_next/static/chunks/node_modules_066wwa3._.js → 200 (322ms, 599543B)
[2026-03-29T04:05:00.439Z] GET http://localhost:3000/_next/static/chunks/node_modules_%40aedifex_viewer_dist_13-h0wg._.js → 200 (323ms, 386843B)
[2026-03-29T04:05:00.439Z] GET http://localhost:3000/_next/static/chunks/node_modules_three-stdlib_00s9d_7._.js → 200 (322ms, 208953B)
[2026-03-29T04:05:00.439Z] GET http://localhost:3000/_next/static/chunks/_0-wbi1o._.js → 200 (324ms, ?B)
[2026-03-29T04:05:00.439Z] GET http://localhost:3000/_next/static/chunks/node_modules_motion-dom_dist_es_0yvtfr6._.js → 200 (324ms, 610676B)
[2026-03-29T04:05:00.439Z] GET http://localhost:3000/_next/static/chunks/node_modules_framer-motion_dist_es_0u-q4w1._.js → 200 (323ms, 249908B)
[2026-03-29T04:05:00.439Z] GET http://localhost:3000/_next/static/chunks/node_modules_tailwind-merge_dist_bundle-mjs_mjs_0ezz.e5._.js → 200 (323ms, 149216B)
[2026-03-29T04:05:00.439Z] GET http://localhost:3000/_next/static/chunks/node_modules_%40aedifex_editor_src_components_ui_primitives_0p4gol2._.js → 200 (323ms, 173797B)
[2026-03-29T04:05:00.439Z] GET http://localhost:3000/_next/static/chunks/node_modules_%40aedifex_editor_src_components_ui_panels_014ye9i._.js → 200 (324ms, ?B)
[2026-03-29T04:05:00.439Z] GET http://localhost:3000/_next/static/chunks/node_modules_%40aedifex_editor_src_components_ui_command-palette_0n50txs._.js → 200 (324ms, 159290B)
[2026-03-29T04:05:00.439Z] GET http://localhost:3000/_next/static/chunks/node_modules_%40aedifex_editor_src_components_ui_sidebar_0v.kivs._.js → 200 (324ms, ?B)
[2026-03-29T04:05:00.439Z] GET http://localhost:3000/_next/static/chunks/node_modules_%40aedifex_editor_src_components_ui_0ryfiu4._.js → 200 (324ms, ?B)
[2026-03-29T04:05:00.439Z] GET http://localhost:3000/_next/static/chunks/node_modules_%40aedifex_editor_src_components_tools_00lymai._.js → 200 (325ms, ?B)
[2026-03-29T04:05:00.439Z] GET http://localhost:3000/_next/static/chunks/node_modules_%40aedifex_editor_src_components_ai_0-q1vn6._.js → 200 (324ms, ?B)
[2026-03-29T04:05:00.439Z] GET http://localhost:3000/_next/static/chunks/node_modules_%40aedifex_editor_src_components_editor_0sp5ica._.js → 200 (325ms, ?B)
[2026-03-29T04:05:00.439Z] GET http://localhost:3000/_next/static/chunks/node_modules_%40aedifex_editor_src_components_0zikryg._.js → 200 (325ms, ?B)
[2026-03-29T04:05:00.440Z] GET http://localhost:3000/_next/static/chunks/node_modules_%40aedifex_editor_src_0g8m9sq._.js → 200 (324ms, ?B)
[2026-03-29T04:05:00.440Z] GET http://localhost:3000/_next/static/chunks/node_modules_%40visual-json_react_dist_index_mjs_0yl8d61._.js → 200 (324ms, ?B)
[2026-03-29T04:05:00.440Z] GET http://localhost:3000/_next/static/chunks/node_modules_%40radix-ui_07jsofp._.js → 200 (324ms, ?B)
[2026-03-29T04:05:00.440Z] GET http://localhost:3000/_next/static/chunks/node_modules_%40floating-ui_04skdch._.js → 200 (324ms, ?B)
[2026-03-29T04:05:00.440Z] GET http://localhost:3000/_next/static/chunks/node_modules_0j8ofz3._.js → 200 (338ms, ?B)
[2026-03-29T04:05:00.440Z] GET http://localhost:3000/_next/static/chunks/apps_web_app_components_viewer-shell_tsx_0h8snuo._.js → 200 (338ms, ?B)
[2026-03-29T04:05:00.440Z] GET http://localhost:3000/_next/static/chunks/apps_web_app_view_%5BshareId%5D_page_tsx_0q9a4f8._.js → 200 (338ms, ?B)
[2026-03-29T04:05:00.440Z] GET http://localhost:3000/_next/image?url=%2Ficons%2Fselect.png&w=32&q=75 → 400 (205ms, 43B)
[2026-03-29T04:05:00.440Z] GET http://localhost:3000/_next/image?url=%2Ficons%2Frotate.png&w=32&q=75 → 400 (215ms, 43B)
[2026-03-29T04:05:00.440Z] GET http://localhost:3000/_next/image?url=%2Ficons%2Ftopview.png&w=32&q=75 → 400 (214ms, 43B)
[2026-03-29T04:05:00.669Z] GET http://localhost:3000/_next/static/chunks/%5Bturbopack%5D_browser_dev_hmr-client_hmr-client_ts_0yjw1oe._.js → 200 (109ms, ?B)
[2026-03-29T04:05:00.670Z] GET http://localhost:3000/_next/static/chunks/%5Bturbopack%5D_browser_dev_hmr-client_hmr-client_ts_10mygs7._.js → 200 (108ms, ?B)
[2026-03-29T04:05:00.678Z] GET http://localhost:3000/__nextjs_font/geist-latin.woff2 → 200 (?ms, ?B)
[2026-03-29T04:05:00.982Z] GET http://localhost:3000/audios/sfx/grid_snap.mp3 → 404 (233ms, 12374B)
[2026-03-29T04:05:00.983Z] GET http://localhost:3000/audios/sfx/item_delete.mp3 → 404 (233ms, 12376B)
[2026-03-29T04:05:00.983Z] GET http://localhost:3000/audios/sfx/item_pick.mp3 → 404 (233ms, 12374B)
[2026-03-29T04:05:00.983Z] GET http://localhost:3000/audios/sfx/item_place.mp3 → 404 (233ms, 12375B)
[2026-03-29T04:05:00.983Z] GET http://localhost:3000/audios/sfx/item_rotate.mp3 → 404 (233ms, 12376B)
[2026-03-29T04:05:00.983Z] GET http://localhost:3000/audios/sfx/structure_build.mp3 → 404 (234ms, 12380B)
[2026-03-29T04:05:00.983Z] GET http://localhost:3000/audios/sfx/structure_delete.mp3 → 404 (234ms, 12381B)
[2026-03-29T04:05:01.211Z] GET http://localhost:3000/icons/site.png → 404 (118ms, 3020B)
[2026-03-29T04:05:01.211Z] GET http://localhost:3000/icons/building.png → 404 (119ms, 3020B)
[2026-03-29T04:05:01.211Z] GET http://localhost:3000/icons/level.png → 404 (119ms, 3020B)
[2026-03-29T04:05:01.211Z] GET http://localhost:3000/icons/room.png → 404 (119ms, 3020B)
[2026-03-29T04:05:01.211Z] GET http://localhost:3000/icons/couch.png → 404 (119ms, 3020B)
[2026-03-29T04:05:01.211Z] GET http://localhost:3000/icons/kitchen.png → 404 (119ms, 3020B)
[2026-03-29T04:05:01.215Z] GET http://localhost:3000/_next/image?url=%2Ficons%2Fwall.png&w=32&q=75 → 400 (259ms, 43B)
[2026-03-29T04:05:01.215Z] GET http://localhost:3000/_next/image?url=%2Ficons%2Ffloor.png&w=32&q=75 → 400 (249ms, 43B)
[2026-03-29T04:05:01.215Z] GET http://localhost:3000/_next/image?url=%2Ficons%2Fceiling.png&w=32&q=75 → 400 (261ms, 43B)
[2026-03-29T04:05:01.215Z] GET http://localhost:3000/_next/image?url=%2Ficons%2Froof.png&w=32&q=75 → 400 (212ms, 43B)
[2026-03-29T04:05:01.215Z] GET http://localhost:3000/_next/image?url=%2Ficons%2Fdoor.png&w=32&q=75 → 400 (216ms, 43B)
[2026-03-29T04:05:01.215Z] GET http://localhost:3000/_next/image?url=%2Ficons%2Fwindow.png&w=32&q=75 → 400 (233ms, 43B)
[2026-03-29T04:05:01.215Z] GET http://localhost:3000/_next/image?url=%2Ficons%2Fbuild.png&w=32&q=75 → 400 (295ms, 43B)
[2026-03-29T04:05:01.220Z] GET https://api.iconify.design/icon-park-outline.json?icons=perspective → 200 (2ms, 399B)
[2026-03-29T04:05:01.220Z] GET https://api.iconify.design/charm.json?icons=stack-push → 200 (2ms, 347B)
[2026-03-29T04:05:01.220Z] GET https://api.iconify.design/ph.json?icons=mouse-left-click-fill%2Cmouse-right-click-fill → 200 (2ms, 693B)
[2026-03-29T04:05:01.220Z] GET https://api.iconify.design/lucide.json?icons=space%2Cx → 200 (2ms, 433B)
[2026-03-29T04:05:01.220Z] GET https://api.iconify.design/qlementine-icons.json?icons=mouse-middle-button-16 → 200 (2ms, 1094B)
[2026-03-29T04:05:01.292Z] GET http://localhost:3000/icons/wall.png → 404 (215ms, 3020B)
[2026-03-29T04:05:01.346Z] POST http://localhost:3000/__nextjs_original-stack-frames → 200 (124ms, 676B)
[2026-03-29T04:05:16.830Z] GET http://localhost:3000/dashboard → pending (?ms, ?B)
[2026-03-29T04:05:16.919Z] GET http://localhost:3000/_next/static/chunks/apps_web_app_globals_0xyo3ls.css → 304 (2ms, ?B)
[2026-03-29T04:05:16.919Z] GET http://localhost:3000/_next/static/chunks/%5Bturbopack%5D_browser_dev_hmr-client_hmr-client_ts_10z625~._.js → 200 (5ms, 675B)
[2026-03-29T04:05:16.919Z] GET http://localhost:3000/_next/static/chunks/node_modules_next_dist_compiled_next-devtools_index_0553esy.js → 200 (21ms, 746592B)
[2026-03-29T04:05:16.919Z] GET http://localhost:3000/_next/static/chunks/node_modules_next_dist_compiled_react-dom_058-ah~._.js → 200 (24ms, 1057980B)
[2026-03-29T04:05:16.919Z] GET http://localhost:3000/_next/static/chunks/node_modules_next_dist_compiled_react-server-dom-turbopack_0p3wegg._.js → 200 (20ms, 174634B)
[2026-03-29T04:05:16.919Z] GET http://localhost:3000/_next/static/chunks/node_modules_next_dist_compiled_0rpq4pf._.js → 200 (8ms, 144344B)
[2026-03-29T04:05:16.919Z] GET http://localhost:3000/_next/static/chunks/node_modules_next_dist_client_0fhqo1d._.js → 200 (24ms, 742815B)
[2026-03-29T04:05:16.920Z] GET http://localhost:3000/_next/static/chunks/node_modules_next_dist_115brz8._.js → 200 (20ms, 246103B)
[2026-03-29T04:05:16.920Z] GET http://localhost:3000/_next/static/chunks/node_modules_%40swc_helpers_cjs_0-4ujiy._.js → 200 (21ms, 1984B)
[2026-03-29T04:05:16.920Z] GET http://localhost:3000/_next/static/chunks/apps_web_0rqeker._.js → 200 (21ms, 756B)
[2026-03-29T04:05:16.920Z] GET http://localhost:3000/_next/static/chunks/turbopack-apps_web_0p44nws._.js → 200 (21ms, 91093B)
[2026-03-29T04:05:16.920Z] GET http://localhost:3000/_next/static/chunks/node_modules_next_dist_0tt2wve._.js → 200 (23ms, 208717B)
[2026-03-29T04:05:16.920Z] GET http://localhost:3000/_next/static/chunks/apps_web_app_layout_tsx_004glpo._.js → 200 (27ms, 312B)
[2026-03-29T04:05:16.920Z] GET http://localhost:3000/_next/static/chunks/node_modules_next_dist_client_components_builtin_global-error_0q9a4f8.js → 200 (28ms, 212B)
[2026-03-29T04:05:16.920Z] GET http://localhost:3000/_next/static/chunks/_03p8es7._.js → 200 (49ms, 184270B)
[2026-03-29T04:05:16.920Z] GET http://localhost:3000/_next/static/chunks/_0om3g16._.js → 200 (30ms, 19429B)
[2026-03-29T04:05:16.920Z] GET http://localhost:3000/_next/static/chunks/apps_web_app_dashboard_layout_tsx_0q9a4f8._.js → 200 (29ms, 271B)
[2026-03-29T04:05:16.920Z] GET http://localhost:3000/_next/static/chunks/apps_web_0q812xr._.js → 200 (49ms, 59977B)
[2026-03-29T04:05:16.920Z] GET http://localhost:3000/_next/static/chunks/apps_web_app_dashboard_page_tsx_00jkz0g._.js → 200 (49ms, 249B)
[2026-03-29T04:05:16.947Z] GET http://localhost:3000/_next/static/chunks/%5Bturbopack%5D_browser_dev_hmr-client_hmr-client_ts_0yjw1oe._.js → 200 (47ms, 15461B)
[2026-03-29T04:05:16.947Z] GET http://localhost:3000/_next/static/chunks/%5Bturbopack%5D_browser_dev_hmr-client_hmr-client_ts_10mygs7._.js → 200 (47ms, 289B)
[2026-03-29T04:05:16.995Z] GET http://localhost:3000/__nextjs_font/geist-latin.woff2 → 200 (?ms, ?B)
[2026-03-29T04:05:27.309Z] POST http://localhost:3000/api/auth/sign-out → 200 (65ms, 16B)
[2026-03-29T04:05:27.377Z] GET http://localhost:3000/login?_rsc=1989a → 200 (42ms, 5319B)
[2026-03-29T04:05:27.423Z] GET http://localhost:3000/_next/static/chunks/_0b6t67q._.js → 200 (12ms, ?B)
[2026-03-29T04:05:27.423Z] GET http://localhost:3000/_next/static/chunks/_0pwf4qe._.js → 200 (12ms, ?B)
[2026-03-29T04:05:27.423Z] GET http://localhost:3000/_next/static/chunks/apps_web_app_login_page_tsx_0q9a4f8._.js → 200 (12ms, ?B)
[2026-03-29T04:05:27.443Z] GET http://localhost:3000/_next/static/chunks/_0b6t67q._.js → 304 (2ms, ?B)
[2026-03-29T04:05:27.443Z] GET http://localhost:3000/_next/static/chunks/_0pwf4qe._.js → 304 (3ms, ?B)
[2026-03-29T04:05:27.444Z] GET http://localhost:3000/_next/static/chunks/apps_web_app_login_page_tsx_0q9a4f8._.js → 304 (2ms, 271B)
[2026-03-29T04:05:38.444Z] GET http://localhost:3000/dashboard → 307 (18ms, ?B)
[2026-03-29T04:05:38.462Z] GET http://localhost:3000/login?redirect=%2Fdashboard → 200 (19ms, 14422B)
[2026-03-29T04:05:38.487Z] GET http://localhost:3000/_next/static/chunks/apps_web_app_globals_0xyo3ls.css → 304 (3ms, ?B)
[2026-03-29T04:05:38.487Z] GET http://localhost:3000/_next/static/chunks/%5Bturbopack%5D_browser_dev_hmr-client_hmr-client_ts_10z625~._.js → 200 (7ms, 675B)
[2026-03-29T04:05:38.487Z] GET http://localhost:3000/_next/static/chunks/node_modules_next_dist_compiled_next-devtools_index_0553esy.js → 200 (23ms, 746592B)
[2026-03-29T04:05:38.487Z] GET http://localhost:3000/_next/static/chunks/node_modules_next_dist_compiled_react-dom_058-ah~._.js → 200 (23ms, 1057980B)
[2026-03-29T04:05:38.487Z] GET http://localhost:3000/_next/static/chunks/node_modules_next_dist_compiled_react-server-dom-turbopack_0p3wegg._.js → 200 (21ms, 174634B)
[2026-03-29T04:05:38.487Z] GET http://localhost:3000/_next/static/chunks/node_modules_next_dist_compiled_0rpq4pf._.js → 200 (8ms, 144344B)
[2026-03-29T04:05:38.488Z] GET http://localhost:3000/_next/static/chunks/node_modules_next_dist_client_0fhqo1d._.js → 200 (22ms, 742815B)
[2026-03-29T04:05:38.488Z] GET http://localhost:3000/_next/static/chunks/node_modules_next_dist_115brz8._.js → 200 (21ms, 246103B)
[2026-03-29T04:05:38.488Z] GET http://localhost:3000/_next/static/chunks/node_modules_%40swc_helpers_cjs_0-4ujiy._.js → 200 (22ms, 1984B)
[2026-03-29T04:05:38.488Z] GET http://localhost:3000/_next/static/chunks/apps_web_0rqeker._.js → 200 (22ms, 756B)
[2026-03-29T04:05:38.488Z] GET http://localhost:3000/_next/static/chunks/turbopack-apps_web_0p44nws._.js → 200 (23ms, 91093B)
[2026-03-29T04:05:38.488Z] GET http://localhost:3000/_next/static/chunks/node_modules_next_dist_0tt2wve._.js → 200 (32ms, 208717B)
[2026-03-29T04:05:38.488Z] GET http://localhost:3000/_next/static/chunks/apps_web_app_layout_tsx_004glpo._.js → 200 (32ms, 312B)
[2026-03-29T04:05:38.488Z] GET http://localhost:3000/_next/static/chunks/_0b6t67q._.js → 200 (71ms, 179730B)
[2026-03-29T04:05:38.488Z] GET http://localhost:3000/_next/static/chunks/_0pwf4qe._.js → 200 (71ms, 12578B)
[2026-03-29T04:05:38.488Z] GET http://localhost:3000/_next/static/chunks/apps_web_app_login_page_tsx_0q9a4f8._.js → 200 (71ms, 271B)
[2026-03-29T04:05:38.488Z] GET http://localhost:3000/_next/static/chunks/node_modules_next_dist_client_components_builtin_global-error_0q9a4f8.js → 200 (71ms, 212B)
[2026-03-29T04:05:38.519Z] GET http://localhost:3000/_next/static/chunks/%5Bturbopack%5D_browser_dev_hmr-client_hmr-client_ts_0yjw1oe._.js → 200 (40ms, 15461B)
[2026-03-29T04:05:38.520Z] GET http://localhost:3000/_next/static/chunks/%5Bturbopack%5D_browser_dev_hmr-client_hmr-client_ts_10mygs7._.js → 200 (39ms, 289B)
[2026-03-29T04:05:38.565Z] GET http://localhost:3000/__nextjs_font/geist-latin.woff2 → 200 (?ms, ?B)
[2026-03-29T04:05:49.096Z] POST http://localhost:3000/api/auth/sign-in/email → 401 (163ms, 74B)
[2026-03-29T04:06:23.998Z] POST http://localhost:3000/api/auth/sign-in/email → 401 (118ms, 74B)
[2026-03-29T04:06:32.616Z] GET http://localhost:3000/register → 200 (25ms, 14765B)
[2026-03-29T04:06:32.645Z] GET http://localhost:3000/_next/static/chunks/apps_web_app_globals_0xyo3ls.css → 304 (2ms, ?B)
[2026-03-29T04:06:32.645Z] GET http://localhost:3000/_next/static/chunks/%5Bturbopack%5D_browser_dev_hmr-client_hmr-client_ts_10z625~._.js → 200 (4ms, 675B)
[2026-03-29T04:06:32.645Z] GET http://localhost:3000/_next/static/chunks/node_modules_next_dist_compiled_next-devtools_index_0553esy.js → 200 (34ms, 746592B)
[2026-03-29T04:06:32.645Z] GET http://localhost:3000/_next/static/chunks/node_modules_next_dist_compiled_react-dom_058-ah~._.js → 200 (33ms, 1057980B)
[2026-03-29T04:06:32.645Z] GET http://localhost:3000/_next/static/chunks/node_modules_next_dist_compiled_react-server-dom-turbopack_0p3wegg._.js → 200 (15ms, 174634B)
[2026-03-29T04:06:32.645Z] GET http://localhost:3000/_next/static/chunks/node_modules_next_dist_compiled_0rpq4pf._.js → 200 (15ms, 144344B)
[2026-03-29T04:06:32.646Z] GET http://localhost:3000/_next/static/chunks/node_modules_next_dist_client_0fhqo1d._.js → 200 (13ms, 742815B)
[2026-03-29T04:06:32.646Z] GET http://localhost:3000/_next/static/chunks/node_modules_next_dist_115brz8._.js → 200 (33ms, 246103B)
[2026-03-29T04:06:32.646Z] GET http://localhost:3000/_next/static/chunks/node_modules_%40swc_helpers_cjs_0-4ujiy._.js → 200 (33ms, 1984B)
[2026-03-29T04:06:32.646Z] GET http://localhost:3000/_next/static/chunks/apps_web_0rqeker._.js → 200 (33ms, 756B)
[2026-03-29T04:06:32.646Z] GET http://localhost:3000/_next/static/chunks/turbopack-apps_web_0p44nws._.js → 200 (33ms, 91093B)
[2026-03-29T04:06:32.646Z] GET http://localhost:3000/_next/static/chunks/node_modules_next_dist_0tt2wve._.js → 200 (33ms, 208717B)
[2026-03-29T04:06:32.646Z] GET http://localhost:3000/_next/static/chunks/apps_web_app_layout_tsx_004glpo._.js → 200 (33ms, 312B)
[2026-03-29T04:06:32.646Z] GET http://localhost:3000/_next/static/chunks/_0b6t67q._.js → 200 (33ms, 179730B)
[2026-03-29T04:06:32.646Z] GET http://localhost:3000/_next/static/chunks/_0wnatf4._.js → 200 (34ms, 15023B)
[2026-03-29T04:06:32.646Z] GET http://localhost:3000/_next/static/chunks/apps_web_app_register_page_tsx_0q9a4f8._.js → 200 (34ms, 271B)
[2026-03-29T04:06:32.646Z] GET http://localhost:3000/_next/static/chunks/node_modules_next_dist_client_components_builtin_global-error_0q9a4f8.js → 200 (34ms, 212B)
[2026-03-29T04:06:32.685Z] GET http://localhost:3000/_next/static/chunks/%5Bturbopack%5D_browser_dev_hmr-client_hmr-client_ts_0yjw1oe._.js → 200 (33ms, 15461B)
[2026-03-29T04:06:32.685Z] GET http://localhost:3000/_next/static/chunks/%5Bturbopack%5D_browser_dev_hmr-client_hmr-client_ts_10mygs7._.js → 200 (33ms, 289B)
[2026-03-29T04:06:32.720Z] GET http://localhost:3000/__nextjs_font/geist-latin.woff2 → 200 (?ms, ?B)
[2026-03-29T04:06:38.845Z] POST http://localhost:3000/api/auth/sign-up/email → pending (?ms, ?B)
[2026-03-29T04:06:39.017Z] GET http://localhost:3000/dashboard?_rsc=14qcf → 200 (13ms, 5530B)
[2026-03-29T04:06:39.050Z] GET http://localhost:3000/_next/static/chunks/_03p8es7._.js → 200 (5ms, 184270B)
[2026-03-29T04:06:39.050Z] GET http://localhost:3000/_next/static/chunks/_0om3g16._.js → 200 (7ms, 19429B)
[2026-03-29T04:06:39.050Z] GET http://localhost:3000/_next/static/chunks/apps_web_app_dashboard_layout_tsx_0q9a4f8._.js → 200 (7ms, 271B)
[2026-03-29T04:06:39.057Z] GET http://localhost:3000/_next/static/chunks/apps_web_0q812xr._.js → 200 (11ms, 59977B)
[2026-03-29T04:06:39.057Z] GET http://localhost:3000/_next/static/chunks/apps_web_app_dashboard_page_tsx_00jkz0g._.js → 200 (10ms, 249B)
[2026-03-29T04:06:39.079Z] GET http://localhost:3000/_next/static/chunks/_03p8es7._.js → 304 (3ms, ?B)
[2026-03-29T04:06:39.079Z] GET http://localhost:3000/_next/static/chunks/_0om3g16._.js → 304 (3ms, ?B)
[2026-03-29T04:06:39.080Z] GET http://localhost:3000/_next/static/chunks/apps_web_app_dashboard_layout_tsx_0q9a4f8._.js → 304 (4ms, ?B)
[2026-03-29T04:06:39.080Z] GET http://localhost:3000/_next/static/chunks/apps_web_0q812xr._.js → 304 (4ms, ?B)
[2026-03-29T04:06:39.080Z] GET http://localhost:3000/_next/static/chunks/apps_web_app_dashboard_page_tsx_00jkz0g._.js → 304 (4ms, ?B)
[2026-03-29T04:07:01.207Z] POST http://localhost:3000/api/auth/sign-out → 200 (40ms, 16B)
[2026-03-29T04:07:01.250Z] GET http://localhost:3000/login?_rsc=10ciw → 200 (25ms, 5319B)
[2026-03-29T04:07:01.278Z] GET http://localhost:3000/_next/static/chunks/_0pwf4qe._.js → 200 (6ms, ?B)
[2026-03-29T04:07:01.278Z] GET http://localhost:3000/_next/static/chunks/apps_web_app_login_page_tsx_0q9a4f8._.js → 200 (7ms, ?B)
[2026-03-29T04:07:01.300Z] GET http://localhost:3000/_next/static/chunks/_0pwf4qe._.js → 304 (7ms, ?B)
[2026-03-29T04:07:01.300Z] GET http://localhost:3000/_next/static/chunks/apps_web_app_login_page_tsx_0q9a4f8._.js → 304 (7ms, 271B)
[2026-03-29T04:07:12.660Z] POST http://localhost:3000/api/auth/sign-in/email → 200 (154ms, 302B)
[2026-03-29T04:07:12.818Z] GET http://localhost:3000/dashboard?_rsc=1rsyp → 200 (18ms, 5530B)
[2026-03-29T04:07:26.627Z] POST http://localhost:3000/api/projects → 201 (44ms, 243B)
[2026-03-29T04:07:26.672Z] GET http://localhost:3000/editor/6-rRcl3NdH?_rsc=10ciw → 200 (39ms, 12669B)
[2026-03-29T04:07:26.753Z] GET http://localhost:3000/_next/static/chunks/node_modules_%40aedifex_core_dist_index_0.~9c7t.js → 200 (74ms, 649B)
[2026-03-29T04:07:26.753Z] GET http://localhost:3000/_next/static/chunks/node_modules_next_0c4b-5d._.js → 200 (73ms, 244125B)
[2026-03-29T04:07:26.753Z] GET http://localhost:3000/_next/static/chunks/node_modules_%40aedifex_core_dist_0l7.f8x._.js → 200 (74ms, 360990B)
[2026-03-29T04:07:26.753Z] GET http://localhost:3000/_next/static/chunks/node_modules_zod_0~w4s--._.js → 200 (74ms, 938123B)
[2026-03-29T04:07:26.755Z] GET http://localhost:3000/_next/static/chunks/node_modules_three_build_three_core_0qefhn6.js → 200 (84ms, 1547563B)
[2026-03-29T04:07:26.755Z] GET http://localhost:3000/_next/static/chunks/node_modules_three_build_three_module_024z3_h.js → 200 (79ms, 811406B)
[2026-03-29T04:07:26.755Z] GET http://localhost:3000/_next/static/chunks/node_modules_three_build_three_webgpu_01.b56z.js → 200 (112ms, ?B)
[2026-03-29T04:07:26.773Z] GET http://localhost:3000/_next/static/chunks/node_modules_three_build_three_tsl_0p90gfk.js → 200 (55ms, 156313B)
[2026-03-29T04:07:26.773Z] GET http://localhost:3000/_next/static/chunks/node_modules_three_build_0ozlpf0._.js → 200 (61ms, 214832B)
[2026-03-29T04:07:26.783Z] GET http://localhost:3000/_next/static/chunks/node_modules_three_examples_jsm_0fklzb1._.js → 200 (52ms, 501621B)
[2026-03-29T04:07:26.794Z] GET http://localhost:3000/_next/static/chunks/node_modules_three_src_0d0mc0p._.js → 200 (46ms, 59762B)
[2026-03-29T04:07:26.794Z] GET http://localhost:3000/_next/static/chunks/node_modules_%40react-three_fiber_dist_01zc48v._.js → 200 (109ms, ?B)
[2026-03-29T04:07:26.794Z] GET http://localhost:3000/_next/static/chunks/node_modules_three-bvh-csg_src_0jy.4pg._.js → 200 (74ms, ?B)
[2026-03-29T04:07:26.794Z] GET http://localhost:3000/_next/static/chunks/node_modules_066wwa3._.js → 200 (74ms, ?B)
[2026-03-29T04:07:26.795Z] GET http://localhost:3000/_next/static/chunks/node_modules_%40aedifex_viewer_dist_13-h0wg._.js → 200 (138ms, ?B)
[2026-03-29T04:07:26.795Z] GET http://localhost:3000/_next/static/chunks/node_modules_three-stdlib_00s9d_7._.js → 200 (73ms, ?B)
[2026-03-29T04:07:26.795Z] GET http://localhost:3000/_next/static/chunks/_04eee0.._.js → 200 (138ms, ?B)
[2026-03-29T04:07:26.795Z] GET http://localhost:3000/_next/static/chunks/node_modules_motion-dom_dist_es_0yvtfr6._.js → 200 (139ms, ?B)
[2026-03-29T04:07:26.795Z] GET http://localhost:3000/_next/static/chunks/node_modules_framer-motion_dist_es_0u-q4w1._.js → 200 (138ms, ?B)
[2026-03-29T04:07:26.796Z] GET http://localhost:3000/_next/static/chunks/node_modules_tailwind-merge_dist_bundle-mjs_mjs_0ezz.e5._.js → 200 (138ms, ?B)
[2026-03-29T04:07:26.796Z] GET http://localhost:3000/_next/static/chunks/node_modules_%40aedifex_editor_src_components_ui_primitives_0p4gol2._.js → 200 (138ms, ?B)
[2026-03-29T04:07:26.801Z] GET http://localhost:3000/_next/static/chunks/node_modules_%40aedifex_editor_src_components_ui_panels_014ye9i._.js → 200 (148ms, ?B)
[2026-03-29T04:07:26.801Z] GET http://localhost:3000/_next/static/chunks/node_modules_%40aedifex_editor_src_components_ui_command-palette_0n50txs._.js → 200 (148ms, ?B)
[2026-03-29T04:07:26.802Z] GET http://localhost:3000/_next/static/chunks/node_modules_%40aedifex_editor_src_components_ui_sidebar_0v.kivs._.js → pending (?ms, ?B)
[2026-03-29T04:07:26.802Z] GET http://localhost:3000/_next/static/chunks/node_modules_%40aedifex_editor_src_components_ui_0ryfiu4._.js → pending (?ms, ?B)
[2026-03-29T04:07:26.802Z] GET http://localhost:3000/_next/static/chunks/node_modules_%40aedifex_editor_src_components_tools_00lymai._.js → pending (?ms, ?B)
[2026-03-29T04:07:26.802Z] GET http://localhost:3000/_next/static/chunks/node_modules_%40aedifex_editor_src_components_ai_0-q1vn6._.js → pending (?ms, ?B)
[2026-03-29T04:07:26.802Z] GET http://localhost:3000/_next/static/chunks/node_modules_%40aedifex_editor_src_components_editor_0sp5ica._.js → pending (?ms, ?B)
[2026-03-29T04:07:26.802Z] GET http://localhost:3000/_next/static/chunks/node_modules_%40aedifex_editor_src_components_0zikryg._.js → pending (?ms, ?B)
[2026-03-29T04:07:26.802Z] GET http://localhost:3000/_next/static/chunks/node_modules_%40aedifex_editor_src_0g8m9sq._.js → pending (?ms, ?B)
[2026-03-29T04:07:26.802Z] GET http://localhost:3000/_next/static/chunks/node_modules_%40visual-json_react_dist_index_mjs_0yl8d61._.js → pending (?ms, ?B)
[2026-03-29T04:07:26.802Z] GET http://localhost:3000/_next/static/chunks/node_modules_%40radix-ui_07jsofp._.js → pending (?ms, ?B)
[2026-03-29T04:07:26.809Z] GET http://localhost:3000/_next/static/chunks/node_modules_%40floating-ui_04skdch._.js → pending (?ms, ?B)
[2026-03-29T04:07:26.818Z] GET http://localhost:3000/_next/static/chunks/node_modules_0j8ofz3._.js → pending (?ms, ?B)
[2026-03-29T04:07:26.818Z] GET http://localhost:3000/_next/static/chunks/apps_web_app_components_0ajl26h._.js → pending (?ms, ?B)
[2026-03-29T04:07:26.823Z] GET http://localhost:3000/_next/static/chunks/apps_web_app_editor_%5BprojectId%5D_page_tsx_0q9a4f8._.js → pending (?ms, ?B)
[2026-03-29T04:07:27.164Z] GET http://localhost:3000/audios/sfx/grid_snap.mp3 → 404 (245ms, 12374B)
[2026-03-29T04:07:27.164Z] GET http://localhost:3000/audios/sfx/item_delete.mp3 → 404 (245ms, 12376B)
[2026-03-29T04:07:27.165Z] GET http://localhost:3000/audios/sfx/item_pick.mp3 → 404 (244ms, 12374B)
[2026-03-29T04:07:27.165Z] GET http://localhost:3000/audios/sfx/item_place.mp3 → 404 (244ms, 12375B)
[2026-03-29T04:07:27.165Z] GET http://localhost:3000/audios/sfx/item_rotate.mp3 → 404 (244ms, 12376B)
[2026-03-29T04:07:27.165Z] GET http://localhost:3000/audios/sfx/structure_build.mp3 → 404 (244ms, 12380B)
[2026-03-29T04:07:27.166Z] GET http://localhost:3000/audios/sfx/structure_delete.mp3 → 404 (430ms, 12381B)
[2026-03-29T04:07:27.250Z] GET http://localhost:3000/icons/room.png → 404 (353ms, 3020B)
[2026-03-29T04:07:27.250Z] GET http://localhost:3000/icons/mesh.png → 404 (347ms, 3020B)
[2026-03-29T04:07:27.256Z] GET http://localhost:3000/icons/floorplan.png → 404 (342ms, 3020B)
[2026-03-29T04:07:27.256Z] GET http://localhost:3000/icons/blueprint.png → 404 (348ms, 3020B)
[2026-03-29T04:07:27.268Z] GET http://localhost:3000/icons/level.png → 404 (693ms, 3020B)
[2026-03-29T04:07:27.268Z] GET http://localhost:3000/icons/settings.png → 404 (689ms, 3020B)
[2026-03-29T04:07:27.389Z] GET http://localhost:3000/_next/static/chunks/node_modules_%40aedifex_core_dist_index_0.~9c7t.js → 200 (564ms, 649B)
[2026-03-29T04:07:27.390Z] GET http://localhost:3000/_next/static/chunks/node_modules_next_0c4b-5d._.js → 200 (545ms, 244125B)
[2026-03-29T04:07:27.390Z] GET http://localhost:3000/_next/static/chunks/node_modules_%40aedifex_core_dist_0l7.f8x._.js → 200 (578ms, ?B)
[2026-03-29T04:07:27.391Z] GET http://localhost:3000/_next/static/chunks/node_modules_zod_0~w4s--._.js → pending (?ms, ?B)
[2026-03-29T04:07:27.391Z] GET http://localhost:3000/_next/static/chunks/node_modules_three_build_three_core_0qefhn6.js → pending (?ms, ?B)
[2026-03-29T04:07:27.391Z] GET http://localhost:3000/_next/static/chunks/node_modules_three_build_three_module_024z3_h.js → pending (?ms, ?B)
[2026-03-29T04:07:27.392Z] GET http://localhost:3000/_next/static/chunks/node_modules_three_build_three_webgpu_01.b56z.js → pending (?ms, ?B)
[2026-03-29T04:07:27.392Z] GET http://localhost:3000/_next/static/chunks/node_modules_three_build_three_tsl_0p90gfk.js → pending (?ms, ?B)
[2026-03-29T04:07:27.392Z] GET http://localhost:3000/_next/static/chunks/node_modules_three_build_0ozlpf0._.js → pending (?ms, ?B)
[2026-03-29T04:07:27.393Z] GET http://localhost:3000/_next/static/chunks/node_modules_three_examples_jsm_0fklzb1._.js → pending (?ms, ?B)
[2026-03-29T04:07:27.393Z] GET http://localhost:3000/_next/static/chunks/node_modules_three_src_0d0mc0p._.js → pending (?ms, ?B)
[2026-03-29T04:07:27.393Z] GET http://localhost:3000/_next/static/chunks/node_modules_%40react-three_fiber_dist_01zc48v._.js → pending (?ms, ?B)
[2026-03-29T04:07:27.394Z] GET http://localhost:3000/_next/static/chunks/node_modules_three-bvh-csg_src_0jy.4pg._.js → pending (?ms, ?B)
[2026-03-29T04:07:27.394Z] GET http://localhost:3000/_next/static/chunks/node_modules_066wwa3._.js → pending (?ms, ?B)
[2026-03-29T04:07:27.394Z] GET http://localhost:3000/_next/static/chunks/node_modules_%40aedifex_viewer_dist_13-h0wg._.js → pending (?ms, ?B)
[2026-03-29T04:07:27.402Z] GET http://localhost:3000/_next/static/chunks/node_modules_three-stdlib_00s9d_7._.js → pending (?ms, ?B)
[2026-03-29T04:07:27.403Z] GET http://localhost:3000/_next/static/chunks/_04eee0.._.js → pending (?ms, ?B)
[2026-03-29T04:07:27.403Z] GET http://localhost:3000/_next/static/chunks/node_modules_motion-dom_dist_es_0yvtfr6._.js → pending (?ms, ?B)
[2026-03-29T04:07:27.404Z] GET http://localhost:3000/_next/static/chunks/node_modules_framer-motion_dist_es_0u-q4w1._.js → pending (?ms, ?B)
[2026-03-29T04:07:27.404Z] GET http://localhost:3000/_next/static/chunks/node_modules_tailwind-merge_dist_bundle-mjs_mjs_0ezz.e5._.js → pending (?ms, ?B)
[2026-03-29T04:07:27.405Z] GET http://localhost:3000/_next/static/chunks/node_modules_%40aedifex_editor_src_components_ui_primitives_0p4gol2._.js → pending (?ms, ?B)
[2026-03-29T04:07:27.405Z] GET http://localhost:3000/_next/static/chunks/node_modules_%40aedifex_editor_src_components_ui_panels_014ye9i._.js → pending (?ms, ?B)
[2026-03-29T04:07:27.405Z] GET http://localhost:3000/_next/static/chunks/node_modules_%40aedifex_editor_src_components_ui_command-palette_0n50txs._.js → pending (?ms, ?B)
[2026-03-29T04:07:27.406Z] GET http://localhost:3000/_next/static/chunks/node_modules_%40aedifex_editor_src_components_ui_sidebar_0v.kivs._.js → pending (?ms, ?B)
[2026-03-29T04:07:27.406Z] GET http://localhost:3000/_next/static/chunks/node_modules_%40aedifex_editor_src_components_ui_0ryfiu4._.js → pending (?ms, ?B)
[2026-03-29T04:07:27.406Z] GET http://localhost:3000/_next/static/chunks/node_modules_%40aedifex_editor_src_components_tools_00lymai._.js → pending (?ms, ?B)
[2026-03-29T04:07:27.407Z] GET http://localhost:3000/_next/static/chunks/node_modules_%40aedifex_editor_src_components_ai_0-q1vn6._.js → pending (?ms, ?B)
[2026-03-29T04:07:27.407Z] GET http://localhost:3000/_next/static/chunks/node_modules_%40aedifex_editor_src_components_editor_0sp5ica._.js → pending (?ms, ?B)
[2026-03-29T04:07:27.407Z] GET http://localhost:3000/_next/static/chunks/node_modules_%40aedifex_editor_src_components_0zikryg._.js → pending (?ms, ?B)
[2026-03-29T04:07:27.407Z] GET http://localhost:3000/_next/static/chunks/node_modules_%40aedifex_editor_src_0g8m9sq._.js → pending (?ms, ?B)
[2026-03-29T04:07:27.407Z] GET http://localhost:3000/_next/static/chunks/node_modules_%40visual-json_react_dist_index_mjs_0yl8d61._.js → pending (?ms, ?B)
[2026-03-29T04:07:27.407Z] GET http://localhost:3000/_next/static/chunks/node_modules_%40radix-ui_07jsofp._.js → pending (?ms, ?B)
[2026-03-29T04:07:27.407Z] GET http://localhost:3000/_next/static/chunks/node_modules_%40floating-ui_04skdch._.js → pending (?ms, ?B)
[2026-03-29T04:07:27.407Z] GET http://localhost:3000/_next/static/chunks/node_modules_0j8ofz3._.js → pending (?ms, ?B)
[2026-03-29T04:07:27.408Z] GET http://localhost:3000/_next/static/chunks/apps_web_app_components_0ajl26h._.js → pending (?ms, ?B)
[2026-03-29T04:07:27.408Z] GET http://localhost:3000/_next/static/chunks/apps_web_app_editor_%5BprojectId%5D_page_tsx_0q9a4f8._.js → pending (?ms, ?B)
[2026-03-29T04:07:27.408Z] GET http://localhost:3000/api/projects/6-rRcl3NdH → pending (?ms, ?B)
[2026-03-29T04:07:27.408Z] GET http://localhost:3000/api/projects/6-rRcl3NdH → 200 (317ms, 243B)
[2026-03-29T04:07:27.408Z] GET http://localhost:3000/_next/image?url=%2Ficons%2Fwall.png&w=32&q=75 → 400 (330ms, 43B)
[2026-03-29T04:07:27.408Z] GET http://localhost:3000/_next/image?url=%2Ficons%2Ffloor.png&w=32&q=75 → 400 (488ms, 43B)
[2026-03-29T04:07:27.408Z] GET http://localhost:3000/_next/image?url=%2Ficons%2Fceiling.png&w=32&q=75 → 400 (315ms, 43B)
[2026-03-29T04:07:27.408Z] GET http://localhost:3000/_next/image?url=%2Ficons%2Froof.png&w=32&q=75 → 400 (321ms, 43B)
[2026-03-29T04:07:27.408Z] GET http://localhost:3000/_next/image?url=%2Ficons%2Fdoor.png&w=32&q=75 → 400 (427ms, 43B)
[2026-03-29T04:07:27.408Z] GET http://localhost:3000/_next/image?url=%2Ficons%2Fwindow.png&w=32&q=75 → 400 (490ms, 43B)
[2026-03-29T04:07:27.408Z] GET http://localhost:3000/_next/image?url=%2Ficons%2Fselect.png&w=32&q=75 → 400 (332ms, 43B)
[2026-03-29T04:07:27.409Z] GET http://localhost:3000/_next/image?url=%2Ficons%2Fbuild.png&w=32&q=75 → 400 (477ms, 43B)
[2026-03-29T04:07:27.409Z] GET http://localhost:3000/_next/image?url=%2Ficons%2Frotate.png&w=32&q=75 → 400 (427ms, 43B)
[2026-03-29T04:07:27.409Z] GET http://localhost:3000/_next/image?url=%2Ficons%2Ftopview.png&w=32&q=75 → 400 (427ms, 43B)
[2026-03-29T04:07:27.410Z] GET https://api.iconify.design/icon-park-outline.json?icons=perspective → 200 (?ms, 399B)
[2026-03-29T04:07:27.410Z] GET https://api.iconify.design/charm.json?icons=stack-push → 200 (?ms, 347B)
[2026-03-29T04:07:27.410Z] GET https://api.iconify.design/ph.json?icons=mouse-left-click-fill → 200 (1ms, 391B)
[2026-03-29T04:07:27.475Z] GET http://localhost:3000/icons/wall.png → 404 (470ms, 3020B)
[2026-03-29T04:07:27.552Z] POST http://localhost:3000/__nextjs_original-stack-frames → 200 (334ms, 676B)
[2026-03-29T04:07:28.205Z] GET http://localhost:3000/icons/site.png → 404 (129ms, 3020B)
[2026-03-29T04:07:28.205Z] GET http://localhost:3000/icons/building.png → 404 (131ms, 3020B)
[2026-03-29T04:07:28.205Z] GET http://localhost:3000/icons/level.png → 404 (133ms, 3020B)
[2026-03-29T04:07:28.205Z] GET http://localhost:3000/icons/room.png → 404 (133ms, 3020B)
[2026-03-29T04:07:28.205Z] GET http://localhost:3000/icons/couch.png → 404 (134ms, 3020B)
[2026-03-29T04:07:28.205Z] GET http://localhost:3000/icons/kitchen.png → 404 (141ms, 3020B)
[2026-03-29T04:07:28.293Z] GET https://api.iconify.design/lucide.json?icons=space%2Cx → 200 (3ms, 433B)
[2026-03-29T04:07:28.293Z] GET https://api.iconify.design/ph.json?icons=mouse-right-click-fill → 200 (3ms, 391B)
[2026-03-29T04:07:28.293Z] GET https://api.iconify.design/qlementine-icons.json?icons=mouse-middle-button-16 → 200 (3ms, 1094B)
[2026-03-29T04:07:34.227Z] GET http://localhost:3000/dashboard → 200 (58ms, 16574B)
[2026-03-29T04:07:34.288Z] GET http://localhost:3000/_next/static/chunks/apps_web_app_globals_0xyo3ls.css → 304 (11ms, ?B)
[2026-03-29T04:07:34.292Z] GET http://localhost:3000/_next/static/chunks/%5Bturbopack%5D_browser_dev_hmr-client_hmr-client_ts_10z625~._.js → 200 (13ms, 675B)
[2026-03-29T04:07:34.293Z] GET http://localhost:3000/_next/static/chunks/node_modules_next_dist_compiled_next-devtools_index_0553esy.js → 200 (25ms, 746592B)
[2026-03-29T04:07:34.293Z] GET http://localhost:3000/_next/static/chunks/node_modules_next_dist_compiled_react-dom_058-ah~._.js → 200 (25ms, 1057980B)
[2026-03-29T04:07:34.293Z] GET http://localhost:3000/_next/static/chunks/node_modules_next_dist_compiled_react-server-dom-turbopack_0p3wegg._.js → 200 (12ms, 174634B)
[2026-03-29T04:07:34.293Z] GET http://localhost:3000/_next/static/chunks/node_modules_next_dist_compiled_0rpq4pf._.js → 200 (26ms, 144344B)
[2026-03-29T04:07:34.293Z] GET http://localhost:3000/_next/static/chunks/node_modules_next_dist_client_0fhqo1d._.js → 200 (27ms, 742815B)
[2026-03-29T04:07:34.293Z] GET http://localhost:3000/_next/static/chunks/node_modules_next_dist_115brz8._.js → 200 (26ms, 246103B)
[2026-03-29T04:07:34.293Z] GET http://localhost:3000/_next/static/chunks/node_modules_%40swc_helpers_cjs_0-4ujiy._.js → 200 (26ms, 1984B)
[2026-03-29T04:07:34.293Z] GET http://localhost:3000/_next/static/chunks/apps_web_0rqeker._.js → 200 (27ms, 756B)
[2026-03-29T04:07:34.293Z] GET http://localhost:3000/_next/static/chunks/turbopack-apps_web_0p44nws._.js → 200 (27ms, 91093B)
[2026-03-29T04:07:34.293Z] GET http://localhost:3000/_next/static/chunks/node_modules_next_dist_0tt2wve._.js → 200 (39ms, 208717B)
[2026-03-29T04:07:34.293Z] GET http://localhost:3000/_next/static/chunks/apps_web_app_layout_tsx_004glpo._.js → 200 (40ms, 312B)
[2026-03-29T04:07:34.293Z] GET http://localhost:3000/_next/static/chunks/node_modules_next_dist_client_components_builtin_global-error_0q9a4f8.js → 200 (86ms, 212B)
[2026-03-29T04:07:34.293Z] GET http://localhost:3000/_next/static/chunks/_03p8es7._.js → 200 (86ms, 184270B)
[2026-03-29T04:07:34.293Z] GET http://localhost:3000/_next/static/chunks/_0om3g16._.js → 200 (86ms, 19429B)
[2026-03-29T04:07:34.293Z] GET http://localhost:3000/_next/static/chunks/apps_web_app_dashboard_layout_tsx_0q9a4f8._.js → 200 (86ms, 271B)
[2026-03-29T04:07:34.293Z] GET http://localhost:3000/_next/static/chunks/apps_web_0q812xr._.js → 200 (86ms, 59977B)
[2026-03-29T04:07:34.293Z] GET http://localhost:3000/_next/static/chunks/apps_web_app_dashboard_page_tsx_00jkz0g._.js → 200 (86ms, 249B)
[2026-03-29T04:07:34.332Z] GET http://localhost:3000/_next/static/chunks/%5Bturbopack%5D_browser_dev_hmr-client_hmr-client_ts_0yjw1oe._.js → 200 (48ms, 15461B)
[2026-03-29T04:07:34.332Z] GET http://localhost:3000/_next/static/chunks/%5Bturbopack%5D_browser_dev_hmr-client_hmr-client_ts_10mygs7._.js → 200 (48ms, 289B)
[2026-03-29T04:07:34.380Z] GET http://localhost:3000/__nextjs_font/geist-latin.woff2 → 200 (?ms, ?B)
[2026-03-29T04:07:53.326Z] DELETE http://localhost:3000/api/projects/6-rRcl3NdH → 200 (30ms, 16B)
[2026-03-29T04:08:02.696Z] POST http://localhost:3000/api/projects → 201 (23ms, 243B)
[2026-03-29T04:08:02.720Z] GET http://localhost:3000/editor/QhxwztNIpP?_rsc=1989a → 200 (21ms, 12669B)
[2026-03-29T04:08:02.766Z] GET http://localhost:3000/_next/static/chunks/node_modules_%40aedifex_core_dist_index_0.~9c7t.js → 200 (4ms, 649B)
[2026-03-29T04:08:02.766Z] GET http://localhost:3000/_next/static/chunks/node_modules_next_0c4b-5d._.js → 200 (9ms, 244125B)
[2026-03-29T04:08:02.767Z] GET http://localhost:3000/_next/static/chunks/node_modules_%40aedifex_core_dist_0l7.f8x._.js → 200 (35ms, 360990B)
[2026-03-29T04:08:02.767Z] GET http://localhost:3000/_next/static/chunks/node_modules_zod_0~w4s--._.js → 200 (36ms, 938123B)
[2026-03-29T04:08:02.767Z] GET http://localhost:3000/_next/static/chunks/node_modules_three_build_three_core_0qefhn6.js → 200 (38ms, 1547563B)
[2026-03-29T04:08:02.767Z] GET http://localhost:3000/_next/static/chunks/node_modules_three_build_three_module_024z3_h.js → 200 (38ms, 811406B)
[2026-03-29T04:08:02.767Z] GET http://localhost:3000/_next/static/chunks/node_modules_three_build_three_webgpu_01.b56z.js → 200 (58ms, 2341348B)
[2026-03-29T04:08:02.767Z] GET http://localhost:3000/_next/static/chunks/node_modules_three_build_three_tsl_0p90gfk.js → 200 (35ms, 156313B)
[2026-03-29T04:08:02.767Z] GET http://localhost:3000/_next/static/chunks/node_modules_three_build_0ozlpf0._.js → 200 (37ms, 214832B)
[2026-03-29T04:08:02.767Z] GET http://localhost:3000/_next/static/chunks/node_modules_three_examples_jsm_0fklzb1._.js → 200 (37ms, 501621B)
[2026-03-29T04:08:02.767Z] GET http://localhost:3000/_next/static/chunks/node_modules_three_src_0d0mc0p._.js → 200 (39ms, 59762B)
[2026-03-29T04:08:02.767Z] GET http://localhost:3000/_next/static/chunks/node_modules_%40react-three_fiber_dist_01zc48v._.js → 200 (84ms, 815218B)
[2026-03-29T04:08:02.767Z] GET http://localhost:3000/_next/static/chunks/node_modules_three-bvh-csg_src_0jy.4pg._.js → 200 (58ms, 213373B)
[2026-03-29T04:08:02.767Z] GET http://localhost:3000/_next/static/chunks/node_modules_066wwa3._.js → 200 (61ms, 599543B)
[2026-03-29T04:08:02.767Z] GET http://localhost:3000/_next/static/chunks/node_modules_%40aedifex_viewer_dist_13-h0wg._.js → 200 (61ms, 386843B)
[2026-03-29T04:08:02.767Z] GET http://localhost:3000/_next/static/chunks/node_modules_three-stdlib_00s9d_7._.js → 200 (60ms, 208953B)
[2026-03-29T04:08:02.767Z] GET http://localhost:3000/_next/static/chunks/_04eee0.._.js → 200 (76ms, 155185B)
[2026-03-29T04:08:02.767Z] GET http://localhost:3000/_next/static/chunks/node_modules_motion-dom_dist_es_0yvtfr6._.js → 200 (84ms, 610676B)
[2026-03-29T04:08:02.767Z] GET http://localhost:3000/_next/static/chunks/node_modules_framer-motion_dist_es_0u-q4w1._.js → 200 (76ms, 249908B)
[2026-03-29T04:08:02.767Z] GET http://localhost:3000/_next/static/chunks/node_modules_tailwind-merge_dist_bundle-mjs_mjs_0ezz.e5._.js → 200 (75ms, 149216B)
[2026-03-29T04:08:02.767Z] GET http://localhost:3000/_next/static/chunks/node_modules_%40aedifex_editor_src_components_ui_primitives_0p4gol2._.js → 200 (84ms, 173797B)
[2026-03-29T04:08:02.767Z] GET http://localhost:3000/_next/static/chunks/node_modules_%40aedifex_editor_src_components_ui_panels_014ye9i._.js → 200 (85ms, 586762B)
[2026-03-29T04:08:02.767Z] GET http://localhost:3000/_next/static/chunks/node_modules_%40aedifex_editor_src_components_ui_command-palette_0n50txs._.js → 200 (85ms, 159290B)
[2026-03-29T04:08:02.767Z] GET http://localhost:3000/_next/static/chunks/node_modules_%40aedifex_editor_src_components_ui_sidebar_0v.kivs._.js → 200 (91ms, 620935B)
[2026-03-29T04:08:02.768Z] GET http://localhost:3000/_next/static/chunks/node_modules_%40aedifex_editor_src_components_ui_0ryfiu4._.js → 200 (90ms, 327971B)
[2026-03-29T04:08:02.768Z] GET http://localhost:3000/_next/static/chunks/node_modules_%40aedifex_editor_src_components_tools_00lymai._.js → 200 (92ms, 577628B)
[2026-03-29T04:08:02.768Z] GET http://localhost:3000/_next/static/chunks/node_modules_%40aedifex_editor_src_components_ai_0-q1vn6._.js → 200 (90ms, 305177B)
[2026-03-29T04:08:02.768Z] GET http://localhost:3000/_next/static/chunks/node_modules_%40aedifex_editor_src_components_editor_0sp5ica._.js → 200 (92ms, ?B)
[2026-03-29T04:08:02.768Z] GET http://localhost:3000/_next/static/chunks/node_modules_%40aedifex_editor_src_components_0zikryg._.js → 200 (125ms, ?B)
[2026-03-29T04:08:02.768Z] GET http://localhost:3000/_next/static/chunks/node_modules_%40aedifex_editor_src_0g8m9sq._.js → 200 (125ms, ?B)
[2026-03-29T04:08:02.768Z] GET http://localhost:3000/_next/static/chunks/node_modules_%40visual-json_react_dist_index_mjs_0yl8d61._.js → 200 (183ms, ?B)
[2026-03-29T04:08:02.768Z] GET http://localhost:3000/_next/static/chunks/node_modules_%40radix-ui_07jsofp._.js → 200 (183ms, ?B)
[2026-03-29T04:08:02.768Z] GET http://localhost:3000/_next/static/chunks/node_modules_%40floating-ui_04skdch._.js → 200 (183ms, ?B)
[2026-03-29T04:08:02.768Z] GET http://localhost:3000/_next/static/chunks/node_modules_0j8ofz3._.js → 200 (183ms, ?B)
[2026-03-29T04:08:02.769Z] GET http://localhost:3000/_next/static/chunks/apps_web_app_components_0ajl26h._.js → 200 (182ms, ?B)
[2026-03-29T04:08:02.769Z] GET http://localhost:3000/_next/static/chunks/apps_web_app_editor_%5BprojectId%5D_page_tsx_0q9a4f8._.js → 200 (182ms, ?B)
[2026-03-29T04:08:03.111Z] GET http://localhost:3000/audios/sfx/grid_snap.mp3 → 404 (551ms, 12374B)
[2026-03-29T04:08:03.119Z] GET http://localhost:3000/audios/sfx/item_delete.mp3 → 404 (543ms, 12376B)
[2026-03-29T04:08:03.121Z] GET http://localhost:3000/audios/sfx/item_pick.mp3 → 404 (544ms, 12374B)
[2026-03-29T04:08:03.165Z] GET http://localhost:3000/audios/sfx/item_place.mp3 → 404 (501ms, 12375B)
[2026-03-29T04:08:03.165Z] GET http://localhost:3000/audios/sfx/item_rotate.mp3 → 404 (503ms, 12376B)
[2026-03-29T04:08:03.178Z] GET http://localhost:3000/audios/sfx/structure_build.mp3 → 404 (500ms, 12380B)
[2026-03-29T04:08:03.187Z] GET http://localhost:3000/audios/sfx/structure_delete.mp3 → pending (?ms, ?B)
[2026-03-29T04:08:03.241Z] GET http://localhost:3000/icons/room.png → pending (?ms, ?B)
[2026-03-29T04:08:03.241Z] GET http://localhost:3000/icons/mesh.png → pending (?ms, ?B)
[2026-03-29T04:08:03.241Z] GET http://localhost:3000/icons/floorplan.png → pending (?ms, ?B)
[2026-03-29T04:08:03.241Z] GET http://localhost:3000/icons/blueprint.png → pending (?ms, ?B)
[2026-03-29T04:08:03.241Z] GET http://localhost:3000/icons/level.png → pending (?ms, ?B)
[2026-03-29T04:08:03.241Z] GET http://localhost:3000/icons/settings.png → pending (?ms, ?B)
[2026-03-29T04:08:03.403Z] GET http://localhost:3000/_next/static/chunks/node_modules_%40aedifex_core_dist_index_0.~9c7t.js → pending (?ms, ?B)
[2026-03-29T04:08:03.406Z] GET http://localhost:3000/_next/static/chunks/node_modules_next_0c4b-5d._.js → pending (?ms, ?B)
[2026-03-29T04:08:03.407Z] GET http://localhost:3000/_next/static/chunks/node_modules_%40aedifex_core_dist_0l7.f8x._.js → pending (?ms, ?B)
[2026-03-29T04:08:03.408Z] GET http://localhost:3000/_next/static/chunks/node_modules_zod_0~w4s--._.js → pending (?ms, ?B)
[2026-03-29T04:08:03.408Z] GET http://localhost:3000/_next/static/chunks/node_modules_three_build_three_core_0qefhn6.js → pending (?ms, ?B)
[2026-03-29T04:08:03.417Z] GET http://localhost:3000/_next/static/chunks/node_modules_three_build_three_module_024z3_h.js → pending (?ms, ?B)
[2026-03-29T04:08:03.449Z] GET http://localhost:3000/_next/static/chunks/node_modules_three_build_three_webgpu_01.b56z.js → pending (?ms, ?B)
[2026-03-29T04:08:03.450Z] GET http://localhost:3000/_next/static/chunks/node_modules_three_build_three_tsl_0p90gfk.js → pending (?ms, ?B)
[2026-03-29T04:08:03.451Z] GET http://localhost:3000/_next/static/chunks/node_modules_three_build_0ozlpf0._.js → pending (?ms, ?B)
[2026-03-29T04:08:03.451Z] GET http://localhost:3000/_next/static/chunks/node_modules_three_examples_jsm_0fklzb1._.js → pending (?ms, ?B)
[2026-03-29T04:08:03.451Z] GET http://localhost:3000/_next/static/chunks/node_modules_three_src_0d0mc0p._.js → pending (?ms, ?B)
[2026-03-29T04:08:03.451Z] GET http://localhost:3000/_next/static/chunks/node_modules_%40react-three_fiber_dist_01zc48v._.js → pending (?ms, ?B)
[2026-03-29T04:08:03.452Z] GET http://localhost:3000/_next/static/chunks/node_modules_three-bvh-csg_src_0jy.4pg._.js → pending (?ms, ?B)
[2026-03-29T04:08:03.452Z] GET http://localhost:3000/_next/static/chunks/node_modules_066wwa3._.js → pending (?ms, ?B)
[2026-03-29T04:08:03.458Z] GET http://localhost:3000/_next/static/chunks/node_modules_%40aedifex_viewer_dist_13-h0wg._.js → pending (?ms, ?B)
[2026-03-29T04:08:03.458Z] GET http://localhost:3000/_next/static/chunks/node_modules_three-stdlib_00s9d_7._.js → pending (?ms, ?B)
[2026-03-29T04:08:03.459Z] GET http://localhost:3000/_next/static/chunks/_04eee0.._.js → pending (?ms, ?B)
[2026-03-29T04:08:03.459Z] GET http://localhost:3000/_next/static/chunks/node_modules_motion-dom_dist_es_0yvtfr6._.js → pending (?ms, ?B)
[2026-03-29T04:08:03.466Z] GET http://localhost:3000/_next/static/chunks/node_modules_framer-motion_dist_es_0u-q4w1._.js → pending (?ms, ?B)
[2026-03-29T04:08:03.473Z] GET http://localhost:3000/_next/static/chunks/node_modules_tailwind-merge_dist_bundle-mjs_mjs_0ezz.e5._.js → pending (?ms, ?B)
[2026-03-29T04:08:03.490Z] GET http://localhost:3000/_next/static/chunks/node_modules_%40aedifex_editor_src_components_ui_primitives_0p4gol2._.js → pending (?ms, ?B)
[2026-03-29T04:08:03.490Z] GET http://localhost:3000/_next/static/chunks/node_modules_%40aedifex_editor_src_components_ui_panels_014ye9i._.js → pending (?ms, ?B)
[2026-03-29T04:08:03.491Z] GET http://localhost:3000/_next/static/chunks/node_modules_%40aedifex_editor_src_components_ui_command-palette_0n50txs._.js → pending (?ms, ?B)
[2026-03-29T04:08:03.491Z] GET http://localhost:3000/_next/static/chunks/node_modules_%40aedifex_editor_src_components_ui_sidebar_0v.kivs._.js → pending (?ms, ?B)
[2026-03-29T04:08:03.492Z] GET http://localhost:3000/_next/static/chunks/node_modules_%40aedifex_editor_src_components_ui_0ryfiu4._.js → pending (?ms, ?B)
[2026-03-29T04:08:03.492Z] GET http://localhost:3000/_next/static/chunks/node_modules_%40aedifex_editor_src_components_tools_00lymai._.js → pending (?ms, ?B)
[2026-03-29T04:08:03.493Z] GET http://localhost:3000/_next/static/chunks/node_modules_%40aedifex_editor_src_components_ai_0-q1vn6._.js → pending (?ms, ?B)
[2026-03-29T04:08:03.493Z] GET http://localhost:3000/_next/static/chunks/node_modules_%40aedifex_editor_src_components_editor_0sp5ica._.js → pending (?ms, ?B)
[2026-03-29T04:08:03.494Z] GET http://localhost:3000/_next/static/chunks/node_modules_%40aedifex_editor_src_components_0zikryg._.js → pending (?ms, ?B)
[2026-03-29T04:08:03.495Z] GET http://localhost:3000/_next/static/chunks/node_modules_%40aedifex_editor_src_0g8m9sq._.js → pending (?ms, ?B)
[2026-03-29T04:08:03.495Z] GET http://localhost:3000/_next/static/chunks/node_modules_%40visual-json_react_dist_index_mjs_0yl8d61._.js → pending (?ms, ?B)
[2026-03-29T04:08:03.498Z] GET http://localhost:3000/_next/static/chunks/node_modules_%40radix-ui_07jsofp._.js → pending (?ms, ?B)
[2026-03-29T04:08:03.499Z] GET http://localhost:3000/_next/static/chunks/node_modules_%40floating-ui_04skdch._.js → pending (?ms, ?B)
[2026-03-29T04:08:03.504Z] GET http://localhost:3000/_next/static/chunks/node_modules_0j8ofz3._.js → pending (?ms, ?B)
[2026-03-29T04:08:03.509Z] GET http://localhost:3000/_next/static/chunks/apps_web_app_components_0ajl26h._.js → pending (?ms, ?B)
[2026-03-29T04:08:03.527Z] GET http://localhost:3000/_next/static/chunks/apps_web_app_editor_%5BprojectId%5D_page_tsx_0q9a4f8._.js → pending (?ms, ?B)
[2026-03-29T04:08:03.527Z] GET http://localhost:3000/api/projects/QhxwztNIpP → pending (?ms, ?B)
[2026-03-29T04:08:03.528Z] GET http://localhost:3000/api/projects/QhxwztNIpP → pending (?ms, ?B)
[2026-03-29T04:08:03.528Z] GET http://localhost:3000/_next/image?url=%2Ficons%2Fwall.png&w=32&q=75 → pending (?ms, ?B)
[2026-03-29T04:08:03.528Z] GET http://localhost:3000/_next/image?url=%2Ficons%2Ffloor.png&w=32&q=75 → pending (?ms, ?B)
[2026-03-29T04:08:03.528Z] GET http://localhost:3000/_next/image?url=%2Ficons%2Fceiling.png&w=32&q=75 → pending (?ms, ?B)
[2026-03-29T04:08:03.528Z] GET http://localhost:3000/_next/image?url=%2Ficons%2Froof.png&w=32&q=75 → pending (?ms, ?B)
[2026-03-29T04:08:03.528Z] GET http://localhost:3000/_next/image?url=%2Ficons%2Fdoor.png&w=32&q=75 → pending (?ms, ?B)
[2026-03-29T04:08:03.528Z] GET http://localhost:3000/_next/image?url=%2Ficons%2Fwindow.png&w=32&q=75 → pending (?ms, ?B)
[2026-03-29T04:08:03.528Z] GET http://localhost:3000/_next/image?url=%2Ficons%2Fselect.png&w=32&q=75 → pending (?ms, ?B)
[2026-03-29T04:08:03.528Z] GET http://localhost:3000/_next/image?url=%2Ficons%2Fbuild.png&w=32&q=75 → pending (?ms, ?B)
[2026-03-29T04:08:03.528Z] GET http://localhost:3000/_next/image?url=%2Ficons%2Frotate.png&w=32&q=75 → pending (?ms, ?B)
[2026-03-29T04:08:03.528Z] GET http://localhost:3000/_next/image?url=%2Ficons%2Ftopview.png&w=32&q=75 → pending (?ms, ?B)
[2026-03-29T04:08:03.532Z] GET https://api.iconify.design/icon-park-outline.json?icons=perspective → 200 (?ms, 399B)
[2026-03-29T04:08:03.532Z] GET https://api.iconify.design/charm.json?icons=stack-push → 200 (1ms, 347B)
[2026-03-29T04:08:03.532Z] GET https://api.iconify.design/ph.json?icons=mouse-left-click-fill → 200 (1ms, 391B)
[2026-03-29T04:08:03.535Z] GET http://localhost:3000/icons/wall.png → pending (?ms, ?B)
[2026-03-29T04:08:03.536Z] POST http://localhost:3000/__nextjs_original-stack-frames → pending (?ms, ?B)
[2026-03-29T04:08:04.652Z] GET http://localhost:3000/icons/site.png → 404 (151ms, 3020B)
[2026-03-29T04:08:04.652Z] GET http://localhost:3000/icons/building.png → 404 (151ms, 3020B)
[2026-03-29T04:08:04.652Z] GET http://localhost:3000/icons/level.png → 404 (152ms, 3020B)
[2026-03-29T04:08:04.652Z] GET http://localhost:3000/icons/room.png → 404 (153ms, 3020B)
[2026-03-29T04:08:04.652Z] GET http://localhost:3000/icons/couch.png → 404 (154ms, 3020B)
[2026-03-29T04:08:04.652Z] GET http://localhost:3000/icons/kitchen.png → 404 (155ms, 3020B)
[2026-03-29T04:08:04.776Z] GET https://api.iconify.design/lucide.json?icons=space%2Cx → 200 (1ms, 433B)
[2026-03-29T04:08:04.776Z] GET https://api.iconify.design/ph.json?icons=mouse-right-click-fill → 200 (1ms, 391B)
[2026-03-29T04:08:04.776Z] GET https://api.iconify.design/qlementine-icons.json?icons=mouse-middle-button-16 → 200 (1ms, 1094B)
[2026-03-29T04:08:11.142Z] POST http://localhost:3000/api/projects/QhxwztNIpP/snapshots → pending (?ms, ?B)
[2026-03-29T04:08:23.919Z] POST http://localhost:3000/api/projects/QhxwztNIpP/snapshots → 201 (44ms, 191B)
[2026-03-29T04:08:28.465Z] GET http://localhost:3000/api/projects/QhxwztNIpP/snapshots → 200 (27ms, 193B)
[2026-03-29T04:11:40.772Z] GET http://localhost:3000/api/projects/QhxwztNIpP → 200 (148ms, 243B)
[2026-03-29T04:11:41.007Z] GET http://localhost:3000/icons/building.png → pending (?ms, ?B)
[2026-03-29T04:11:41.007Z] GET http://localhost:3000/icons/level.png → pending (?ms, ?B)
[2026-03-29T04:11:41.007Z] GET http://localhost:3000/icons/room.png → pending (?ms, ?B)
[2026-03-29T04:11:41.007Z] GET http://localhost:3000/icons/couch.png → pending (?ms, ?B)
[2026-03-29T04:11:41.007Z] GET http://localhost:3000/icons/kitchen.png → pending (?ms, ?B)
[2026-03-29T04:11:45.142Z] GET http://localhost:3000/api/projects/QhxwztNIpP → 200 (4ms, 243B)
[2026-03-29T04:11:45.142Z] GET http://localhost:3000/icons/room.png → pending (?ms, ?B)
[2026-03-29T04:11:45.143Z] GET http://localhost:3000/icons/mesh.png → pending (?ms, ?B)
[2026-03-29T04:11:45.143Z] GET http://localhost:3000/icons/floorplan.png → pending (?ms, ?B)
[2026-03-29T04:11:45.143Z] GET http://localhost:3000/icons/blueprint.png → pending (?ms, ?B)
[2026-03-29T04:11:45.143Z] GET http://localhost:3000/icons/level.png → pending (?ms, ?B)
[2026-03-29T04:11:45.143Z] GET http://localhost:3000/icons/settings.png → pending (?ms, ?B)
[2026-03-29T04:11:45.143Z] GET http://localhost:3000/icons/site.png → pending (?ms, ?B)
[2026-03-29T04:11:45.143Z] GET http://localhost:3000/icons/building.png → pending (?ms, ?B)
[2026-03-29T04:11:45.143Z] GET http://localhost:3000/icons/couch.png → pending (?ms, ?B)
[2026-03-29T04:11:45.144Z] GET http://localhost:3000/icons/kitchen.png → pending (?ms, ?B)
[2026-03-29T04:11:45.144Z] GET http://localhost:3000/_next/image?url=%2Ficons%2Fwall.png&w=32&q=75 → pending (?ms, ?B)
[2026-03-29T04:11:45.144Z] GET http://localhost:3000/_next/image?url=%2Ficons%2Ffloor.png&w=32&q=75 → pending (?ms, ?B)
[2026-03-29T04:11:45.145Z] GET http://localhost:3000/_next/image?url=%2Ficons%2Fceiling.png&w=32&q=75 → pending (?ms, ?B)
[2026-03-29T04:11:45.145Z] GET http://localhost:3000/_next/image?url=%2Ficons%2Froof.png&w=32&q=75 → pending (?ms, ?B)
[2026-03-29T04:11:45.145Z] GET http://localhost:3000/_next/image?url=%2Ficons%2Fdoor.png&w=32&q=75 → pending (?ms, ?B)
[2026-03-29T04:11:45.146Z] GET http://localhost:3000/_next/image?url=%2Ficons%2Fwindow.png&w=32&q=75 → pending (?ms, ?B)
[2026-03-29T04:11:45.146Z] GET http://localhost:3000/_next/image?url=%2Ficons%2Fselect.png&w=32&q=75 → pending (?ms, ?B)
[2026-03-29T04:11:45.146Z] GET http://localhost:3000/_next/image?url=%2Ficons%2Fbuild.png&w=32&q=75 → pending (?ms, ?B)
[2026-03-29T04:11:45.146Z] GET http://localhost:3000/_next/image?url=%2Ficons%2Frotate.png&w=32&q=75 → pending (?ms, ?B)
[2026-03-29T04:11:45.146Z] GET http://localhost:3000/_next/image?url=%2Ficons%2Ftopview.png&w=32&q=75 → pending (?ms, ?B)
[2026-03-29T04:11:45.230Z] GET http://localhost:3000/icons/wall.png → pending (?ms, ?B)
[2026-03-29T04:11:45.369Z] POST http://localhost:3000/__nextjs_original-stack-frames → pending (?ms, ?B)
[2026-03-29T04:11:54.724Z] GET http://localhost:3000/editor/QhxwztNIpP?_rsc=1jwi8 → pending (?ms, ?B)
[2026-03-29T04:11:54.771Z] GET http://localhost:3000/editor/QhxwztNIpP?_rsc=1jwi8 → pending (?ms, ?B)
[2026-03-29T04:11:54.779Z] GET http://localhost:3000/editor/QhxwztNIpP?_rsc=1jwi8 → pending (?ms, ?B)
[2026-03-29T04:11:54.904Z] GET http://localhost:3000/api/projects/QhxwztNIpP → pending (?ms, ?B)
[2026-03-29T04:11:54.904Z] GET http://localhost:3000/icons/room.png → pending (?ms, ?B)
[2026-03-29T04:11:54.904Z] GET http://localhost:3000/icons/mesh.png → pending (?ms, ?B)
[2026-03-29T04:11:54.904Z] GET http://localhost:3000/icons/floorplan.png → pending (?ms, ?B)
[2026-03-29T04:11:54.904Z] GET http://localhost:3000/icons/blueprint.png → pending (?ms, ?B)
[2026-03-29T04:11:54.905Z] GET http://localhost:3000/icons/level.png → pending (?ms, ?B)
[2026-03-29T04:11:54.905Z] GET http://localhost:3000/icons/settings.png → pending (?ms, ?B)
[2026-03-29T04:11:54.905Z] GET http://localhost:3000/icons/site.png → pending (?ms, ?B)
[2026-03-29T04:11:54.905Z] GET http://localhost:3000/icons/building.png → pending (?ms, ?B)
[2026-03-29T04:11:54.905Z] GET http://localhost:3000/icons/couch.png → pending (?ms, ?B)
[2026-03-29T04:11:54.905Z] GET http://localhost:3000/icons/kitchen.png → pending (?ms, ?B)
[2026-03-29T04:11:54.906Z] GET http://localhost:3000/_next/image?url=%2Ficons%2Fwall.png&w=32&q=75 → pending (?ms, ?B)
[2026-03-29T04:11:54.906Z] GET http://localhost:3000/_next/image?url=%2Ficons%2Ffloor.png&w=32&q=75 → pending (?ms, ?B)
[2026-03-29T04:11:54.906Z] GET http://localhost:3000/_next/image?url=%2Ficons%2Fceiling.png&w=32&q=75 → pending (?ms, ?B)
[2026-03-29T04:11:54.906Z] GET http://localhost:3000/_next/image?url=%2Ficons%2Froof.png&w=32&q=75 → pending (?ms, ?B)
[2026-03-29T04:11:54.906Z] GET http://localhost:3000/_next/image?url=%2Ficons%2Fdoor.png&w=32&q=75 → pending (?ms, ?B)
[2026-03-29T04:11:54.907Z] GET http://localhost:3000/_next/image?url=%2Ficons%2Fwindow.png&w=32&q=75 → pending (?ms, ?B)
[2026-03-29T04:11:54.907Z] GET http://localhost:3000/_next/image?url=%2Ficons%2Fselect.png&w=32&q=75 → pending (?ms, ?B)
[2026-03-29T04:11:54.907Z] GET http://localhost:3000/_next/image?url=%2Ficons%2Fbuild.png&w=32&q=75 → pending (?ms, ?B)
[2026-03-29T04:11:54.907Z] GET http://localhost:3000/_next/image?url=%2Ficons%2Frotate.png&w=32&q=75 → pending (?ms, ?B)
[2026-03-29T04:11:54.907Z] GET http://localhost:3000/_next/image?url=%2Ficons%2Ftopview.png&w=32&q=75 → pending (?ms, ?B)
[2026-03-29T04:11:55.019Z] GET http://localhost:3000/icons/wall.png → pending (?ms, ?B)
[2026-03-29T04:11:55.020Z] POST http://localhost:3000/__nextjs_original-stack-frames → pending (?ms, ?B)
[2026-03-29T04:11:56.278Z] GET http://localhost:3000/icons/room.png → pending (?ms, ?B)
[2026-03-29T04:11:56.294Z] GET http://localhost:3000/_next/static/chunks/node_modules_%40aedifex_core_dist_index_04x93po.js → pending (?ms, ?B)
[2026-03-29T04:11:56.294Z] GET http://localhost:3000/_next/static/chunks/_0.r0vsm._.js → pending (?ms, ?B)
[2026-03-29T04:11:56.747Z] GET http://localhost:3000/_next/static/chunks/node_modules_%40aedifex_core_dist_index_04x93po.js → 304 (8ms, ?B)
[2026-03-29T04:11:56.748Z] GET http://localhost:3000/_next/static/chunks/_0.r0vsm._.js → 304 (7ms, ?B)
[2026-03-29T04:12:01.502Z] GET http://localhost:3000/_next/static/chunks/apps_web_app_globals_0xyo3ls.css → 200 (14ms, 33202B)
[2026-03-29T04:12:01.681Z] GET http://localhost:3000/editor/QhxwztNIpP?_rsc=1jwi8 → pending (?ms, ?B)
[2026-03-29T04:12:01.688Z] GET http://localhost:3000/editor/QhxwztNIpP?_rsc=1jwi8 → pending (?ms, ?B)
[2026-03-29T04:12:01.696Z] GET http://localhost:3000/editor/QhxwztNIpP?_rsc=1jwi8 → pending (?ms, ?B)
[2026-03-29T04:12:01.755Z] GET http://localhost:3000/editor/QhxwztNIpP?_rsc=1jwi8 → 200 (263ms, ?B)
[2026-03-29T04:12:01.897Z] GET http://localhost:3000/api/projects/QhxwztNIpP → pending (?ms, ?B)
[2026-03-29T04:12:02.770Z] GET http://localhost:3000/_next/static/chunks/node_modules_%40aedifex_core_dist_index_0960-36.js → 200 (2ms, 649B)
[2026-03-29T04:12:02.771Z] GET http://localhost:3000/_next/static/chunks/_0h5zgrk._.js → 200 (2ms, 160980B)
[2026-03-29T04:12:02.771Z] GET http://localhost:3000/_next/static/chunks/apps_web_app_components_03nq-d5._.js → 200 (2ms, 75048B)
[2026-03-29T04:12:03.090Z] GET http://localhost:3000/icons/building.png → 404 (166ms, 3020B)
[2026-03-29T04:12:03.090Z] GET http://localhost:3000/icons/level.png → 404 (167ms, 3020B)
[2026-03-29T04:12:03.090Z] GET http://localhost:3000/icons/room.png → 404 (163ms, 3020B)
[2026-03-29T04:12:03.090Z] GET http://localhost:3000/icons/couch.png → 404 (164ms, 3020B)
[2026-03-29T04:12:03.090Z] GET http://localhost:3000/icons/kitchen.png → 404 (165ms, 3020B)
[2026-03-29T04:12:03.201Z] GET http://localhost:3000/_next/static/chunks/node_modules_%40aedifex_core_dist_index_0960-36.js → 304 (73ms, ?B)
[2026-03-29T04:12:03.202Z] GET http://localhost:3000/_next/static/chunks/_0h5zgrk._.js → 304 (78ms, ?B)
[2026-03-29T04:12:03.202Z] GET http://localhost:3000/_next/static/chunks/apps_web_app_components_03nq-d5._.js → 304 (78ms, ?B)
[2026-03-29T04:14:39.699Z] GET http://localhost:3000/ → 307 (71ms, ?B)
[2026-03-29T04:14:39.771Z] GET http://localhost:3000/dashboard → 200 (136ms, 16574B)
[2026-03-29T04:14:39.963Z] GET http://localhost:3000/_next/static/chunks/apps_web_app_globals_0xyo3ls.css → 304 (3ms, ?B)
[2026-03-29T04:14:39.963Z] GET http://localhost:3000/_next/static/chunks/%5Bturbopack%5D_browser_dev_hmr-client_hmr-client_ts_10z625~._.js → 200 (9ms, 675B)
[2026-03-29T04:14:39.963Z] GET http://localhost:3000/_next/static/chunks/node_modules_next_dist_compiled_next-devtools_index_0553esy.js → 200 (29ms, 746592B)
[2026-03-29T04:14:39.963Z] GET http://localhost:3000/_next/static/chunks/node_modules_next_dist_compiled_react-dom_058-ah~._.js → 200 (30ms, 1057980B)
[2026-03-29T04:14:39.963Z] GET http://localhost:3000/_next/static/chunks/node_modules_next_dist_compiled_react-server-dom-turbopack_0p3wegg._.js → 200 (28ms, 174634B)
[2026-03-29T04:14:39.963Z] GET http://localhost:3000/_next/static/chunks/node_modules_next_dist_compiled_0rpq4pf._.js → 200 (29ms, 144344B)
[2026-03-29T04:14:39.963Z] GET http://localhost:3000/_next/static/chunks/node_modules_next_dist_client_0fhqo1d._.js → 200 (32ms, 742815B)
[2026-03-29T04:14:39.964Z] GET http://localhost:3000/_next/static/chunks/node_modules_next_dist_115brz8._.js → 200 (30ms, 246103B)
[2026-03-29T04:14:39.964Z] GET http://localhost:3000/_next/static/chunks/node_modules_%40swc_helpers_cjs_0-4ujiy._.js → 200 (34ms, 1984B)
[2026-03-29T04:14:39.964Z] GET http://localhost:3000/_next/static/chunks/apps_web_0rqeker._.js → 200 (31ms, 756B)
[2026-03-29T04:14:39.964Z] GET http://localhost:3000/_next/static/chunks/turbopack-apps_web_0p44nws._.js → 200 (31ms, 91093B)
[2026-03-29T04:14:39.964Z] GET http://localhost:3000/_next/static/chunks/node_modules_next_dist_0tt2wve._.js → 200 (32ms, 208717B)
[2026-03-29T04:14:39.964Z] GET http://localhost:3000/_next/static/chunks/apps_web_app_layout_tsx_004glpo._.js → 200 (32ms, 312B)
[2026-03-29T04:14:39.964Z] GET http://localhost:3000/_next/static/chunks/node_modules_next_dist_client_components_builtin_global-error_0q9a4f8.js → 200 (110ms, 212B)
[2026-03-29T04:14:39.964Z] GET http://localhost:3000/_next/static/chunks/_03p8es7._.js → 200 (135ms, 184270B)
[2026-03-29T04:14:39.965Z] GET http://localhost:3000/_next/static/chunks/_0om3g16._.js → 200 (113ms, 19429B)
[2026-03-29T04:14:39.965Z] GET http://localhost:3000/_next/static/chunks/apps_web_app_dashboard_layout_tsx_0q9a4f8._.js → 200 (133ms, 271B)
[2026-03-29T04:14:39.965Z] GET http://localhost:3000/_next/static/chunks/apps_web_0q812xr._.js → 200 (134ms, 59977B)
[2026-03-29T04:14:39.965Z] GET http://localhost:3000/_next/static/chunks/apps_web_app_dashboard_page_tsx_00jkz0g._.js → 200 (141ms, 249B)
[2026-03-29T04:14:40.033Z] GET http://localhost:3000/_next/static/chunks/%5Bturbopack%5D_browser_dev_hmr-client_hmr-client_ts_0yjw1oe._.js → 200 (73ms, 15461B)
[2026-03-29T04:14:40.033Z] GET http://localhost:3000/_next/static/chunks/%5Bturbopack%5D_browser_dev_hmr-client_hmr-client_ts_10mygs7._.js → 200 (73ms, 289B)
[2026-03-29T04:14:40.116Z] GET http://localhost:3000/__nextjs_font/geist-latin.woff2 → 200 (?ms, ?B)
[2026-03-29T04:15:01.380Z] GET http://localhost:3000/editor/QhxwztNIpP?_rsc=1989a → 200 (75ms, ?B)
[2026-03-29T04:15:01.523Z] GET http://localhost:3000/_next/static/chunks/node_modules_%40aedifex_core_dist_index_0960-36.js → 200 (10ms, 649B)
[2026-03-29T04:15:01.523Z] GET http://localhost:3000/_next/static/chunks/node_modules_next_0c4b-5d._.js → 200 (11ms, 244125B)
[2026-03-29T04:15:01.524Z] GET http://localhost:3000/_next/static/chunks/node_modules_%40aedifex_core_dist_0l7.f8x._.js → 200 (47ms, 360990B)
[2026-03-29T04:15:01.524Z] GET http://localhost:3000/_next/static/chunks/node_modules_zod_0~w4s--._.js → 200 (48ms, 938123B)
[2026-03-29T04:15:01.524Z] GET http://localhost:3000/_next/static/chunks/node_modules_three_build_three_core_0qefhn6.js → 200 (50ms, 1547563B)
[2026-03-29T04:15:01.524Z] GET http://localhost:3000/_next/static/chunks/node_modules_three_build_three_module_024z3_h.js → 200 (49ms, 811406B)
[2026-03-29T04:15:01.524Z] GET http://localhost:3000/_next/static/chunks/node_modules_three_build_three_webgpu_01.b56z.js → 200 (60ms, 2341348B)
[2026-03-29T04:15:01.525Z] GET http://localhost:3000/_next/static/chunks/node_modules_three_build_three_tsl_0p90gfk.js → 200 (46ms, 156313B)
[2026-03-29T04:15:01.525Z] GET http://localhost:3000/_next/static/chunks/node_modules_three_build_0ozlpf0._.js → 200 (50ms, 214832B)
[2026-03-29T04:15:01.525Z] GET http://localhost:3000/_next/static/chunks/node_modules_three_examples_jsm_0fklzb1._.js → 200 (51ms, 501621B)
[2026-03-29T04:15:01.525Z] GET http://localhost:3000/_next/static/chunks/node_modules_three_src_0d0mc0p._.js → 200 (51ms, 59762B)
[2026-03-29T04:15:01.525Z] GET http://localhost:3000/_next/static/chunks/node_modules_%40react-three_fiber_dist_01zc48v._.js → 200 (113ms, 815218B)
[2026-03-29T04:15:01.525Z] GET http://localhost:3000/_next/static/chunks/node_modules_three-bvh-csg_src_0jy.4pg._.js → 200 (63ms, 213373B)
[2026-03-29T04:15:01.525Z] GET http://localhost:3000/_next/static/chunks/node_modules_066wwa3._.js → 200 (108ms, 599543B)
[2026-03-29T04:15:01.525Z] GET http://localhost:3000/_next/static/chunks/node_modules_%40aedifex_viewer_dist_13-h0wg._.js → 200 (113ms, 386843B)
[2026-03-29T04:15:01.525Z] GET http://localhost:3000/_next/static/chunks/node_modules_three-stdlib_00s9d_7._.js → 200 (108ms, 208953B)
[2026-03-29T04:15:01.525Z] GET http://localhost:3000/_next/static/chunks/_0h5zgrk._.js → 200 (113ms, 160980B)
[2026-03-29T04:15:01.525Z] GET http://localhost:3000/_next/static/chunks/node_modules_motion-dom_dist_es_0yvtfr6._.js → 200 (187ms, 610676B)
[2026-03-29T04:15:01.525Z] GET http://localhost:3000/_next/static/chunks/node_modules_framer-motion_dist_es_0u-q4w1._.js → 200 (187ms, 249908B)
[2026-03-29T04:15:01.525Z] GET http://localhost:3000/_next/static/chunks/node_modules_tailwind-merge_dist_bundle-mjs_mjs_0ezz.e5._.js → 200 (187ms, 149216B)
[2026-03-29T04:15:01.525Z] GET http://localhost:3000/_next/static/chunks/node_modules_%40aedifex_editor_src_components_ui_primitives_0p4gol2._.js → 200 (187ms, 173797B)
[2026-03-29T04:15:01.525Z] GET http://localhost:3000/_next/static/chunks/node_modules_%40aedifex_editor_src_components_ui_panels_014ye9i._.js → 200 (188ms, 586762B)
[2026-03-29T04:15:01.525Z] GET http://localhost:3000/_next/static/chunks/node_modules_%40aedifex_editor_src_components_ui_command-palette_0n50txs._.js → 200 (188ms, 159290B)
[2026-03-29T04:15:01.525Z] GET http://localhost:3000/_next/static/chunks/node_modules_%40aedifex_editor_src_components_ui_sidebar_0v.kivs._.js → 200 (188ms, 620935B)
[2026-03-29T04:15:01.525Z] GET http://localhost:3000/_next/static/chunks/node_modules_%40aedifex_editor_src_components_ui_0ryfiu4._.js → 200 (188ms, 327971B)
[2026-03-29T04:15:01.525Z] GET http://localhost:3000/_next/static/chunks/node_modules_%40aedifex_editor_src_components_tools_00lymai._.js → 200 (189ms, 577628B)
[2026-03-29T04:15:01.525Z] GET http://localhost:3000/_next/static/chunks/node_modules_%40aedifex_editor_src_components_ai_0-q1vn6._.js → 200 (189ms, 305177B)
[2026-03-29T04:15:01.525Z] GET http://localhost:3000/_next/static/chunks/node_modules_%40aedifex_editor_src_components_editor_0sp5ica._.js → 200 (190ms, 762833B)
[2026-03-29T04:15:01.525Z] GET http://localhost:3000/_next/static/chunks/node_modules_%40aedifex_editor_src_components_0zikryg._.js → 200 (189ms, 130186B)
[2026-03-29T04:15:01.526Z] GET http://localhost:3000/_next/static/chunks/node_modules_%40aedifex_editor_src_0g8m9sq._.js → 200 (188ms, 119753B)
[2026-03-29T04:15:01.526Z] GET http://localhost:3000/_next/static/chunks/node_modules_%40visual-json_react_dist_index_mjs_0yl8d61._.js → 200 (189ms, 186029B)
[2026-03-29T04:15:01.526Z] GET http://localhost:3000/_next/static/chunks/node_modules_%40radix-ui_07jsofp._.js → 200 (190ms, 438291B)
[2026-03-29T04:15:01.526Z] GET http://localhost:3000/_next/static/chunks/node_modules_%40floating-ui_04skdch._.js → 200 (189ms, 140817B)
[2026-03-29T04:15:01.526Z] GET http://localhost:3000/_next/static/chunks/node_modules_0j8ofz3._.js → 200 (190ms, 807732B)
[2026-03-29T04:15:01.526Z] GET http://localhost:3000/_next/static/chunks/apps_web_app_components_03nq-d5._.js → 200 (189ms, 75048B)
[2026-03-29T04:15:01.526Z] GET http://localhost:3000/_next/static/chunks/apps_web_app_editor_%5BprojectId%5D_page_tsx_0q9a4f8._.js → 200 (190ms, 2440B)
[2026-03-29T04:15:01.817Z] GET http://localhost:3000/audios/sfx/grid_snap.mp3 → 404 (180ms, 12374B)
[2026-03-29T04:15:01.817Z] GET http://localhost:3000/audios/sfx/item_delete.mp3 → 404 (181ms, 12376B)
[2026-03-29T04:15:01.818Z] GET http://localhost:3000/audios/sfx/item_pick.mp3 → 404 (180ms, 12374B)
[2026-03-29T04:15:01.818Z] GET http://localhost:3000/audios/sfx/item_place.mp3 → 404 (180ms, 12375B)
[2026-03-29T04:15:01.818Z] GET http://localhost:3000/audios/sfx/item_rotate.mp3 → 404 (180ms, 12376B)
[2026-03-29T04:15:01.818Z] GET http://localhost:3000/audios/sfx/structure_build.mp3 → 404 (180ms, 12380B)
[2026-03-29T04:15:01.818Z] GET http://localhost:3000/audios/sfx/structure_delete.mp3 → 404 (439ms, 12381B)
[2026-03-29T04:15:01.986Z] GET http://localhost:3000/icons/room.png → 404 (306ms, 3020B)
[2026-03-29T04:15:01.986Z] GET http://localhost:3000/icons/mesh.png → 404 (306ms, 3020B)
[2026-03-29T04:15:01.990Z] GET http://localhost:3000/icons/floorplan.png → 404 (303ms, 3020B)
[2026-03-29T04:15:01.990Z] GET http://localhost:3000/icons/blueprint.png → 404 (307ms, 3020B)
[2026-03-29T04:15:02.002Z] GET http://localhost:3000/icons/level.png → 404 (295ms, 3020B)
[2026-03-29T04:15:02.002Z] GET http://localhost:3000/icons/settings.png → pending (?ms, ?B)
[2026-03-29T04:15:02.150Z] GET http://localhost:3000/_next/static/chunks/node_modules_%40aedifex_core_dist_index_0960-36.js → pending (?ms, ?B)
[2026-03-29T04:15:02.150Z] GET http://localhost:3000/_next/static/chunks/node_modules_next_0c4b-5d._.js → pending (?ms, ?B)
[2026-03-29T04:15:02.150Z] GET http://localhost:3000/_next/static/chunks/node_modules_%40aedifex_core_dist_0l7.f8x._.js → pending (?ms, ?B)
[2026-03-29T04:15:02.151Z] GET http://localhost:3000/_next/static/chunks/node_modules_zod_0~w4s--._.js → pending (?ms, ?B)
[2026-03-29T04:15:02.151Z] GET http://localhost:3000/_next/static/chunks/node_modules_three_build_three_core_0qefhn6.js → pending (?ms, ?B)
[2026-03-29T04:15:02.151Z] GET http://localhost:3000/_next/static/chunks/node_modules_three_build_three_module_024z3_h.js → pending (?ms, ?B)
[2026-03-29T04:15:02.151Z] GET http://localhost:3000/_next/static/chunks/node_modules_three_build_three_webgpu_01.b56z.js → pending (?ms, ?B)
[2026-03-29T04:15:02.151Z] GET http://localhost:3000/_next/static/chunks/node_modules_three_build_three_tsl_0p90gfk.js → pending (?ms, ?B)
[2026-03-29T04:15:02.151Z] GET http://localhost:3000/_next/static/chunks/node_modules_three_build_0ozlpf0._.js → pending (?ms, ?B)
[2026-03-29T04:15:02.152Z] GET http://localhost:3000/_next/static/chunks/node_modules_three_examples_jsm_0fklzb1._.js → pending (?ms, ?B)
[2026-03-29T04:15:02.152Z] GET http://localhost:3000/_next/static/chunks/node_modules_three_src_0d0mc0p._.js → pending (?ms, ?B)
[2026-03-29T04:15:02.152Z] GET http://localhost:3000/_next/static/chunks/node_modules_%40react-three_fiber_dist_01zc48v._.js → pending (?ms, ?B)
[2026-03-29T04:15:02.153Z] GET http://localhost:3000/_next/static/chunks/node_modules_three-bvh-csg_src_0jy.4pg._.js → pending (?ms, ?B)
[2026-03-29T04:15:02.153Z] GET http://localhost:3000/_next/static/chunks/node_modules_066wwa3._.js → pending (?ms, ?B)
[2026-03-29T04:15:02.154Z] GET http://localhost:3000/_next/static/chunks/node_modules_%40aedifex_viewer_dist_13-h0wg._.js → pending (?ms, ?B)
[2026-03-29T04:15:02.154Z] GET http://localhost:3000/_next/static/chunks/node_modules_three-stdlib_00s9d_7._.js → pending (?ms, ?B)
[2026-03-29T04:15:02.155Z] GET http://localhost:3000/_next/static/chunks/_0h5zgrk._.js → pending (?ms, ?B)
[2026-03-29T04:15:02.156Z] GET http://localhost:3000/_next/static/chunks/node_modules_motion-dom_dist_es_0yvtfr6._.js → pending (?ms, ?B)
[2026-03-29T04:15:02.156Z] GET http://localhost:3000/_next/static/chunks/node_modules_framer-motion_dist_es_0u-q4w1._.js → pending (?ms, ?B)
[2026-03-29T04:15:02.157Z] GET http://localhost:3000/_next/static/chunks/node_modules_tailwind-merge_dist_bundle-mjs_mjs_0ezz.e5._.js → pending (?ms, ?B)
[2026-03-29T04:15:02.157Z] GET http://localhost:3000/_next/static/chunks/node_modules_%40aedifex_editor_src_components_ui_primitives_0p4gol2._.js → pending (?ms, ?B)
[2026-03-29T04:15:02.158Z] GET http://localhost:3000/_next/static/chunks/node_modules_%40aedifex_editor_src_components_ui_panels_014ye9i._.js → pending (?ms, ?B)
[2026-03-29T04:15:02.158Z] GET http://localhost:3000/_next/static/chunks/node_modules_%40aedifex_editor_src_components_ui_command-palette_0n50txs._.js → pending (?ms, ?B)
[2026-03-29T04:15:02.159Z] GET http://localhost:3000/_next/static/chunks/node_modules_%40aedifex_editor_src_components_ui_sidebar_0v.kivs._.js → pending (?ms, ?B)
[2026-03-29T04:15:02.159Z] GET http://localhost:3000/_next/static/chunks/node_modules_%40aedifex_editor_src_components_ui_0ryfiu4._.js → pending (?ms, ?B)
[2026-03-29T04:15:02.159Z] GET http://localhost:3000/_next/static/chunks/node_modules_%40aedifex_editor_src_components_tools_00lymai._.js → pending (?ms, ?B)
[2026-03-29T04:15:02.160Z] GET http://localhost:3000/_next/static/chunks/node_modules_%40aedifex_editor_src_components_ai_0-q1vn6._.js → pending (?ms, ?B)
[2026-03-29T04:15:02.160Z] GET http://localhost:3000/_next/static/chunks/node_modules_%40aedifex_editor_src_components_editor_0sp5ica._.js → pending (?ms, ?B)
[2026-03-29T04:15:02.161Z] GET http://localhost:3000/_next/static/chunks/node_modules_%40aedifex_editor_src_components_0zikryg._.js → pending (?ms, ?B)
[2026-03-29T04:15:02.161Z] GET http://localhost:3000/_next/static/chunks/node_modules_%40aedifex_editor_src_0g8m9sq._.js → pending (?ms, ?B)
[2026-03-29T04:15:02.162Z] GET http://localhost:3000/_next/static/chunks/node_modules_%40visual-json_react_dist_index_mjs_0yl8d61._.js → pending (?ms, ?B)
[2026-03-29T04:15:02.162Z] GET http://localhost:3000/_next/static/chunks/node_modules_%40radix-ui_07jsofp._.js → pending (?ms, ?B)
[2026-03-29T04:15:02.165Z] GET http://localhost:3000/_next/static/chunks/node_modules_%40floating-ui_04skdch._.js → pending (?ms, ?B)
[2026-03-29T04:15:02.165Z] GET http://localhost:3000/_next/static/chunks/node_modules_0j8ofz3._.js → pending (?ms, ?B)
[2026-03-29T04:15:02.165Z] GET http://localhost:3000/_next/static/chunks/apps_web_app_components_03nq-d5._.js → pending (?ms, ?B)
[2026-03-29T04:15:02.165Z] GET http://localhost:3000/_next/static/chunks/apps_web_app_editor_%5BprojectId%5D_page_tsx_0q9a4f8._.js → pending (?ms, ?B)
[2026-03-29T04:15:02.165Z] GET http://localhost:3000/api/projects/QhxwztNIpP → pending (?ms, ?B)
[2026-03-29T04:15:02.166Z] GET http://localhost:3000/api/projects/QhxwztNIpP → 200 (275ms, 243B)
[2026-03-29T04:15:02.166Z] GET http://localhost:3000/_next/image?url=%2Ficons%2Fwall.png&w=32&q=75 → 400 (268ms, 43B)
[2026-03-29T04:15:02.166Z] GET http://localhost:3000/_next/image?url=%2Ficons%2Ffloor.png&w=32&q=75 → pending (?ms, ?B)
[2026-03-29T04:15:02.166Z] GET http://localhost:3000/_next/image?url=%2Ficons%2Fceiling.png&w=32&q=75 → 400 (276ms, 43B)
[2026-03-29T04:15:02.166Z] GET http://localhost:3000/_next/image?url=%2Ficons%2Froof.png&w=32&q=75 → pending (?ms, ?B)
[2026-03-29T04:15:02.166Z] GET http://localhost:3000/_next/image?url=%2Ficons%2Fdoor.png&w=32&q=75 → 400 (228ms, 43B)
[2026-03-29T04:15:02.166Z] GET http://localhost:3000/_next/image?url=%2Ficons%2Fwindow.png&w=32&q=75 → pending (?ms, ?B)
[2026-03-29T04:15:02.166Z] GET http://localhost:3000/_next/image?url=%2Ficons%2Fselect.png&w=32&q=75 → pending (?ms, ?B)
[2026-03-29T04:15:02.166Z] GET http://localhost:3000/_next/image?url=%2Ficons%2Fbuild.png&w=32&q=75 → 400 (239ms, 43B)
[2026-03-29T04:15:02.166Z] GET http://localhost:3000/_next/image?url=%2Ficons%2Frotate.png&w=32&q=75 → pending (?ms, ?B)
[2026-03-29T04:15:02.166Z] GET http://localhost:3000/_next/image?url=%2Ficons%2Ftopview.png&w=32&q=75 → 400 (233ms, 43B)
[2026-03-29T04:15:02.166Z] GET https://api.iconify.design/icon-park-outline.json?icons=perspective → 200 (1ms, 399B)
[2026-03-29T04:15:02.167Z] GET https://api.iconify.design/charm.json?icons=stack-push → 200 (?ms, 347B)
[2026-03-29T04:15:02.167Z] GET https://api.iconify.design/ph.json?icons=mouse-left-click-fill → 200 (?ms, 391B)
[2026-03-29T04:15:02.220Z] GET http://localhost:3000/icons/wall.png → pending (?ms, ?B)
[2026-03-29T04:15:02.263Z] POST http://localhost:3000/__nextjs_original-stack-frames → pending (?ms, ?B)
[2026-03-29T04:15:02.707Z] GET http://localhost:3000/icons/site.png → 404 (132ms, 3020B)
[2026-03-29T04:15:02.707Z] GET http://localhost:3000/icons/building.png → 404 (132ms, 3020B)
[2026-03-29T04:15:02.707Z] GET http://localhost:3000/icons/level.png → 404 (132ms, 3020B)
[2026-03-29T04:15:02.707Z] GET http://localhost:3000/icons/room.png → 404 (133ms, 3020B)
[2026-03-29T04:15:02.707Z] GET http://localhost:3000/icons/couch.png → 404 (134ms, 3020B)
[2026-03-29T04:15:02.707Z] GET http://localhost:3000/icons/kitchen.png → 404 (137ms, 3020B)
[2026-03-29T04:15:02.909Z] GET https://api.iconify.design/lucide.json?icons=space%2Cx → 200 (4ms, 433B)
[2026-03-29T04:15:02.909Z] GET https://api.iconify.design/ph.json?icons=mouse-right-click-fill → 200 (4ms, 391B)
[2026-03-29T04:15:02.909Z] GET https://api.iconify.design/qlementine-icons.json?icons=mouse-middle-button-16 → 200 (4ms, 1094B)
[2026-03-29T04:18:04.950Z] GET http://localhost:3000/editor/QhxwztNIpP → pending (?ms, ?B)
[2026-03-29T04:18:05.935Z] GET http://localhost:3000/_next/static/chunks/apps_web_app_globals_0xyo3ls.css → 304 (8ms, ?B)
[2026-03-29T04:18:05.935Z] GET http://localhost:3000/icons/room.png → 404 (81ms, 3020B)
[2026-03-29T04:18:05.935Z] GET http://localhost:3000/icons/mesh.png → 404 (82ms, 3020B)
[2026-03-29T04:18:05.935Z] GET http://localhost:3000/icons/floorplan.png → 404 (88ms, 3020B)
[2026-03-29T04:18:05.935Z] GET http://localhost:3000/icons/blueprint.png → 404 (190ms, 3020B)
[2026-03-29T04:18:05.935Z] GET http://localhost:3000/icons/level.png → 404 (201ms, 3020B)
[2026-03-29T04:18:05.935Z] GET http://localhost:3000/icons/settings.png → 404 (208ms, 3080B)
[2026-03-29T04:18:05.937Z] GET http://localhost:3000/_next/static/chunks/%5Bturbopack%5D_browser_dev_hmr-client_hmr-client_ts_10z625~._.js → 200 (194ms, 675B)
[2026-03-29T04:18:05.937Z] GET http://localhost:3000/_next/static/chunks/node_modules_next_dist_compiled_next-devtools_index_0553esy.js → 200 (209ms, 746592B)
[2026-03-29T04:18:05.937Z] GET http://localhost:3000/_next/static/chunks/node_modules_next_dist_compiled_react-dom_058-ah~._.js → 200 (230ms, 1057980B)
[2026-03-29T04:18:05.937Z] GET http://localhost:3000/_next/static/chunks/node_modules_next_dist_compiled_react-server-dom-turbopack_0p3wegg._.js → 200 (252ms, 174634B)
[2026-03-29T04:18:05.937Z] GET http://localhost:3000/_next/static/chunks/node_modules_next_dist_compiled_0rpq4pf._.js → 200 (281ms, 144344B)
[2026-03-29T04:18:05.937Z] GET http://localhost:3000/_next/static/chunks/node_modules_next_dist_client_0fhqo1d._.js → 200 (299ms, 742815B)
[2026-03-29T04:18:05.937Z] GET http://localhost:3000/_next/static/chunks/node_modules_next_dist_115brz8._.js → 200 (291ms, 246103B)
[2026-03-29T04:18:05.938Z] GET http://localhost:3000/_next/static/chunks/node_modules_%40swc_helpers_cjs_0-4ujiy._.js → 200 (299ms, 1984B)
[2026-03-29T04:18:05.938Z] GET http://localhost:3000/_next/static/chunks/apps_web_0rqeker._.js → 200 (302ms, 756B)
[2026-03-29T04:18:05.938Z] GET http://localhost:3000/_next/static/chunks/turbopack-apps_web_0p44nws._.js → 200 (349ms, 91093B)
[2026-03-29T04:18:05.938Z] GET http://localhost:3000/_next/static/chunks/node_modules_next_dist_0tt2wve._.js → 200 (351ms, 208717B)
[2026-03-29T04:18:05.938Z] GET http://localhost:3000/_next/static/chunks/apps_web_app_layout_tsx_004glpo._.js → 200 (349ms, 312B)
[2026-03-29T04:18:05.938Z] GET http://localhost:3000/_next/static/chunks/node_modules_next_dist_client_components_builtin_global-error_0q9a4f8.js → 200 (350ms, 212B)
[2026-03-29T04:18:05.938Z] GET http://localhost:3000/_next/static/chunks/node_modules_%40aedifex_core_dist_index_0960-36.js → 200 (352ms, 649B)
[2026-03-29T04:18:05.938Z] GET http://localhost:3000/_next/static/chunks/node_modules_next_0c4b-5d._.js → 200 (352ms, 244125B)
[2026-03-29T04:18:05.938Z] GET http://localhost:3000/_next/static/chunks/node_modules_%40aedifex_core_dist_0l7.f8x._.js → 200 (381ms, 360990B)
[2026-03-29T04:18:05.938Z] GET http://localhost:3000/_next/static/chunks/node_modules_zod_0~w4s--._.js → 200 (450ms, 938123B)
[2026-03-29T04:18:05.938Z] GET http://localhost:3000/_next/static/chunks/node_modules_three_build_three_core_0qefhn6.js → 200 (455ms, 1547563B)
[2026-03-29T04:18:05.939Z] GET http://localhost:3000/_next/static/chunks/node_modules_three_build_three_module_024z3_h.js → 200 (448ms, 811406B)
[2026-03-29T04:18:05.939Z] GET http://localhost:3000/_next/static/chunks/node_modules_three_build_three_webgpu_01.b56z.js → 200 (469ms, 2341348B)
[2026-03-29T04:18:05.939Z] GET http://localhost:3000/_next/static/chunks/node_modules_three_build_three_tsl_0p90gfk.js → 200 (448ms, 156313B)
[2026-03-29T04:18:05.939Z] GET http://localhost:3000/_next/static/chunks/node_modules_three_build_0ozlpf0._.js → 200 (452ms, 214832B)
[2026-03-29T04:18:05.939Z] GET http://localhost:3000/_next/static/chunks/node_modules_three_examples_jsm_0fklzb1._.js → 200 (452ms, 501621B)
[2026-03-29T04:18:05.939Z] GET http://localhost:3000/_next/static/chunks/node_modules_three_src_0d0mc0p._.js → 200 (450ms, 59762B)
[2026-03-29T04:18:05.939Z] GET http://localhost:3000/_next/static/chunks/node_modules_%40react-three_fiber_dist_01zc48v._.js → 200 (466ms, 815218B)
[2026-03-29T04:18:05.939Z] GET http://localhost:3000/_next/static/chunks/node_modules_three-bvh-csg_src_0jy.4pg._.js → 200 (456ms, 213373B)
[2026-03-29T04:18:05.939Z] GET http://localhost:3000/_next/static/chunks/node_modules_066wwa3._.js → 200 (469ms, 599543B)
[2026-03-29T04:18:05.940Z] GET http://localhost:3000/_next/static/chunks/node_modules_%40aedifex_viewer_dist_13-h0wg._.js → 200 (468ms, 386843B)
[2026-03-29T04:18:05.940Z] GET http://localhost:3000/_next/static/chunks/node_modules_three-stdlib_00s9d_7._.js → 200 (468ms, 208953B)
[2026-03-29T04:18:05.940Z] GET http://localhost:3000/_next/static/chunks/_0h5zgrk._.js → 200 (468ms, 160980B)
[2026-03-29T04:18:05.940Z] GET http://localhost:3000/_next/static/chunks/node_modules_motion-dom_dist_es_0yvtfr6._.js → 200 (469ms, 610676B)
[2026-03-29T04:18:05.940Z] GET http://localhost:3000/_next/static/chunks/node_modules_framer-motion_dist_es_0u-q4w1._.js → 200 (469ms, 249908B)
[2026-03-29T04:18:05.940Z] GET http://localhost:3000/_next/static/chunks/node_modules_tailwind-merge_dist_bundle-mjs_mjs_0ezz.e5._.js → 200 (470ms, 149216B)
[2026-03-29T04:18:05.940Z] GET http://localhost:3000/_next/static/chunks/node_modules_%40aedifex_editor_src_components_ui_primitives_0p4gol2._.js → 200 (472ms, 173797B)
[2026-03-29T04:18:05.940Z] GET http://localhost:3000/_next/static/chunks/node_modules_%40aedifex_editor_src_components_ui_panels_014ye9i._.js → 200 (472ms, 586762B)
[2026-03-29T04:18:05.941Z] GET http://localhost:3000/_next/static/chunks/node_modules_%40aedifex_editor_src_components_ui_command-palette_0n50txs._.js → 200 (470ms, 159290B)
[2026-03-29T04:18:05.941Z] GET http://localhost:3000/_next/static/chunks/node_modules_%40aedifex_editor_src_components_ui_sidebar_0v.kivs._.js → 200 (471ms, 620935B)
[2026-03-29T04:18:05.941Z] GET http://localhost:3000/_next/static/chunks/node_modules_%40aedifex_editor_src_components_ui_0ryfiu4._.js → 200 (471ms, 327971B)
[2026-03-29T04:18:05.941Z] GET http://localhost:3000/_next/static/chunks/node_modules_%40aedifex_editor_src_components_tools_00lymai._.js → 200 (479ms, 577628B)
[2026-03-29T04:18:05.941Z] GET http://localhost:3000/_next/static/chunks/node_modules_%40aedifex_editor_src_components_ai_0-q1vn6._.js → 200 (480ms, 305177B)
[2026-03-29T04:18:05.941Z] GET http://localhost:3000/_next/static/chunks/node_modules_%40aedifex_editor_src_components_editor_0sp5ica._.js → 200 (480ms, 762833B)
[2026-03-29T04:18:05.942Z] GET http://localhost:3000/_next/static/chunks/node_modules_%40aedifex_editor_src_components_0zikryg._.js → 200 (478ms, 130186B)
[2026-03-29T04:18:05.942Z] GET http://localhost:3000/_next/static/chunks/node_modules_%40aedifex_editor_src_0g8m9sq._.js → 200 (478ms, 119753B)
[2026-03-29T04:18:05.942Z] GET http://localhost:3000/_next/static/chunks/node_modules_%40visual-json_react_dist_index_mjs_0yl8d61._.js → 200 (479ms, 186029B)
[2026-03-29T04:18:05.942Z] GET http://localhost:3000/_next/static/chunks/node_modules_%40radix-ui_07jsofp._.js → 200 (480ms, 438291B)
[2026-03-29T04:18:05.942Z] GET http://localhost:3000/_next/static/chunks/node_modules_%40floating-ui_04skdch._.js → 200 (488ms, 140817B)
[2026-03-29T04:18:05.942Z] GET http://localhost:3000/_next/static/chunks/node_modules_0j8ofz3._.js → 200 (541ms, ?B)
[2026-03-29T04:18:05.942Z] GET http://localhost:3000/_next/static/chunks/apps_web_app_components_03nq-d5._.js → 200 (488ms, 75048B)
[2026-03-29T04:18:05.943Z] GET http://localhost:3000/_next/static/chunks/apps_web_app_editor_%5BprojectId%5D_page_tsx_0q9a4f8._.js → 200 (487ms, 2440B)
[2026-03-29T04:18:05.944Z] GET http://localhost:3000/_next/image?url=%2Ficons%2Fselect.png&w=32&q=75 → 400 (293ms, 43B)
[2026-03-29T04:18:05.944Z] GET http://localhost:3000/_next/image?url=%2Ficons%2Frotate.png&w=32&q=75 → 400 (293ms, 43B)
[2026-03-29T04:18:05.944Z] GET http://localhost:3000/_next/image?url=%2Ficons%2Ftopview.png&w=32&q=75 → 400 (292ms, 43B)
[2026-03-29T04:18:06.386Z] GET http://localhost:3000/_next/static/chunks/%5Bturbopack%5D_browser_dev_hmr-client_hmr-client_ts_0yjw1oe._.js → 200 (44ms, 15461B)
[2026-03-29T04:18:06.386Z] GET http://localhost:3000/_next/static/chunks/%5Bturbopack%5D_browser_dev_hmr-client_hmr-client_ts_10mygs7._.js → 200 (45ms, 289B)
[2026-03-29T04:18:06.407Z] GET http://localhost:3000/__nextjs_font/geist-latin.woff2 → 200 (?ms, ?B)
[2026-03-29T04:18:06.722Z] GET http://localhost:3000/audios/sfx/grid_snap.mp3 → 404 (168ms, 12374B)
[2026-03-29T04:18:06.722Z] GET http://localhost:3000/audios/sfx/item_delete.mp3 → 404 (169ms, 12376B)
[2026-03-29T04:18:06.722Z] GET http://localhost:3000/audios/sfx/item_pick.mp3 → 404 (169ms, 12374B)
[2026-03-29T04:18:06.722Z] GET http://localhost:3000/audios/sfx/item_place.mp3 → 404 (170ms, 12375B)
[2026-03-29T04:18:06.722Z] GET http://localhost:3000/audios/sfx/item_rotate.mp3 → 404 (181ms, 12376B)
[2026-03-29T04:18:06.722Z] GET http://localhost:3000/audios/sfx/structure_build.mp3 → 404 (181ms, 12380B)
[2026-03-29T04:18:06.722Z] GET http://localhost:3000/audios/sfx/structure_delete.mp3 → 404 (251ms, 12381B)
[2026-03-29T04:18:06.868Z] GET http://localhost:3000/api/projects/QhxwztNIpP → 200 (187ms, 243B)
[2026-03-29T04:18:06.872Z] GET http://localhost:3000/_next/image?url=%2Ficons%2Fbuild.png&w=32&q=75 → 400 (160ms, 43B)
[2026-03-29T04:18:06.873Z] GET https://api.iconify.design/icon-park-outline.json?icons=perspective → 200 (10ms, 399B)
[2026-03-29T04:18:06.873Z] GET https://api.iconify.design/charm.json?icons=stack-push → 200 (10ms, 347B)
[2026-03-29T04:18:06.990Z] POST http://localhost:3000/__nextjs_original-stack-frames → 200 (30ms, 676B)
[2026-03-29T04:18:07.123Z] GET http://localhost:3000/icons/site.png → 404 (124ms, 3020B)
[2026-03-29T04:18:07.123Z] GET http://localhost:3000/icons/building.png → 404 (125ms, 3020B)
[2026-03-29T04:18:07.123Z] GET http://localhost:3000/icons/level.png → 404 (127ms, 3020B)
[2026-03-29T04:18:07.123Z] GET http://localhost:3000/icons/room.png → 404 (127ms, 3020B)
[2026-03-29T04:18:07.123Z] GET http://localhost:3000/icons/couch.png → 404 (137ms, 3020B)
[2026-03-29T04:18:07.123Z] GET http://localhost:3000/icons/kitchen.png → 404 (137ms, 3020B)
[2026-03-29T04:18:07.139Z] GET https://api.iconify.design/lucide.json?icons=space%2Cx → 200 (5ms, 433B)
[2026-03-29T04:18:07.139Z] GET https://api.iconify.design/ph.json?icons=mouse-left-click-fill%2Cmouse-right-click-fill → 200 (5ms, 693B)
[2026-03-29T04:18:07.139Z] GET https://api.iconify.design/qlementine-icons.json?icons=mouse-middle-button-16 → 200 (5ms, 1094B)
[2026-03-29T04:20:08.376Z] GET http://localhost:3000/editor/QhxwztNIpP → pending (?ms, ?B)
[2026-03-29T04:20:08.456Z] GET http://localhost:3000/editor/QhxwztNIpP?_rsc=1jwi8 → pending (?ms, ?B)
[2026-03-29T04:20:08.468Z] GET http://localhost:3000/editor/QhxwztNIpP?_rsc=1jwi8 → pending (?ms, ?B)
[2026-03-29T04:20:08.468Z] GET http://localhost:3000/editor/QhxwztNIpP?_rsc=1jwi8 → pending (?ms, ?B)
[2026-03-29T04:20:08.469Z] GET http://localhost:3000/editor/QhxwztNIpP?_rsc=1jwi8 → pending (?ms, ?B)
[2026-03-29T04:20:08.469Z] GET http://localhost:3000/editor/QhxwztNIpP?_rsc=1jwi8 → pending (?ms, ?B)
[2026-03-29T04:20:08.502Z] GET http://localhost:3000/editor/QhxwztNIpP?_rsc=1jwi8 → pending (?ms, ?B)
[2026-03-29T04:20:08.503Z] GET http://localhost:3000/editor/QhxwztNIpP?_rsc=1jwi8 → pending (?ms, ?B)
[2026-03-29T04:20:08.504Z] GET http://localhost:3000/editor/QhxwztNIpP?_rsc=1jwi8 → pending (?ms, ?B)
[2026-03-29T04:20:08.510Z] GET http://localhost:3000/editor/QhxwztNIpP?_rsc=1jwi8 → pending (?ms, ?B)
[2026-03-29T04:20:08.510Z] GET http://localhost:3000/editor/QhxwztNIpP?_rsc=1jwi8 → pending (?ms, ?B)
[2026-03-29T04:20:08.511Z] GET http://localhost:3000/editor/QhxwztNIpP?_rsc=1jwi8 → pending (?ms, ?B)
[2026-03-29T04:20:08.516Z] GET http://localhost:3000/editor/QhxwztNIpP?_rsc=1jwi8 → pending (?ms, ?B)
[2026-03-29T04:20:08.516Z] GET http://localhost:3000/editor/QhxwztNIpP?_rsc=1jwi8 → pending (?ms, ?B)
[2026-03-29T04:20:08.517Z] GET http://localhost:3000/editor/QhxwztNIpP?_rsc=1jwi8 → pending (?ms, ?B)
[2026-03-29T04:20:08.517Z] GET http://localhost:3000/editor/QhxwztNIpP?_rsc=1jwi8 → pending (?ms, ?B)
[2026-03-29T04:20:08.519Z] GET http://localhost:3000/editor/QhxwztNIpP?_rsc=1jwi8 → pending (?ms, ?B)
[2026-03-29T04:20:08.519Z] GET http://localhost:3000/editor/QhxwztNIpP?_rsc=1jwi8 → pending (?ms, ?B)
[2026-03-29T04:20:08.523Z] GET http://localhost:3000/editor/QhxwztNIpP?_rsc=1jwi8 → pending (?ms, ?B)
[2026-03-29T04:20:08.523Z] GET http://localhost:3000/editor/QhxwztNIpP?_rsc=1jwi8 → pending (?ms, ?B)
[2026-03-29T04:20:08.524Z] GET http://localhost:3000/editor/QhxwztNIpP?_rsc=1jwi8 → pending (?ms, ?B)
[2026-03-29T04:20:08.527Z] GET http://localhost:3000/editor/QhxwztNIpP?_rsc=1jwi8 → pending (?ms, ?B)
[2026-03-29T04:20:08.531Z] GET http://localhost:3000/editor/QhxwztNIpP?_rsc=1jwi8 → pending (?ms, ?B)
[2026-03-29T04:20:08.540Z] GET http://localhost:3000/editor/QhxwztNIpP?_rsc=1jwi8 → pending (?ms, ?B)
[2026-03-29T04:20:08.544Z] GET http://localhost:3000/editor/QhxwztNIpP?_rsc=1jwi8 → pending (?ms, ?B)
[2026-03-29T04:20:08.549Z] GET http://localhost:3000/editor/QhxwztNIpP?_rsc=1jwi8 → pending (?ms, ?B)
[2026-03-29T04:20:08.563Z] GET http://localhost:3000/editor/QhxwztNIpP?_rsc=1jwi8 → pending (?ms, ?B)
[2026-03-29T04:20:08.581Z] GET http://localhost:3000/editor/QhxwztNIpP?_rsc=1jwi8 → pending (?ms, ?B)
[2026-03-29T04:20:08.586Z] GET http://localhost:3000/editor/QhxwztNIpP?_rsc=1jwi8 → pending (?ms, ?B)
[2026-03-29T04:20:08.593Z] GET http://localhost:3000/editor/QhxwztNIpP?_rsc=1jwi8 → pending (?ms, ?B)
[2026-03-29T04:20:08.599Z] GET http://localhost:3000/editor/QhxwztNIpP?_rsc=1jwi8 → pending (?ms, ?B)
[2026-03-29T04:20:08.604Z] GET http://localhost:3000/editor/QhxwztNIpP?_rsc=1jwi8 → pending (?ms, ?B)
[2026-03-29T04:20:08.610Z] GET http://localhost:3000/editor/QhxwztNIpP?_rsc=1jwi8 → pending (?ms, ?B)
[2026-03-29T04:20:08.618Z] GET http://localhost:3000/editor/QhxwztNIpP?_rsc=1jwi8 → pending (?ms, ?B)
[2026-03-29T04:20:08.625Z] GET http://localhost:3000/editor/QhxwztNIpP?_rsc=1jwi8 → pending (?ms, ?B)
[2026-03-29T04:20:08.636Z] GET http://localhost:3000/editor/QhxwztNIpP?_rsc=1jwi8 → pending (?ms, ?B)
[2026-03-29T04:20:08.640Z] GET http://localhost:3000/editor/QhxwztNIpP?_rsc=1jwi8 → pending (?ms, ?B)
[2026-03-29T04:20:08.644Z] GET http://localhost:3000/editor/QhxwztNIpP?_rsc=1jwi8 → pending (?ms, ?B)
[2026-03-29T04:20:08.647Z] GET http://localhost:3000/editor/QhxwztNIpP?_rsc=1jwi8 → pending (?ms, ?B)
[2026-03-29T04:20:08.651Z] GET http://localhost:3000/editor/QhxwztNIpP?_rsc=1jwi8 → pending (?ms, ?B)
[2026-03-29T04:20:08.656Z] GET http://localhost:3000/editor/QhxwztNIpP?_rsc=1jwi8 → pending (?ms, ?B)
[2026-03-29T04:20:08.660Z] GET http://localhost:3000/editor/QhxwztNIpP?_rsc=1jwi8 → pending (?ms, ?B)
[2026-03-29T04:20:08.664Z] GET http://localhost:3000/editor/QhxwztNIpP?_rsc=1jwi8 → pending (?ms, ?B)
[2026-03-29T04:20:08.667Z] GET http://localhost:3000/editor/QhxwztNIpP?_rsc=1jwi8 → pending (?ms, ?B)
[2026-03-29T04:20:08.672Z] GET http://localhost:3000/editor/QhxwztNIpP?_rsc=1jwi8 → pending (?ms, ?B)
[2026-03-29T04:20:08.676Z] GET http://localhost:3000/editor/QhxwztNIpP?_rsc=1jwi8 → pending (?ms, ?B)
[2026-03-29T04:20:08.680Z] GET http://localhost:3000/editor/QhxwztNIpP?_rsc=1jwi8 → pending (?ms, ?B)
[2026-03-29T04:20:08.685Z] GET http://localhost:3000/editor/QhxwztNIpP?_rsc=1jwi8 → pending (?ms, ?B)
[2026-03-29T04:20:08.695Z] GET http://localhost:3000/editor/QhxwztNIpP?_rsc=1jwi8 → pending (?ms, ?B)
[2026-03-29T04:20:08.701Z] GET http://localhost:3000/editor/QhxwztNIpP?_rsc=1jwi8 → pending (?ms, ?B)
[2026-03-29T04:20:08.708Z] GET http://localhost:3000/editor/QhxwztNIpP?_rsc=1jwi8 → pending (?ms, ?B)
[2026-03-29T04:20:08.711Z] GET http://localhost:3000/editor/QhxwztNIpP?_rsc=1jwi8 → pending (?ms, ?B)
[2026-03-29T04:20:08.715Z] GET http://localhost:3000/editor/QhxwztNIpP?_rsc=1jwi8 → pending (?ms, ?B)
[2026-03-29T04:20:08.719Z] GET http://localhost:3000/editor/QhxwztNIpP?_rsc=1jwi8 → pending (?ms, ?B)
[2026-03-29T04:20:08.724Z] GET http://localhost:3000/editor/QhxwztNIpP?_rsc=1jwi8 → pending (?ms, ?B)
[2026-03-29T04:20:08.729Z] GET http://localhost:3000/editor/QhxwztNIpP?_rsc=1jwi8 → pending (?ms, ?B)
[2026-03-29T04:20:08.733Z] GET http://localhost:3000/editor/QhxwztNIpP?_rsc=1jwi8 → pending (?ms, ?B)
[2026-03-29T04:20:08.736Z] GET http://localhost:3000/editor/QhxwztNIpP?_rsc=1jwi8 → pending (?ms, ?B)
[2026-03-29T04:20:08.740Z] GET http://localhost:3000/editor/QhxwztNIpP?_rsc=1jwi8 → pending (?ms, ?B)
[2026-03-29T04:20:08.744Z] GET http://localhost:3000/editor/QhxwztNIpP?_rsc=1jwi8 → pending (?ms, ?B)
[2026-03-29T04:20:08.751Z] GET http://localhost:3000/editor/QhxwztNIpP?_rsc=1jwi8 → pending (?ms, ?B)
[2026-03-29T04:20:08.755Z] GET http://localhost:3000/editor/QhxwztNIpP?_rsc=1jwi8 → pending (?ms, ?B)
[2026-03-29T04:20:08.759Z] GET http://localhost:3000/editor/QhxwztNIpP?_rsc=1jwi8 → pending (?ms, ?B)
[2026-03-29T04:20:08.763Z] GET http://localhost:3000/editor/QhxwztNIpP?_rsc=1jwi8 → pending (?ms, ?B)
[2026-03-29T04:20:08.767Z] GET http://localhost:3000/editor/QhxwztNIpP?_rsc=1jwi8 → pending (?ms, ?B)
[2026-03-29T04:20:08.770Z] GET http://localhost:3000/editor/QhxwztNIpP?_rsc=1jwi8 → pending (?ms, ?B)
[2026-03-29T04:20:08.774Z] GET http://localhost:3000/editor/QhxwztNIpP?_rsc=1jwi8 → pending (?ms, ?B)
[2026-03-29T04:20:08.777Z] GET http://localhost:3000/editor/QhxwztNIpP?_rsc=1jwi8 → pending (?ms, ?B)
[2026-03-29T04:20:08.781Z] GET http://localhost:3000/editor/QhxwztNIpP?_rsc=1jwi8 → pending (?ms, ?B)
[2026-03-29T04:20:08.785Z] GET http://localhost:3000/editor/QhxwztNIpP?_rsc=1jwi8 → pending (?ms, ?B)
[2026-03-29T04:20:08.789Z] GET http://localhost:3000/editor/QhxwztNIpP?_rsc=1jwi8 → pending (?ms, ?B)
[2026-03-29T04:20:08.793Z] GET http://localhost:3000/editor/QhxwztNIpP?_rsc=1jwi8 → pending (?ms, ?B)
[2026-03-29T04:20:08.797Z] GET http://localhost:3000/editor/QhxwztNIpP?_rsc=1jwi8 → pending (?ms, ?B)
[2026-03-29T04:20:08.802Z] GET http://localhost:3000/editor/QhxwztNIpP?_rsc=1jwi8 → pending (?ms, ?B)
[2026-03-29T04:20:08.807Z] GET http://localhost:3000/editor/QhxwztNIpP?_rsc=1jwi8 → pending (?ms, ?B)
[2026-03-29T04:20:08.811Z] GET http://localhost:3000/editor/QhxwztNIpP?_rsc=1jwi8 → pending (?ms, ?B)
[2026-03-29T04:20:08.815Z] GET http://localhost:3000/editor/QhxwztNIpP?_rsc=1jwi8 → pending (?ms, ?B)
[2026-03-29T04:20:08.821Z] GET http://localhost:3000/editor/QhxwztNIpP?_rsc=1jwi8 → pending (?ms, ?B)
[2026-03-29T04:20:08.827Z] GET http://localhost:3000/editor/QhxwztNIpP?_rsc=1jwi8 → pending (?ms, ?B)
[2026-03-29T04:20:08.831Z] GET http://localhost:3000/editor/QhxwztNIpP?_rsc=1jwi8 → pending (?ms, ?B)
[2026-03-29T04:20:08.838Z] GET http://localhost:3000/editor/QhxwztNIpP?_rsc=1jwi8 → pending (?ms, ?B)
[2026-03-29T04:20:08.853Z] GET http://localhost:3000/editor/QhxwztNIpP?_rsc=1jwi8 → pending (?ms, ?B)
[2026-03-29T04:20:08.863Z] GET http://localhost:3000/editor/QhxwztNIpP?_rsc=1jwi8 → pending (?ms, ?B)
[2026-03-29T04:20:08.863Z] GET http://localhost:3000/editor/QhxwztNIpP?_rsc=1jwi8 → pending (?ms, ?B)
[2026-03-29T04:20:08.867Z] GET http://localhost:3000/editor/QhxwztNIpP?_rsc=1jwi8 → pending (?ms, ?B)
[2026-03-29T04:20:08.870Z] GET http://localhost:3000/editor/QhxwztNIpP?_rsc=1jwi8 → pending (?ms, ?B)
[2026-03-29T04:20:08.874Z] GET http://localhost:3000/editor/QhxwztNIpP?_rsc=1jwi8 → pending (?ms, ?B)
[2026-03-29T04:20:08.877Z] GET http://localhost:3000/editor/QhxwztNIpP?_rsc=1jwi8 → pending (?ms, ?B)
[2026-03-29T04:20:08.881Z] GET http://localhost:3000/editor/QhxwztNIpP?_rsc=1jwi8 → pending (?ms, ?B)
[2026-03-29T04:20:08.885Z] GET http://localhost:3000/editor/QhxwztNIpP?_rsc=1jwi8 → pending (?ms, ?B)
[2026-03-29T04:20:08.890Z] GET http://localhost:3000/editor/QhxwztNIpP?_rsc=1jwi8 → pending (?ms, ?B)
[2026-03-29T04:20:08.894Z] GET http://localhost:3000/editor/QhxwztNIpP?_rsc=1jwi8 → pending (?ms, ?B)
[2026-03-29T04:20:08.897Z] GET http://localhost:3000/editor/QhxwztNIpP?_rsc=1jwi8 → pending (?ms, ?B)
[2026-03-29T04:20:08.902Z] GET http://localhost:3000/editor/QhxwztNIpP?_rsc=1jwi8 → pending (?ms, ?B)
[2026-03-29T04:20:08.907Z] GET http://localhost:3000/editor/QhxwztNIpP?_rsc=1jwi8 → pending (?ms, ?B)
[2026-03-29T04:20:08.912Z] GET http://localhost:3000/editor/QhxwztNIpP?_rsc=1jwi8 → pending (?ms, ?B)
[2026-03-29T04:20:08.916Z] GET http://localhost:3000/editor/QhxwztNIpP?_rsc=1jwi8 → pending (?ms, ?B)
[2026-03-29T04:20:08.924Z] GET http://localhost:3000/editor/QhxwztNIpP?_rsc=1jwi8 → pending (?ms, ?B)
[2026-03-29T04:20:08.926Z] GET http://localhost:3000/editor/QhxwztNIpP?_rsc=1jwi8 → pending (?ms, ?B)
[2026-03-29T04:20:08.961Z] GET http://localhost:3000/editor/QhxwztNIpP → pending (?ms, ?B)
[2026-03-29T04:20:08.962Z] GET http://localhost:3000/editor/QhxwztNIpP → pending (?ms, ?B)
[2026-03-29T04:20:08.962Z] GET http://localhost:3000/editor/QhxwztNIpP → pending (?ms, ?B)
[2026-03-29T04:20:08.962Z] GET http://localhost:3000/editor/QhxwztNIpP → pending (?ms, ?B)
[2026-03-29T04:20:08.963Z] GET http://localhost:3000/editor/QhxwztNIpP → pending (?ms, ?B)
[2026-03-29T04:20:08.966Z] GET http://localhost:3000/editor/QhxwztNIpP?_rsc=1jwi8 → pending (?ms, ?B)
[2026-03-29T04:20:08.967Z] GET http://localhost:3000/editor/QhxwztNIpP?_rsc=1jwi8 → pending (?ms, ?B)
[2026-03-29T04:20:08.967Z] GET http://localhost:3000/editor/QhxwztNIpP?_rsc=1jwi8 → pending (?ms, ?B)
[2026-03-29T04:20:08.967Z] GET http://localhost:3000/editor/QhxwztNIpP?_rsc=1jwi8 → pending (?ms, ?B)
[2026-03-29T04:20:08.967Z] GET http://localhost:3000/editor/QhxwztNIpP?_rsc=1jwi8 → pending (?ms, ?B)
[2026-03-29T04:20:08.968Z] GET http://localhost:3000/editor/QhxwztNIpP?_rsc=1jwi8 → pending (?ms, ?B)
[2026-03-29T04:20:08.974Z] GET http://localhost:3000/editor/QhxwztNIpP?_rsc=1jwi8 → pending (?ms, ?B)
[2026-03-29T04:20:08.979Z] GET http://localhost:3000/editor/QhxwztNIpP?_rsc=1jwi8 → pending (?ms, ?B)
[2026-03-29T04:20:08.984Z] GET http://localhost:3000/editor/QhxwztNIpP?_rsc=1jwi8 → pending (?ms, ?B)
[2026-03-29T04:20:08.987Z] GET http://localhost:3000/editor/QhxwztNIpP?_rsc=1jwi8 → pending (?ms, ?B)
[2026-03-29T04:20:08.992Z] GET http://localhost:3000/editor/QhxwztNIpP?_rsc=1jwi8 → pending (?ms, ?B)
[2026-03-29T04:20:08.996Z] GET http://localhost:3000/editor/QhxwztNIpP?_rsc=1jwi8 → pending (?ms, ?B)
[2026-03-29T04:20:09.000Z] GET http://localhost:3000/editor/QhxwztNIpP?_rsc=1jwi8 → pending (?ms, ?B)
[2026-03-29T04:20:09.004Z] GET http://localhost:3000/editor/QhxwztNIpP?_rsc=1jwi8 → pending (?ms, ?B)
[2026-03-29T04:20:09.009Z] GET http://localhost:3000/editor/QhxwztNIpP?_rsc=1jwi8 → pending (?ms, ?B)
[2026-03-29T04:20:09.013Z] GET http://localhost:3000/editor/QhxwztNIpP?_rsc=1jwi8 → pending (?ms, ?B)
[2026-03-29T04:20:09.017Z] GET http://localhost:3000/editor/QhxwztNIpP?_rsc=1jwi8 → pending (?ms, ?B)
[2026-03-29T04:20:09.025Z] GET http://localhost:3000/editor/QhxwztNIpP?_rsc=1jwi8 → pending (?ms, ?B)
[2026-03-29T04:20:09.029Z] GET http://localhost:3000/editor/QhxwztNIpP?_rsc=1jwi8 → pending (?ms, ?B)
[2026-03-29T04:20:09.032Z] GET http://localhost:3000/editor/QhxwztNIpP?_rsc=1jwi8 → pending (?ms, ?B)
[2026-03-29T04:20:10.604Z] GET http://localhost:3000/_next/static/chunks/node_modules_next_dist_compiled_0o6l_m6._.js → 200 (65ms, 844033B)
[2026-03-29T04:20:10.605Z] GET http://localhost:3000/_next/static/chunks/node_modules_next_dist_shared_lib_0~pg0mt._.js → 200 (25ms, 258731B)
[2026-03-29T04:20:10.605Z] GET http://localhost:3000/_next/static/chunks/node_modules_next_dist_client_0pe1dg-._.js → 200 (35ms, 182230B)
[2026-03-29T04:20:10.605Z] GET http://localhost:3000/_next/static/chunks/node_modules_next_dist_0u_w_5s._.js → 200 (20ms, 86189B)
[2026-03-29T04:20:10.605Z] GET http://localhost:3000/_next/static/chunks/node_modules_next_app_0jt-zj..js → 200 (16ms, 421B)
[2026-03-29T04:20:10.605Z] GET http://localhost:3000/_next/static/chunks/%5Bnext%5D_entry_page-loader_ts_0j~flwh._.js → 200 (17ms, 829B)
[2026-03-29T04:20:10.605Z] GET http://localhost:3000/_next/static/chunks/node_modules_react-dom_0bruynb._.js → 200 (84ms, 964856B)
[2026-03-29T04:20:10.605Z] GET http://localhost:3000/_next/static/chunks/node_modules_0lx093h._.js → 200 (25ms, 72231B)
[2026-03-29T04:20:10.605Z] GET http://localhost:3000/_next/static/chunks/%5Broot-of-the-server%5D__0hr~eak._.js → 200 (35ms, 15705B)
[2026-03-29T04:20:10.605Z] GET http://localhost:3000/_next/static/chunks/apps_web_pages__app_07xvfw~._.js → 200 (35ms, 695B)
[2026-03-29T04:20:10.605Z] GET http://localhost:3000/_next/static/chunks/turbopack-apps_web_pages__app_0b.3.xl._.js → 200 (42ms, 91109B)
[2026-03-29T04:20:10.605Z] GET http://localhost:3000/_next/static/chunks/node_modules_next_dist_shared_lib_12bi_n7._.js → 200 (54ms, 269191B)
[2026-03-29T04:20:10.605Z] GET http://localhost:3000/_next/static/chunks/node_modules_next_dist_0rt-2cr._.js → 200 (42ms, 92439B)
[2026-03-29T04:20:10.605Z] GET http://localhost:3000/_next/static/chunks/%5Bnext%5D_entry_page-loader_ts_0rqw6yo._.js → 200 (42ms, 859B)
[2026-03-29T04:20:10.605Z] GET http://localhost:3000/_next/static/chunks/%5Broot-of-the-server%5D__0dlxqx9._.js → 200 (52ms, 15721B)
[2026-03-29T04:20:10.605Z] GET http://localhost:3000/_next/static/chunks/apps_web_pages__error_07xvfw~._.js → 200 (43ms, 646B)
[2026-03-29T04:20:10.605Z] GET http://localhost:3000/_next/static/chunks/turbopack-apps_web_pages__error_11ljito._.js → 200 (54ms, 91064B)
[2026-03-29T04:20:10.605Z] GET http://localhost:3000/_next/static/development/_buildManifest.js → 200 (52ms, 275B)
[2026-03-29T04:20:10.605Z] GET http://localhost:3000/_next/static/development/_ssgManifest.js → 200 (53ms, 76B)
[2026-03-29T04:20:10.605Z] GET http://localhost:3000/_next/static/development/_clientMiddlewareManifest.js → 200 (53ms, 543B)
[2026-03-29T04:20:10.745Z] GET http://localhost:3000/_next/static/development/_devMiddlewareManifest.json → 200 (14ms, 543B)
[2026-03-29T04:20:10.779Z] GET http://localhost:3000/__nextjs_font/geist-latin.woff2 → 200 (?ms, ?B)
[2026-03-29T04:20:10.790Z] POST http://localhost:3000/__nextjs_original-stack-frames → pending (?ms, ?B)
[2026-03-29T04:20:10.820Z] GET http://localhost:3000/__nextjs_font/geist-mono-latin.woff2 → 200 (15ms, 31288B)
[2026-03-29T04:20:18.453Z] GET http://localhost:3000/editor/QhxwztNIpP → 307 (86ms, ?B)
[2026-03-29T04:20:18.539Z] GET http://localhost:3000/login?redirect=%2Feditor%2FQhxwztNIpP → pending (?ms, ?B)
[2026-03-29T04:20:18.991Z] GET http://localhost:3000/_next/static/chunks/node_modules_next_dist_compiled_0o6l_m6._.js → 304 (5ms, ?B)
[2026-03-29T04:20:18.991Z] GET http://localhost:3000/_next/static/chunks/node_modules_next_dist_shared_lib_0~pg0mt._.js → 304 (10ms, ?B)
[2026-03-29T04:20:18.992Z] GET http://localhost:3000/_next/static/chunks/node_modules_next_dist_client_0pe1dg-._.js → 304 (10ms, ?B)
[2026-03-29T04:20:18.992Z] GET http://localhost:3000/_next/static/chunks/node_modules_next_dist_0u_w_5s._.js → 304 (17ms, ?B)
[2026-03-29T04:20:18.993Z] GET http://localhost:3000/_next/static/chunks/node_modules_next_app_0jt-zj..js → 304 (16ms, ?B)
[2026-03-29T04:20:18.993Z] GET http://localhost:3000/_next/static/chunks/%5Bnext%5D_entry_page-loader_ts_0j~flwh._.js → 304 (18ms, ?B)
[2026-03-29T04:20:18.993Z] GET http://localhost:3000/_next/static/chunks/node_modules_react-dom_0bruynb._.js → 304 (15ms, ?B)
[2026-03-29T04:20:18.993Z] GET http://localhost:3000/_next/static/chunks/node_modules_0lx093h._.js → 304 (16ms, ?B)
[2026-03-29T04:20:18.993Z] GET http://localhost:3000/_next/static/chunks/%5Broot-of-the-server%5D__0hr~eak._.js → 304 (17ms, ?B)
[2026-03-29T04:20:18.993Z] GET http://localhost:3000/_next/static/chunks/apps_web_pages__app_07xvfw~._.js → 304 (16ms, ?B)
[2026-03-29T04:20:18.993Z] GET http://localhost:3000/_next/static/chunks/turbopack-apps_web_pages__app_0b.3.xl._.js → 304 (17ms, ?B)
[2026-03-29T04:20:18.993Z] GET http://localhost:3000/_next/static/chunks/node_modules_next_dist_shared_lib_12bi_n7._.js → 304 (25ms, ?B)
[2026-03-29T04:20:18.993Z] GET http://localhost:3000/_next/static/chunks/node_modules_next_dist_0rt-2cr._.js → 304 (26ms, ?B)
[2026-03-29T04:20:18.993Z] GET http://localhost:3000/_next/static/chunks/%5Bnext%5D_entry_page-loader_ts_0rqw6yo._.js → 304 (27ms, ?B)
[2026-03-29T04:20:18.994Z] GET http://localhost:3000/_next/static/chunks/%5Broot-of-the-server%5D__0dlxqx9._.js → 304 (26ms, ?B)
[2026-03-29T04:20:18.994Z] GET http://localhost:3000/_next/static/chunks/apps_web_pages__error_07xvfw~._.js → 304 (25ms, ?B)
[2026-03-29T04:20:18.994Z] GET http://localhost:3000/_next/static/chunks/turbopack-apps_web_pages__error_11ljito._.js → 304 (26ms, ?B)
[2026-03-29T04:20:18.994Z] GET http://localhost:3000/_next/static/development/_buildManifest.js → 200 (27ms, 275B)
[2026-03-29T04:20:18.994Z] GET http://localhost:3000/_next/static/development/_ssgManifest.js → 200 (27ms, 76B)
[2026-03-29T04:20:18.994Z] GET http://localhost:3000/_next/static/development/_clientMiddlewareManifest.js → 200 (27ms, 543B)
[2026-03-29T04:20:19.017Z] GET http://localhost:3000/_next/static/development/_devMiddlewareManifest.json → 200 (8ms, 543B)
[2026-03-29T04:20:19.032Z] POST http://localhost:3000/__nextjs_original-stack-frames → 200 (2ms, 450B)
[2026-03-29T04:20:19.039Z] GET http://localhost:3000/__nextjs_font/geist-latin.woff2 → 200 (?ms, ?B)
[2026-03-29T04:20:19.039Z] GET http://localhost:3000/__nextjs_font/geist-mono-latin.woff2 → 200 (?ms, ?B)
[2026-03-29T04:22:49.775Z] GET http://localhost:3000/login?redirect=%2Feditor%2FQhxwztNIpP → pending (?ms, ?B)
[2026-03-29T04:22:52.036Z] GET http://localhost:3000/_next/static/chunks/apps_web_app_globals_0xyo3ls.css → 200 (5ms, 170566B)
[2026-03-29T04:22:52.036Z] GET http://localhost:3000/_next/static/chunks/%5Bturbopack%5D_browser_dev_hmr-client_hmr-client_ts_10z625~._.js → 200 (10ms, 675B)
[2026-03-29T04:22:52.036Z] GET http://localhost:3000/_next/static/chunks/node_modules_next_dist_compiled_next-devtools_index_0553esy.js → 200 (117ms, 746592B)
[2026-03-29T04:22:52.037Z] GET http://localhost:3000/_next/static/chunks/node_modules_next_dist_compiled_react-dom_058-ah~._.js → 200 (118ms, 1057980B)
[2026-03-29T04:22:52.037Z] GET http://localhost:3000/_next/static/chunks/node_modules_next_dist_compiled_react-server-dom-turbopack_0p3wegg._.js → 200 (69ms, 174634B)
[2026-03-29T04:22:52.037Z] GET http://localhost:3000/_next/static/chunks/node_modules_next_dist_compiled_0rpq4pf._.js → 200 (70ms, 144344B)
[2026-03-29T04:22:52.037Z] GET http://localhost:3000/_next/static/chunks/node_modules_next_dist_client_0fhqo1d._.js → 200 (120ms, 742815B)
[2026-03-29T04:22:52.037Z] GET http://localhost:3000/_next/static/chunks/node_modules_next_dist_115brz8._.js → 200 (70ms, 246103B)
[2026-03-29T04:22:52.037Z] GET http://localhost:3000/_next/static/chunks/node_modules_%40swc_helpers_cjs_0-4ujiy._.js → 200 (85ms, 1984B)
[2026-03-29T04:22:52.038Z] GET http://localhost:3000/_next/static/chunks/apps_web_0rqeker._.js → 200 (82ms, 756B)
[2026-03-29T04:22:52.038Z] GET http://localhost:3000/_next/static/chunks/turbopack-apps_web_0p44nws._.js → 200 (115ms, 91093B)
[2026-03-29T04:22:52.038Z] GET http://localhost:3000/_next/static/chunks/node_modules_next_dist_0tt2wve._.js → 200 (117ms, 208717B)
[2026-03-29T04:22:52.039Z] GET http://localhost:3000/_next/static/chunks/apps_web_app_layout_tsx_004glpo._.js → 200 (113ms, 312B)
[2026-03-29T04:22:52.039Z] GET http://localhost:3000/_next/static/chunks/_0b6t67q._.js → 200 (117ms, 179730B)
[2026-03-29T04:22:52.039Z] GET http://localhost:3000/_next/static/chunks/_0pwf4qe._.js → 200 (116ms, 12993B)
[2026-03-29T04:22:52.039Z] GET http://localhost:3000/_next/static/chunks/apps_web_app_login_page_tsx_0q9a4f8._.js → 200 (115ms, 271B)
[2026-03-29T04:22:52.040Z] GET http://localhost:3000/_next/static/chunks/node_modules_next_dist_client_components_builtin_global-error_0q9a4f8.js → 200 (116ms, 212B)
[2026-03-29T04:22:52.246Z] GET http://localhost:3000/_next/static/chunks/%5Bturbopack%5D_browser_dev_hmr-client_hmr-client_ts_0yjw1oe._.js → 200 (63ms, 15461B)
[2026-03-29T04:22:52.246Z] GET http://localhost:3000/_next/static/chunks/%5Bturbopack%5D_browser_dev_hmr-client_hmr-client_ts_10mygs7._.js → 200 (63ms, 289B)
[2026-03-29T04:22:52.313Z] GET http://localhost:3000/__nextjs_font/geist-latin.woff2 → 200 (1ms, ?B)
[2026-03-29T04:22:52.314Z] GET http://localhost:3000/__nextjs_font/geist-mono-latin.woff2 → 200 (?ms, ?B)
[2026-03-29T04:23:22.155Z] GET http://localhost:3000/ → pending (?ms, ?B)
[2026-03-29T04:23:23.723Z] GET http://localhost:3000/login?redirect=%2Feditor%2FQhxwztNIpP&_rsc=rwdkx → pending (?ms, ?B)
[2026-03-29T04:23:23.723Z] GET http://localhost:3000/login?redirect=%2Feditor%2FQhxwztNIpP&_rsc=rwdkx → pending (?ms, ?B)
[2026-03-29T04:23:23.723Z] GET http://localhost:3000/login?redirect=%2Feditor%2FQhxwztNIpP&_rsc=rwdkx → pending (?ms, ?B)
[2026-03-29T04:23:23.723Z] GET http://localhost:3000/login?redirect=%2Feditor%2FQhxwztNIpP&_rsc=rwdkx → 200 (240ms, ?B)
[2026-03-29T04:23:23.807Z] GET http://localhost:3000/login?redirect=%2Feditor%2FQhxwztNIpP&_rsc=rwdkx → 200 (132ms, ?B)
[2026-03-29T04:23:23.876Z] GET http://localhost:3000/dashboard → 307 (67ms, ?B)
[2026-03-29T04:23:23.943Z] GET http://localhost:3000/login?redirect=%2Fdashboard → 200 (76ms, 14422B)
[2026-03-29T04:23:24.045Z] GET http://localhost:3000/_next/static/chunks/apps_web_app_globals_0xyo3ls.css → 200 (34ms, 170566B)
[2026-03-29T04:23:24.045Z] GET http://localhost:3000/_next/static/chunks/%5Bturbopack%5D_browser_dev_hmr-client_hmr-client_ts_10z625~._.js → 200 (35ms, 675B)
[2026-03-29T04:23:24.046Z] GET http://localhost:3000/_next/static/chunks/node_modules_next_dist_compiled_next-devtools_index_0553esy.js → 200 (68ms, 746592B)
[2026-03-29T04:23:24.046Z] GET http://localhost:3000/_next/static/chunks/node_modules_next_dist_compiled_react-dom_058-ah~._.js → 200 (67ms, 1057980B)
[2026-03-29T04:23:24.046Z] GET http://localhost:3000/_next/static/chunks/node_modules_next_dist_compiled_react-server-dom-turbopack_0p3wegg._.js → 200 (66ms, 174634B)
[2026-03-29T04:23:24.046Z] GET http://localhost:3000/_next/static/chunks/node_modules_next_dist_compiled_0rpq4pf._.js → 200 (40ms, 144344B)
[2026-03-29T04:23:24.046Z] GET http://localhost:3000/_next/static/chunks/node_modules_next_dist_client_0fhqo1d._.js → 200 (69ms, 742815B)
[2026-03-29T04:23:24.047Z] GET http://localhost:3000/_next/static/chunks/node_modules_next_dist_115brz8._.js → 200 (68ms, 246103B)
[2026-03-29T04:23:24.048Z] GET http://localhost:3000/_next/static/chunks/node_modules_%40swc_helpers_cjs_0-4ujiy._.js → 200 (70ms, 1984B)
[2026-03-29T04:23:24.048Z] GET http://localhost:3000/_next/static/chunks/apps_web_0rqeker._.js → 200 (68ms, 756B)
[2026-03-29T04:23:24.048Z] GET http://localhost:3000/_next/static/chunks/turbopack-apps_web_0p44nws._.js → 200 (73ms, 91093B)
[2026-03-29T04:23:24.048Z] GET http://localhost:3000/_next/static/chunks/node_modules_next_dist_0tt2wve._.js → 200 (113ms, 208717B)
[2026-03-29T04:23:24.048Z] GET http://localhost:3000/_next/static/chunks/apps_web_app_layout_tsx_004glpo._.js → 200 (113ms, 312B)
[2026-03-29T04:23:24.048Z] GET http://localhost:3000/_next/static/chunks/_0b6t67q._.js → 200 (173ms, 179730B)
[2026-03-29T04:23:24.050Z] GET http://localhost:3000/_next/static/chunks/_0pwf4qe._.js → 200 (111ms, 12993B)
[2026-03-29T04:23:24.055Z] GET http://localhost:3000/_next/static/chunks/apps_web_app_login_page_tsx_0q9a4f8._.js → 200 (167ms, 271B)
[2026-03-29T04:23:24.055Z] GET http://localhost:3000/_next/static/chunks/node_modules_next_dist_client_components_builtin_global-error_0q9a4f8.js → 200 (168ms, 212B)
[2026-03-29T04:23:24.159Z] GET http://localhost:3000/_next/static/chunks/%5Bturbopack%5D_browser_dev_hmr-client_hmr-client_ts_0yjw1oe._.js → 200 (78ms, 15461B)
[2026-03-29T04:23:24.160Z] GET http://localhost:3000/_next/static/chunks/%5Bturbopack%5D_browser_dev_hmr-client_hmr-client_ts_10mygs7._.js → 200 (77ms, 289B)
[2026-03-29T04:23:24.331Z] GET http://localhost:3000/__nextjs_font/geist-latin.woff2 → 200 (?ms, ?B)
[2026-03-29T04:23:24.332Z] GET http://localhost:3000/__nextjs_font/geist-mono-latin.woff2 → 200 (?ms, ?B)
[2026-03-29T04:23:44.691Z] GET http://localhost:3000/register?_rsc=13uu9 → 200 (608ms, 5336B)
[2026-03-29T04:23:45.313Z] GET http://localhost:3000/_next/static/chunks/_0wnatf4._.js → 200 (31ms, 15023B)
[2026-03-29T04:23:45.313Z] GET http://localhost:3000/_next/static/chunks/apps_web_app_register_page_tsx_0q9a4f8._.js → 200 (29ms, 271B)
[2026-03-29T04:23:45.314Z] GET http://localhost:3000/register?_rsc=4nfpm → 200 (215ms, 8218B)
[2026-03-29T04:23:45.314Z] GET http://localhost:3000/register?_rsc=4nfpm → 200 (195ms, 8218B)
[2026-03-29T04:23:45.314Z] GET http://localhost:3000/register?_rsc=4nfpm → 200 (162ms, 8218B)
[2026-03-29T04:23:45.314Z] GET http://localhost:3000/register?_rsc=4nfpm → 200 (131ms, 8218B)
[2026-03-29T04:23:45.314Z] GET http://localhost:3000/register?_rsc=4nfpm → 200 (111ms, 8218B)
[2026-03-29T04:23:45.314Z] GET http://localhost:3000/register?_rsc=4nfpm → 200 (78ms, 8218B)
[2026-03-29T04:23:45.543Z] GET http://localhost:3000/_next/static/chunks/_0wnatf4._.js → 304 (1ms, ?B)
[2026-03-29T04:23:45.543Z] GET http://localhost:3000/_next/static/chunks/apps_web_app_register_page_tsx_0q9a4f8._.js → 304 (2ms, ?B)
[2026-03-29T04:23:59.053Z] POST http://localhost:3000/api/auth/sign-up/email → pending (?ms, ?B)
[2026-03-29T04:24:00.252Z] GET http://localhost:3000/dashboard?_rsc=14qcf → pending (?ms, ?B)
[2026-03-29T04:24:02.199Z] GET http://localhost:3000/dashboard?_rsc=8lqag → pending (?ms, ?B)
[2026-03-29T04:24:02.199Z] GET http://localhost:3000/dashboard?_rsc=8lqag → pending (?ms, ?B)
[2026-03-29T04:24:02.199Z] GET http://localhost:3000/dashboard?_rsc=8lqag → pending (?ms, ?B)
[2026-03-29T04:24:02.199Z] GET http://localhost:3000/dashboard?_rsc=8lqag → pending (?ms, ?B)
[2026-03-29T04:24:02.200Z] GET http://localhost:3000/dashboard?_rsc=8lqag → pending (?ms, ?B)
[2026-03-29T04:24:02.200Z] GET http://localhost:3000/dashboard?_rsc=8lqag → pending (?ms, ?B)
[2026-03-29T04:24:02.200Z] GET http://localhost:3000/dashboard?_rsc=8lqag → pending (?ms, ?B)
[2026-03-29T04:24:02.200Z] GET http://localhost:3000/dashboard?_rsc=8lqag → pending (?ms, ?B)
[2026-03-29T04:24:02.200Z] GET http://localhost:3000/dashboard?_rsc=8lqag → pending (?ms, ?B)
[2026-03-29T04:24:02.200Z] GET http://localhost:3000/dashboard?_rsc=8lqag → pending (?ms, ?B)
[2026-03-29T04:24:02.200Z] GET http://localhost:3000/dashboard?_rsc=8lqag → pending (?ms, ?B)
[2026-03-29T04:24:02.200Z] GET http://localhost:3000/dashboard?_rsc=8lqag → pending (?ms, ?B)
[2026-03-29T04:24:02.200Z] GET http://localhost:3000/dashboard?_rsc=8lqag → pending (?ms, ?B)
[2026-03-29T04:24:02.200Z] GET http://localhost:3000/dashboard?_rsc=8lqag → pending (?ms, ?B)
[2026-03-29T04:24:02.200Z] GET http://localhost:3000/dashboard?_rsc=8lqag → pending (?ms, ?B)
[2026-03-29T04:24:02.200Z] GET http://localhost:3000/dashboard?_rsc=8lqag → pending (?ms, ?B)
[2026-03-29T04:24:02.200Z] GET http://localhost:3000/dashboard?_rsc=8lqag → pending (?ms, ?B)
[2026-03-29T04:24:02.200Z] GET http://localhost:3000/dashboard?_rsc=8lqag → pending (?ms, ?B)
[2026-03-29T04:24:02.200Z] GET http://localhost:3000/dashboard?_rsc=8lqag → 200 (384ms, ?B)
[2026-03-29T04:24:02.200Z] GET http://localhost:3000/dashboard?_rsc=8lqag → 200 (295ms, ?B)
[2026-03-29T04:24:02.200Z] GET http://localhost:3000/dashboard?_rsc=8lqag → 200 (240ms, ?B)
[2026-03-29T04:24:02.200Z] GET http://localhost:3000/dashboard?_rsc=8lqag → 200 (179ms, ?B)
[2026-03-29T04:24:02.201Z] GET http://localhost:3000/dashboard?_rsc=8lqag → 200 (117ms, ?B)
[2026-03-29T04:24:02.626Z] GET http://localhost:3000/_next/static/chunks/_03p8es7._.js → pending (?ms, ?B)
[2026-03-29T04:24:02.627Z] GET http://localhost:3000/_next/static/chunks/_0om3g16._.js → pending (?ms, ?B)
[2026-03-29T04:24:02.627Z] GET http://localhost:3000/_next/static/chunks/apps_web_app_dashboard_layout_tsx_0q9a4f8._.js → pending (?ms, ?B)
[2026-03-29T04:24:02.668Z] GET http://localhost:3000/_next/static/chunks/apps_web_0q812xr._.js → pending (?ms, ?B)
[2026-03-29T04:24:02.668Z] GET http://localhost:3000/_next/static/chunks/apps_web_app_dashboard_page_tsx_00jkz0g._.js → pending (?ms, ?B)
[2026-03-29T04:24:03.971Z] GET http://localhost:3000/_next/static/chunks/_03p8es7._.js → 304 (6ms, ?B)
[2026-03-29T04:24:03.971Z] GET http://localhost:3000/_next/static/chunks/_0om3g16._.js → 304 (7ms, ?B)
[2026-03-29T04:24:03.971Z] GET http://localhost:3000/_next/static/chunks/apps_web_app_dashboard_layout_tsx_0q9a4f8._.js → 304 (7ms, ?B)
[2026-03-29T04:24:03.971Z] GET http://localhost:3000/_next/static/chunks/apps_web_0q812xr._.js → 304 (7ms, ?B)
[2026-03-29T04:24:03.971Z] GET http://localhost:3000/_next/static/chunks/apps_web_app_dashboard_page_tsx_00jkz0g._.js → 304 (7ms, 249B)
[2026-03-29T04:24:17.597Z] POST http://localhost:3000/api/projects → pending (?ms, ?B)
[2026-03-29T04:24:17.911Z] GET http://localhost:3000/editor/j2tpykWUsl?_rsc=10ciw → pending (?ms, ?B)
[2026-03-29T04:24:19.777Z] GET http://localhost:3000/editor/j2tpykWUsl?_rsc=uzy8j → pending (?ms, ?B)
[2026-03-29T04:24:19.777Z] GET http://localhost:3000/editor/j2tpykWUsl?_rsc=uzy8j → pending (?ms, ?B)
[2026-03-29T04:24:19.777Z] GET http://localhost:3000/editor/j2tpykWUsl?_rsc=uzy8j → pending (?ms, ?B)
[2026-03-29T04:24:19.777Z] GET http://localhost:3000/editor/j2tpykWUsl?_rsc=uzy8j → pending (?ms, ?B)
[2026-03-29T04:24:19.777Z] GET http://localhost:3000/editor/j2tpykWUsl?_rsc=uzy8j → pending (?ms, ?B)
[2026-03-29T04:24:19.777Z] GET http://localhost:3000/editor/j2tpykWUsl?_rsc=uzy8j → pending (?ms, ?B)
[2026-03-29T04:24:19.777Z] GET http://localhost:3000/editor/j2tpykWUsl?_rsc=uzy8j → pending (?ms, ?B)
[2026-03-29T04:24:19.777Z] GET http://localhost:3000/editor/j2tpykWUsl?_rsc=uzy8j → pending (?ms, ?B)
[2026-03-29T04:24:19.777Z] GET http://localhost:3000/editor/j2tpykWUsl?_rsc=uzy8j → pending (?ms, ?B)
[2026-03-29T04:24:19.777Z] GET http://localhost:3000/editor/j2tpykWUsl?_rsc=uzy8j → pending (?ms, ?B)
[2026-03-29T04:24:19.777Z] GET http://localhost:3000/editor/j2tpykWUsl?_rsc=uzy8j → pending (?ms, ?B)
[2026-03-29T04:24:19.777Z] GET http://localhost:3000/editor/j2tpykWUsl?_rsc=uzy8j → pending (?ms, ?B)
[2026-03-29T04:24:19.777Z] GET http://localhost:3000/editor/j2tpykWUsl?_rsc=uzy8j → pending (?ms, ?B)
[2026-03-29T04:24:19.778Z] GET http://localhost:3000/editor/j2tpykWUsl?_rsc=uzy8j → pending (?ms, ?B)
[2026-03-29T04:24:19.778Z] GET http://localhost:3000/editor/j2tpykWUsl?_rsc=uzy8j → pending (?ms, ?B)
[2026-03-29T04:24:19.778Z] GET http://localhost:3000/editor/j2tpykWUsl?_rsc=uzy8j → pending (?ms, ?B)
[2026-03-29T04:24:19.778Z] GET http://localhost:3000/editor/j2tpykWUsl?_rsc=uzy8j → pending (?ms, ?B)
[2026-03-29T04:24:19.778Z] GET http://localhost:3000/editor/j2tpykWUsl?_rsc=uzy8j → pending (?ms, ?B)
[2026-03-29T04:24:19.778Z] GET http://localhost:3000/editor/j2tpykWUsl?_rsc=uzy8j → pending (?ms, ?B)
[2026-03-29T04:24:19.778Z] GET http://localhost:3000/editor/j2tpykWUsl?_rsc=uzy8j → pending (?ms, ?B)
[2026-03-29T04:24:19.779Z] GET http://localhost:3000/editor/j2tpykWUsl?_rsc=uzy8j → pending (?ms, ?B)
[2026-03-29T04:24:19.779Z] GET http://localhost:3000/editor/j2tpykWUsl?_rsc=uzy8j → pending (?ms, ?B)
[2026-03-29T04:24:19.782Z] GET http://localhost:3000/editor/j2tpykWUsl?_rsc=uzy8j → pending (?ms, ?B)
[2026-03-29T04:24:19.782Z] GET http://localhost:3000/editor/j2tpykWUsl?_rsc=uzy8j → pending (?ms, ?B)
[2026-03-29T04:24:19.783Z] GET http://localhost:3000/editor/j2tpykWUsl?_rsc=uzy8j → pending (?ms, ?B)
[2026-03-29T04:24:19.783Z] GET http://localhost:3000/editor/j2tpykWUsl?_rsc=uzy8j → pending (?ms, ?B)
[2026-03-29T04:24:19.783Z] GET http://localhost:3000/editor/j2tpykWUsl?_rsc=uzy8j → pending (?ms, ?B)
[2026-03-29T04:24:19.783Z] GET http://localhost:3000/editor/j2tpykWUsl?_rsc=uzy8j → pending (?ms, ?B)
[2026-03-29T04:24:19.783Z] GET http://localhost:3000/editor/j2tpykWUsl?_rsc=uzy8j → pending (?ms, ?B)
[2026-03-29T04:24:19.783Z] GET http://localhost:3000/editor/j2tpykWUsl?_rsc=uzy8j → pending (?ms, ?B)
[2026-03-29T04:24:19.783Z] GET http://localhost:3000/editor/j2tpykWUsl?_rsc=uzy8j → pending (?ms, ?B)
[2026-03-29T04:24:19.783Z] GET http://localhost:3000/editor/j2tpykWUsl?_rsc=uzy8j → pending (?ms, ?B)
[2026-03-29T04:24:19.784Z] GET http://localhost:3000/editor/j2tpykWUsl?_rsc=uzy8j → pending (?ms, ?B)
[2026-03-29T04:24:19.784Z] GET http://localhost:3000/editor/j2tpykWUsl?_rsc=uzy8j → pending (?ms, ?B)
[2026-03-29T04:24:19.784Z] GET http://localhost:3000/editor/j2tpykWUsl?_rsc=uzy8j → pending (?ms, ?B)
[2026-03-29T04:24:19.784Z] GET http://localhost:3000/editor/j2tpykWUsl?_rsc=uzy8j → pending (?ms, ?B)
[2026-03-29T04:24:19.784Z] GET http://localhost:3000/editor/j2tpykWUsl?_rsc=uzy8j → pending (?ms, ?B)
[2026-03-29T04:24:19.784Z] GET http://localhost:3000/editor/j2tpykWUsl?_rsc=uzy8j → 200 (792ms, ?B)
[2026-03-29T04:24:19.784Z] GET http://localhost:3000/editor/j2tpykWUsl?_rsc=uzy8j → 200 (723ms, ?B)
[2026-03-29T04:24:19.784Z] GET http://localhost:3000/editor/j2tpykWUsl?_rsc=uzy8j → 200 (670ms, ?B)
[2026-03-29T04:24:19.784Z] GET http://localhost:3000/editor/j2tpykWUsl?_rsc=uzy8j → 200 (565ms, ?B)
[2026-03-29T04:24:19.784Z] GET http://localhost:3000/editor/j2tpykWUsl?_rsc=uzy8j → 200 (450ms, 15620B)
[2026-03-29T04:24:19.784Z] GET http://localhost:3000/editor/j2tpykWUsl?_rsc=uzy8j → 200 (349ms, 15620B)
[2026-03-29T04:24:19.784Z] GET http://localhost:3000/editor/j2tpykWUsl?_rsc=uzy8j → 200 (284ms, 15620B)
[2026-03-29T04:24:19.784Z] GET http://localhost:3000/editor/j2tpykWUsl?_rsc=uzy8j → 200 (190ms, 15620B)
[2026-03-29T04:24:19.784Z] GET http://localhost:3000/editor/j2tpykWUsl?_rsc=uzy8j → 200 (117ms, 15620B)
[2026-03-29T04:24:20.024Z] GET http://localhost:3000/_next/static/chunks/node_modules_%40aedifex_core_dist_index_0960-36.js → pending (?ms, ?B)
[2026-03-29T04:24:20.024Z] GET http://localhost:3000/_next/static/chunks/node_modules_next_0c4b-5d._.js → pending (?ms, ?B)
[2026-03-29T04:24:20.025Z] GET http://localhost:3000/_next/static/chunks/node_modules_%40aedifex_core_dist_0l7.f8x._.js → pending (?ms, ?B)
[2026-03-29T04:24:20.026Z] GET http://localhost:3000/_next/static/chunks/node_modules_zod_0~w4s--._.js → pending (?ms, ?B)
[2026-03-29T04:24:20.027Z] GET http://localhost:3000/_next/static/chunks/node_modules_three_build_three_core_0qefhn6.js → pending (?ms, ?B)
[2026-03-29T04:24:20.028Z] GET http://localhost:3000/_next/static/chunks/node_modules_three_build_three_module_024z3_h.js → pending (?ms, ?B)
[2026-03-29T04:24:20.028Z] GET http://localhost:3000/_next/static/chunks/node_modules_three_build_three_webgpu_01.b56z.js → pending (?ms, ?B)
[2026-03-29T04:24:20.030Z] GET http://localhost:3000/_next/static/chunks/node_modules_three_build_three_tsl_0p90gfk.js → pending (?ms, ?B)
[2026-03-29T04:24:20.030Z] GET http://localhost:3000/_next/static/chunks/node_modules_three_build_0ozlpf0._.js → pending (?ms, ?B)
[2026-03-29T04:24:20.031Z] GET http://localhost:3000/_next/static/chunks/node_modules_three_examples_jsm_0fklzb1._.js → pending (?ms, ?B)
[2026-03-29T04:24:20.031Z] GET http://localhost:3000/_next/static/chunks/node_modules_three_src_0d0mc0p._.js → pending (?ms, ?B)
[2026-03-29T04:24:20.031Z] GET http://localhost:3000/_next/static/chunks/node_modules_%40react-three_fiber_dist_01zc48v._.js → pending (?ms, ?B)
[2026-03-29T04:24:20.034Z] GET http://localhost:3000/_next/static/chunks/node_modules_three-bvh-csg_src_0jy.4pg._.js → pending (?ms, ?B)
[2026-03-29T04:24:20.034Z] GET http://localhost:3000/_next/static/chunks/node_modules_066wwa3._.js → pending (?ms, ?B)
[2026-03-29T04:24:20.034Z] GET http://localhost:3000/_next/static/chunks/node_modules_%40aedifex_viewer_dist_13-h0wg._.js → pending (?ms, ?B)
[2026-03-29T04:24:20.034Z] GET http://localhost:3000/_next/static/chunks/node_modules_three-stdlib_00s9d_7._.js → pending (?ms, ?B)
[2026-03-29T04:24:20.034Z] GET http://localhost:3000/_next/static/chunks/_0h5zgrk._.js → pending (?ms, ?B)
[2026-03-29T04:24:20.034Z] GET http://localhost:3000/_next/static/chunks/node_modules_motion-dom_dist_es_0yvtfr6._.js → pending (?ms, ?B)
[2026-03-29T04:24:20.034Z] GET http://localhost:3000/_next/static/chunks/node_modules_framer-motion_dist_es_0u-q4w1._.js → pending (?ms, ?B)
[2026-03-29T04:24:20.034Z] GET http://localhost:3000/_next/static/chunks/node_modules_tailwind-merge_dist_bundle-mjs_mjs_0ezz.e5._.js → pending (?ms, ?B)
[2026-03-29T04:24:20.034Z] GET http://localhost:3000/_next/static/chunks/node_modules_%40aedifex_editor_src_components_ui_primitives_0p4gol2._.js → pending (?ms, ?B)
[2026-03-29T04:24:20.034Z] GET http://localhost:3000/_next/static/chunks/node_modules_%40aedifex_editor_src_components_ui_panels_014ye9i._.js → pending (?ms, ?B)
[2026-03-29T04:24:20.035Z] GET http://localhost:3000/_next/static/chunks/node_modules_%40aedifex_editor_src_components_ui_command-palette_0n50txs._.js → pending (?ms, ?B)
[2026-03-29T04:24:20.035Z] GET http://localhost:3000/_next/static/chunks/node_modules_%40aedifex_editor_src_components_ui_sidebar_0v.kivs._.js → pending (?ms, ?B)
[2026-03-29T04:24:20.035Z] GET http://localhost:3000/_next/static/chunks/node_modules_%40aedifex_editor_src_components_ui_0ryfiu4._.js → pending (?ms, ?B)
[2026-03-29T04:24:20.035Z] GET http://localhost:3000/_next/static/chunks/node_modules_%40aedifex_editor_src_components_tools_00lymai._.js → pending (?ms, ?B)
[2026-03-29T04:24:20.035Z] GET http://localhost:3000/_next/static/chunks/node_modules_%40aedifex_editor_src_components_ai_0-q1vn6._.js → pending (?ms, ?B)
[2026-03-29T04:24:20.035Z] GET http://localhost:3000/_next/static/chunks/node_modules_%40aedifex_editor_src_components_editor_0sp5ica._.js → pending (?ms, ?B)
[2026-03-29T04:24:20.035Z] GET http://localhost:3000/_next/static/chunks/node_modules_%40aedifex_editor_src_components_0zikryg._.js → pending (?ms, ?B)
[2026-03-29T04:24:20.035Z] GET http://localhost:3000/_next/static/chunks/node_modules_%40aedifex_editor_src_0g8m9sq._.js → pending (?ms, ?B)
[2026-03-29T04:24:20.035Z] GET http://localhost:3000/_next/static/chunks/node_modules_%40visual-json_react_dist_index_mjs_0yl8d61._.js → pending (?ms, ?B)
[2026-03-29T04:24:20.035Z] GET http://localhost:3000/_next/static/chunks/node_modules_%40radix-ui_07jsofp._.js → pending (?ms, ?B)
[2026-03-29T04:24:20.035Z] GET http://localhost:3000/_next/static/chunks/node_modules_%40floating-ui_04skdch._.js → pending (?ms, ?B)
[2026-03-29T04:24:20.035Z] GET http://localhost:3000/_next/static/chunks/node_modules_0j8ofz3._.js → pending (?ms, ?B)
[2026-03-29T04:24:20.035Z] GET http://localhost:3000/_next/static/chunks/apps_web_app_components_03nq-d5._.js → pending (?ms, ?B)
[2026-03-29T04:24:20.035Z] GET http://localhost:3000/_next/static/chunks/apps_web_app_editor_%5BprojectId%5D_page_tsx_0q9a4f8._.js → pending (?ms, ?B)
[2026-03-29T04:24:23.451Z] GET http://localhost:3000/audios/sfx/grid_snap.mp3 → pending (?ms, ?B)
[2026-03-29T04:24:23.451Z] GET http://localhost:3000/audios/sfx/item_delete.mp3 → pending (?ms, ?B)
[2026-03-29T04:24:23.451Z] GET http://localhost:3000/audios/sfx/item_pick.mp3 → pending (?ms, ?B)
[2026-03-29T04:24:23.451Z] GET http://localhost:3000/audios/sfx/item_place.mp3 → pending (?ms, ?B)
[2026-03-29T04:24:23.452Z] GET http://localhost:3000/audios/sfx/item_rotate.mp3 → pending (?ms, ?B)
[2026-03-29T04:24:23.452Z] GET http://localhost:3000/audios/sfx/structure_build.mp3 → pending (?ms, ?B)
[2026-03-29T04:24:23.452Z] GET http://localhost:3000/audios/sfx/structure_delete.mp3 → pending (?ms, ?B)
[2026-03-29T04:24:23.559Z] GET http://localhost:3000/icons/room.png → pending (?ms, ?B)
[2026-03-29T04:24:23.559Z] GET http://localhost:3000/icons/mesh.png → pending (?ms, ?B)
[2026-03-29T04:24:23.560Z] GET http://localhost:3000/icons/floorplan.png → pending (?ms, ?B)
[2026-03-29T04:24:23.566Z] GET http://localhost:3000/icons/blueprint.png → pending (?ms, ?B)
[2026-03-29T04:24:23.576Z] GET http://localhost:3000/icons/level.png → pending (?ms, ?B)
[2026-03-29T04:24:23.576Z] GET http://localhost:3000/icons/settings.png → pending (?ms, ?B)
[2026-03-29T04:24:23.741Z] GET http://localhost:3000/_next/static/chunks/node_modules_%40aedifex_core_dist_index_0960-36.js → pending (?ms, ?B)
[2026-03-29T04:24:23.741Z] GET http://localhost:3000/_next/static/chunks/node_modules_next_0c4b-5d._.js → pending (?ms, ?B)
[2026-03-29T04:24:23.742Z] GET http://localhost:3000/_next/static/chunks/node_modules_%40aedifex_core_dist_0l7.f8x._.js → pending (?ms, ?B)
[2026-03-29T04:24:23.742Z] GET http://localhost:3000/_next/static/chunks/node_modules_zod_0~w4s--._.js → pending (?ms, ?B)
[2026-03-29T04:24:23.742Z] GET http://localhost:3000/_next/static/chunks/node_modules_three_build_three_core_0qefhn6.js → pending (?ms, ?B)
[2026-03-29T04:24:23.742Z] GET http://localhost:3000/_next/static/chunks/node_modules_three_build_three_module_024z3_h.js → pending (?ms, ?B)
[2026-03-29T04:24:23.742Z] GET http://localhost:3000/_next/static/chunks/node_modules_three_build_three_webgpu_01.b56z.js → pending (?ms, ?B)
[2026-03-29T04:24:23.742Z] GET http://localhost:3000/_next/static/chunks/node_modules_three_build_three_tsl_0p90gfk.js → pending (?ms, ?B)
[2026-03-29T04:24:23.743Z] GET http://localhost:3000/_next/static/chunks/node_modules_three_build_0ozlpf0._.js → pending (?ms, ?B)
[2026-03-29T04:24:23.743Z] GET http://localhost:3000/_next/static/chunks/node_modules_three_examples_jsm_0fklzb1._.js → pending (?ms, ?B)
[2026-03-29T04:24:23.743Z] GET http://localhost:3000/_next/static/chunks/node_modules_three_src_0d0mc0p._.js → pending (?ms, ?B)
[2026-03-29T04:24:23.743Z] GET http://localhost:3000/_next/static/chunks/node_modules_%40react-three_fiber_dist_01zc48v._.js → pending (?ms, ?B)
[2026-03-29T04:24:23.743Z] GET http://localhost:3000/_next/static/chunks/node_modules_three-bvh-csg_src_0jy.4pg._.js → pending (?ms, ?B)
[2026-03-29T04:24:23.743Z] GET http://localhost:3000/_next/static/chunks/node_modules_066wwa3._.js → pending (?ms, ?B)
[2026-03-29T04:24:23.743Z] GET http://localhost:3000/_next/static/chunks/node_modules_%40aedifex_viewer_dist_13-h0wg._.js → pending (?ms, ?B)
[2026-03-29T04:24:23.744Z] GET http://localhost:3000/_next/static/chunks/node_modules_three-stdlib_00s9d_7._.js → pending (?ms, ?B)
[2026-03-29T04:24:23.744Z] GET http://localhost:3000/_next/static/chunks/_0h5zgrk._.js → pending (?ms, ?B)
[2026-03-29T04:24:23.744Z] GET http://localhost:3000/_next/static/chunks/node_modules_motion-dom_dist_es_0yvtfr6._.js → pending (?ms, ?B)
[2026-03-29T04:24:23.744Z] GET http://localhost:3000/_next/static/chunks/node_modules_framer-motion_dist_es_0u-q4w1._.js → pending (?ms, ?B)
[2026-03-29T04:24:23.744Z] GET http://localhost:3000/_next/static/chunks/node_modules_tailwind-merge_dist_bundle-mjs_mjs_0ezz.e5._.js → pending (?ms, ?B)
[2026-03-29T04:24:23.744Z] GET http://localhost:3000/_next/static/chunks/node_modules_%40aedifex_editor_src_components_ui_primitives_0p4gol2._.js → pending (?ms, ?B)
[2026-03-29T04:24:23.744Z] GET http://localhost:3000/_next/static/chunks/node_modules_%40aedifex_editor_src_components_ui_panels_014ye9i._.js → pending (?ms, ?B)
[2026-03-29T04:24:23.745Z] GET http://localhost:3000/_next/static/chunks/node_modules_%40aedifex_editor_src_components_ui_command-palette_0n50txs._.js → pending (?ms, ?B)
[2026-03-29T04:24:23.745Z] GET http://localhost:3000/_next/static/chunks/node_modules_%40aedifex_editor_src_components_ui_sidebar_0v.kivs._.js → pending (?ms, ?B)
[2026-03-29T04:24:23.745Z] GET http://localhost:3000/_next/static/chunks/node_modules_%40aedifex_editor_src_components_ui_0ryfiu4._.js → pending (?ms, ?B)
[2026-03-29T04:24:23.745Z] GET http://localhost:3000/_next/static/chunks/node_modules_%40aedifex_editor_src_components_tools_00lymai._.js → pending (?ms, ?B)
[2026-03-29T04:24:23.745Z] GET http://localhost:3000/_next/static/chunks/node_modules_%40aedifex_editor_src_components_ai_0-q1vn6._.js → pending (?ms, ?B)
[2026-03-29T04:24:23.745Z] GET http://localhost:3000/_next/static/chunks/node_modules_%40aedifex_editor_src_components_editor_0sp5ica._.js → pending (?ms, ?B)
[2026-03-29T04:24:23.746Z] GET http://localhost:3000/_next/static/chunks/node_modules_%40aedifex_editor_src_components_0zikryg._.js → pending (?ms, ?B)
[2026-03-29T04:24:23.746Z] GET http://localhost:3000/_next/static/chunks/node_modules_%40aedifex_editor_src_0g8m9sq._.js → pending (?ms, ?B)
[2026-03-29T04:24:23.746Z] GET http://localhost:3000/_next/static/chunks/node_modules_%40visual-json_react_dist_index_mjs_0yl8d61._.js → pending (?ms, ?B)
[2026-03-29T04:24:23.746Z] GET http://localhost:3000/_next/static/chunks/node_modules_%40radix-ui_07jsofp._.js → pending (?ms, ?B)
[2026-03-29T04:24:23.746Z] GET http://localhost:3000/_next/static/chunks/node_modules_%40floating-ui_04skdch._.js → pending (?ms, ?B)
[2026-03-29T04:24:23.746Z] GET http://localhost:3000/_next/static/chunks/node_modules_0j8ofz3._.js → pending (?ms, ?B)
[2026-03-29T04:24:23.746Z] GET http://localhost:3000/_next/static/chunks/apps_web_app_components_03nq-d5._.js → pending (?ms, ?B)
[2026-03-29T04:24:23.747Z] GET http://localhost:3000/_next/static/chunks/apps_web_app_editor_%5BprojectId%5D_page_tsx_0q9a4f8._.js → pending (?ms, ?B)
[2026-03-29T04:24:23.747Z] GET http://localhost:3000/api/projects/j2tpykWUsl → pending (?ms, ?B)
[2026-03-29T04:24:23.747Z] GET http://localhost:3000/api/projects/j2tpykWUsl → pending (?ms, ?B)
[2026-03-29T04:24:23.769Z] GET http://localhost:3000/_next/image?url=%2Ficons%2Fselect.png&w=32&q=75 → pending (?ms, ?B)
[2026-03-29T04:24:23.769Z] GET http://localhost:3000/_next/image?url=%2Ficons%2Fbuild.png&w=32&q=75 → pending (?ms, ?B)
[2026-03-29T04:24:23.769Z] GET http://localhost:3000/_next/image?url=%2Ficons%2Frotate.png&w=32&q=75 → pending (?ms, ?B)
[2026-03-29T04:24:23.769Z] GET http://localhost:3000/_next/image?url=%2Ficons%2Ftopview.png&w=32&q=75 → pending (?ms, ?B)
[2026-03-29T04:24:23.769Z] GET https://api.iconify.design/icon-park-outline.json?icons=perspective → 200 (398ms, 399B)
[2026-03-29T04:24:23.769Z] GET https://api.iconify.design/charm.json?icons=stack-push → 200 (407ms, 347B)
[2026-03-29T04:24:23.903Z] POST http://localhost:3000/__nextjs_original-stack-frames → pending (?ms, ?B)
[2026-03-29T04:24:23.941Z] GET http://localhost:3000/editor/j2tpykWUsl?_rsc=uzy8j → pending (?ms, ?B)
[2026-03-29T04:24:23.953Z] GET http://localhost:3000/editor/j2tpykWUsl?_rsc=uzy8j → pending (?ms, ?B)
[2026-03-29T04:24:23.959Z] GET http://localhost:3000/editor/j2tpykWUsl?_rsc=uzy8j → pending (?ms, ?B)
[2026-03-29T04:24:23.967Z] GET http://localhost:3000/editor/j2tpykWUsl?_rsc=uzy8j → pending (?ms, ?B)
[2026-03-29T04:24:26.184Z] GET http://localhost:3000/icons/site.png → 404 (164ms, 3020B)
[2026-03-29T04:24:26.184Z] GET http://localhost:3000/icons/building.png → 404 (164ms, 3020B)
[2026-03-29T04:24:26.184Z] GET http://localhost:3000/icons/level.png → 404 (165ms, 3020B)
[2026-03-29T04:24:26.184Z] GET http://localhost:3000/icons/room.png → 404 (165ms, 3020B)
[2026-03-29T04:24:26.184Z] GET http://localhost:3000/icons/couch.png → 404 (166ms, 3020B)
[2026-03-29T04:24:26.184Z] GET http://localhost:3000/icons/kitchen.png → 404 (172ms, 3020B)
[2026-03-29T04:24:26.204Z] GET https://api.iconify.design/lucide.json?icons=space%2Cx → 200 (66ms, 433B)
[2026-03-29T04:24:26.204Z] GET https://api.iconify.design/ph.json?icons=mouse-left-click-fill%2Cmouse-right-click-fill → 200 (67ms, 693B)
[2026-03-29T04:24:26.204Z] GET https://api.iconify.design/qlementine-icons.json?icons=mouse-middle-button-16 → 200 (68ms, 1094B)
[2026-03-29T04:24:50.030Z] GET http://localhost:3000/api/projects/j2tpykWUsl/snapshots → pending (?ms, ?B)
[2026-03-29T04:24:50.030Z] GET http://localhost:3000/api/projects/j2tpykWUsl/snapshots → pending (?ms, ?B)
[2026-03-29T04:25:33.903Z] PUT http://localhost:3000/api/projects/j2tpykWUsl/share → pending (?ms, ?B)
[2026-03-29T04:25:56.876Z] GET http://localhost:3000/view/QAm3oPykOk → pending (?ms, ?B)
[2026-03-29T04:25:58.161Z] GET http://localhost:3000/editor/j2tpykWUsl?_rsc=uzy8j → pending (?ms, ?B)
[2026-03-29T04:25:58.164Z] GET http://localhost:3000/editor/j2tpykWUsl?_rsc=uzy8j → pending (?ms, ?B)
[2026-03-29T04:25:58.167Z] GET http://localhost:3000/editor/j2tpykWUsl?_rsc=uzy8j → pending (?ms, ?B)
[2026-03-29T04:25:58.171Z] GET http://localhost:3000/editor/j2tpykWUsl?_rsc=uzy8j → pending (?ms, ?B)
[2026-03-29T04:25:58.175Z] GET http://localhost:3000/editor/j2tpykWUsl?_rsc=uzy8j → pending (?ms, ?B)
[2026-03-29T04:25:58.180Z] GET http://localhost:3000/editor/j2tpykWUsl?_rsc=uzy8j → pending (?ms, ?B)
[2026-03-29T04:25:58.184Z] GET http://localhost:3000/editor/j2tpykWUsl?_rsc=uzy8j → pending (?ms, ?B)
[2026-03-29T04:25:58.188Z] GET http://localhost:3000/editor/j2tpykWUsl?_rsc=uzy8j → pending (?ms, ?B)
[2026-03-29T04:25:58.192Z] GET http://localhost:3000/editor/j2tpykWUsl?_rsc=uzy8j → 200 (547ms, ?B)
[2026-03-29T04:25:58.207Z] GET http://localhost:3000/editor/j2tpykWUsl?_rsc=uzy8j → 200 (423ms, ?B)
[2026-03-29T04:25:58.211Z] GET http://localhost:3000/editor/j2tpykWUsl?_rsc=uzy8j → 200 (376ms, ?B)
[2026-03-29T04:25:58.218Z] GET http://localhost:3000/editor/j2tpykWUsl?_rsc=uzy8j → 200 (311ms, ?B)
[2026-03-29T04:26:00.223Z] GET http://localhost:3000/_next/static/chunks/apps_web_app_globals_0xyo3ls.css → 200 (45ms, 170566B)
[2026-03-29T04:26:00.236Z] GET http://localhost:3000/icons/room.png → 404 (99ms, 3020B)
[2026-03-29T04:26:00.236Z] GET http://localhost:3000/icons/mesh.png → 404 (155ms, 3020B)
[2026-03-29T04:26:00.236Z] GET http://localhost:3000/icons/floorplan.png → 404 (208ms, 3020B)
[2026-03-29T04:26:00.236Z] GET http://localhost:3000/icons/blueprint.png → 404 (266ms, 3020B)
[2026-03-29T04:26:00.236Z] GET http://localhost:3000/icons/level.png → 404 (387ms, 3020B)
[2026-03-29T04:26:00.236Z] GET http://localhost:3000/icons/settings.png → 404 (479ms, ?B)
[2026-03-29T04:26:00.236Z] GET http://localhost:3000/_next/static/chunks/%5Bturbopack%5D_browser_dev_hmr-client_hmr-client_ts_10z625~._.js → 200 (424ms, 675B)
[2026-03-29T04:26:00.237Z] GET http://localhost:3000/_next/static/chunks/node_modules_next_dist_compiled_next-devtools_index_0553esy.js → 200 (427ms, 746592B)
[2026-03-29T04:26:00.238Z] GET http://localhost:3000/_next/static/chunks/node_modules_next_dist_compiled_react-dom_058-ah~._.js → 200 (468ms, 1057980B)
[2026-03-29T04:26:00.238Z] GET http://localhost:3000/_next/static/chunks/node_modules_next_dist_compiled_react-server-dom-turbopack_0p3wegg._.js → 200 (464ms, 174634B)
[2026-03-29T04:26:00.238Z] GET http://localhost:3000/_next/static/chunks/node_modules_next_dist_compiled_0rpq4pf._.js → 200 (464ms, 144344B)
[2026-03-29T04:26:00.238Z] GET http://localhost:3000/_next/static/chunks/node_modules_next_dist_client_0fhqo1d._.js → 200 (484ms, ?B)
[2026-03-29T04:26:00.238Z] GET http://localhost:3000/_next/static/chunks/node_modules_next_dist_115brz8._.js → 200 (488ms, ?B)
[2026-03-29T04:26:00.238Z] GET http://localhost:3000/_next/static/chunks/node_modules_%40swc_helpers_cjs_0-4ujiy._.js → 200 (485ms, ?B)
[2026-03-29T04:26:00.239Z] GET http://localhost:3000/_next/static/chunks/apps_web_0rqeker._.js → 200 (486ms, ?B)
[2026-03-29T04:26:00.239Z] GET http://localhost:3000/_next/static/chunks/turbopack-apps_web_0p44nws._.js → 200 (500ms, ?B)
[2026-03-29T04:26:00.239Z] GET http://localhost:3000/_next/static/chunks/node_modules_next_dist_0tt2wve._.js → pending (?ms, ?B)
[2026-03-29T04:26:00.239Z] GET http://localhost:3000/_next/static/chunks/apps_web_app_layout_tsx_004glpo._.js → pending (?ms, ?B)
[2026-03-29T04:26:00.239Z] GET http://localhost:3000/_next/static/chunks/node_modules_next_dist_client_components_builtin_global-error_0q9a4f8.js → pending (?ms, ?B)
[2026-03-29T04:26:00.239Z] GET http://localhost:3000/_next/static/chunks/node_modules_%40aedifex_core_dist_index_0xhwgl6.js → pending (?ms, ?B)
[2026-03-29T04:26:00.239Z] GET http://localhost:3000/_next/static/chunks/node_modules_next_0ulkz5h._.js → pending (?ms, ?B)
[2026-03-29T04:26:00.239Z] GET http://localhost:3000/_next/static/chunks/node_modules_%40aedifex_core_dist_0l7.f8x._.js → pending (?ms, ?B)
[2026-03-29T04:26:00.239Z] GET http://localhost:3000/_next/static/chunks/node_modules_zod_0~w4s--._.js → pending (?ms, ?B)
[2026-03-29T04:26:00.239Z] GET http://localhost:3000/_next/static/chunks/node_modules_three_build_three_core_0qefhn6.js → pending (?ms, ?B)
[2026-03-29T04:26:00.239Z] GET http://localhost:3000/_next/static/chunks/node_modules_three_build_three_module_024z3_h.js → pending (?ms, ?B)
[2026-03-29T04:26:00.239Z] GET http://localhost:3000/_next/static/chunks/node_modules_three_build_three_webgpu_01.b56z.js → pending (?ms, ?B)
[2026-03-29T04:26:00.239Z] GET http://localhost:3000/_next/static/chunks/node_modules_three_build_three_tsl_0p90gfk.js → pending (?ms, ?B)
[2026-03-29T04:26:00.239Z] GET http://localhost:3000/_next/static/chunks/node_modules_three_build_0ozlpf0._.js → pending (?ms, ?B)
[2026-03-29T04:26:00.240Z] GET http://localhost:3000/_next/static/chunks/node_modules_three_examples_jsm_0fklzb1._.js → pending (?ms, ?B)
[2026-03-29T04:26:00.240Z] GET http://localhost:3000/_next/static/chunks/node_modules_three_src_0d0mc0p._.js → pending (?ms, ?B)
[2026-03-29T04:26:00.240Z] GET http://localhost:3000/_next/static/chunks/node_modules_%40react-three_fiber_dist_01zc48v._.js → pending (?ms, ?B)
[2026-03-29T04:26:00.240Z] GET http://localhost:3000/_next/static/chunks/node_modules_three-bvh-csg_src_0jy.4pg._.js → pending (?ms, ?B)
[2026-03-29T04:26:00.240Z] GET http://localhost:3000/_next/static/chunks/node_modules_066wwa3._.js → pending (?ms, ?B)
[2026-03-29T04:26:00.240Z] GET http://localhost:3000/_next/static/chunks/node_modules_%40aedifex_viewer_dist_13-h0wg._.js → pending (?ms, ?B)
[2026-03-29T04:26:00.240Z] GET http://localhost:3000/_next/static/chunks/node_modules_three-stdlib_00s9d_7._.js → pending (?ms, ?B)
[2026-03-29T04:26:00.240Z] GET http://localhost:3000/_next/static/chunks/_0-wbi1o._.js → pending (?ms, ?B)
[2026-03-29T04:26:00.240Z] GET http://localhost:3000/_next/static/chunks/node_modules_motion-dom_dist_es_0yvtfr6._.js → pending (?ms, ?B)
[2026-03-29T04:26:00.240Z] GET http://localhost:3000/_next/static/chunks/node_modules_framer-motion_dist_es_0u-q4w1._.js → pending (?ms, ?B)
[2026-03-29T04:26:00.240Z] GET http://localhost:3000/_next/static/chunks/node_modules_tailwind-merge_dist_bundle-mjs_mjs_0ezz.e5._.js → pending (?ms, ?B)
[2026-03-29T04:26:00.240Z] GET http://localhost:3000/_next/static/chunks/node_modules_%40aedifex_editor_src_components_ui_primitives_0p4gol2._.js → pending (?ms, ?B)
[2026-03-29T04:26:00.240Z] GET http://localhost:3000/_next/static/chunks/node_modules_%40aedifex_editor_src_components_ui_panels_014ye9i._.js → pending (?ms, ?B)
[2026-03-29T04:26:00.240Z] GET http://localhost:3000/_next/static/chunks/node_modules_%40aedifex_editor_src_components_ui_command-palette_0n50txs._.js → pending (?ms, ?B)
[2026-03-29T04:26:00.240Z] GET http://localhost:3000/_next/static/chunks/node_modules_%40aedifex_editor_src_components_ui_sidebar_0v.kivs._.js → pending (?ms, ?B)
[2026-03-29T04:26:00.240Z] GET http://localhost:3000/_next/static/chunks/node_modules_%40aedifex_editor_src_components_ui_0ryfiu4._.js → pending (?ms, ?B)
[2026-03-29T04:26:00.240Z] GET http://localhost:3000/_next/static/chunks/node_modules_%40aedifex_editor_src_components_tools_00lymai._.js → pending (?ms, ?B)
[2026-03-29T04:26:00.240Z] GET http://localhost:3000/_next/static/chunks/node_modules_%40aedifex_editor_src_components_ai_0-q1vn6._.js → pending (?ms, ?B)
[2026-03-29T04:26:00.240Z] GET http://localhost:3000/_next/static/chunks/node_modules_%40aedifex_editor_src_components_editor_0sp5ica._.js → pending (?ms, ?B)
[2026-03-29T04:26:00.240Z] GET http://localhost:3000/_next/static/chunks/node_modules_%40aedifex_editor_src_components_0zikryg._.js → pending (?ms, ?B)
[2026-03-29T04:26:00.240Z] GET http://localhost:3000/_next/static/chunks/node_modules_%40aedifex_editor_src_0g8m9sq._.js → pending (?ms, ?B)
[2026-03-29T04:26:00.240Z] GET http://localhost:3000/_next/static/chunks/node_modules_%40visual-json_react_dist_index_mjs_0yl8d61._.js → pending (?ms, ?B)
[2026-03-29T04:26:00.240Z] GET http://localhost:3000/_next/static/chunks/node_modules_%40radix-ui_07jsofp._.js → pending (?ms, ?B)
[2026-03-29T04:26:00.240Z] GET http://localhost:3000/_next/static/chunks/node_modules_%40floating-ui_04skdch._.js → pending (?ms, ?B)
[2026-03-29T04:26:00.241Z] GET http://localhost:3000/_next/static/chunks/node_modules_0j8ofz3._.js → pending (?ms, ?B)
[2026-03-29T04:26:00.241Z] GET http://localhost:3000/_next/static/chunks/apps_web_app_components_viewer-shell_tsx_0h8snuo._.js → pending (?ms, ?B)
[2026-03-29T04:26:00.241Z] GET http://localhost:3000/_next/static/chunks/apps_web_app_view_%5BshareId%5D_page_tsx_0q9a4f8._.js → pending (?ms, ?B)
[2026-03-29T04:26:00.335Z] GET http://localhost:3000/_next/image?url=%2Ficons%2Fselect.png&w=32&q=75 → 400 (359ms, 43B)
[2026-03-29T04:26:00.335Z] GET http://localhost:3000/_next/image?url=%2Ficons%2Frotate.png&w=32&q=75 → 400 (272ms, 43B)
[2026-03-29T04:26:00.335Z] GET http://localhost:3000/_next/image?url=%2Ficons%2Ftopview.png&w=32&q=75 → 400 (265ms, 43B)
[2026-03-29T04:26:00.799Z] GET http://localhost:3000/_next/static/chunks/%5Bturbopack%5D_browser_dev_hmr-client_hmr-client_ts_0yjw1oe._.js → 200 (77ms, 15461B)
[2026-03-29T04:26:00.811Z] GET http://localhost:3000/_next/static/chunks/%5Bturbopack%5D_browser_dev_hmr-client_hmr-client_ts_10mygs7._.js → 200 (65ms, 289B)
[2026-03-29T04:26:01.217Z] GET http://localhost:3000/audios/sfx/grid_snap.mp3 → 404 (224ms, 12374B)
[2026-03-29T04:26:01.218Z] GET http://localhost:3000/audios/sfx/item_delete.mp3 → 404 (233ms, 12376B)
[2026-03-29T04:26:01.218Z] GET http://localhost:3000/audios/sfx/item_pick.mp3 → 404 (234ms, 12374B)
[2026-03-29T04:26:01.218Z] GET http://localhost:3000/audios/sfx/item_place.mp3 → 404 (241ms, 12375B)
[2026-03-29T04:26:01.218Z] GET http://localhost:3000/audios/sfx/item_rotate.mp3 → 404 (242ms, 12376B)
[2026-03-29T04:26:01.218Z] GET http://localhost:3000/audios/sfx/structure_build.mp3 → 404 (242ms, 12380B)
[2026-03-29T04:26:01.218Z] GET http://localhost:3000/audios/sfx/structure_delete.mp3 → 404 (243ms, 12381B)
[2026-03-29T04:26:01.421Z] GET http://localhost:3000/icons/site.png → 404 (171ms, 3020B)
[2026-03-29T04:26:01.421Z] GET http://localhost:3000/icons/building.png → 404 (171ms, 3020B)
[2026-03-29T04:26:01.421Z] GET http://localhost:3000/icons/level.png → 404 (172ms, 3020B)
[2026-03-29T04:26:01.421Z] GET http://localhost:3000/icons/room.png → 404 (172ms, 3020B)
[2026-03-29T04:26:01.421Z] GET http://localhost:3000/icons/couch.png → 404 (173ms, 3020B)
[2026-03-29T04:26:01.421Z] GET http://localhost:3000/icons/kitchen.png → 404 (174ms, 3020B)
[2026-03-29T04:26:01.439Z] GET http://localhost:3000/_next/image?url=%2Ficons%2Fbuild.png&w=32&q=75 → 400 (191ms, 43B)
[2026-03-29T04:26:01.462Z] GET https://api.iconify.design/icon-park-outline.json?icons=perspective → 200 (?ms, 399B)
[2026-03-29T04:26:01.462Z] GET https://api.iconify.design/charm.json?icons=stack-push → 200 (?ms, 347B)
[2026-03-29T04:26:01.462Z] GET https://api.iconify.design/lucide.json?icons=space%2Cx → 200 (?ms, 433B)
[2026-03-29T04:26:01.462Z] GET https://api.iconify.design/ph.json?icons=mouse-left-click-fill%2Cmouse-right-click-fill → 200 (1ms, 693B)
[2026-03-29T04:26:01.462Z] GET https://api.iconify.design/qlementine-icons.json?icons=mouse-middle-button-16 → 200 (1ms, 1094B)
[2026-03-29T04:26:01.564Z] GET http://localhost:3000/__nextjs_font/geist-latin.woff2 → 200 (48ms, 28356B)
[2026-03-29T04:26:01.564Z] POST http://localhost:3000/__nextjs_original-stack-frames → 200 (44ms, 676B)
[2026-03-29T04:26:32.181Z] GET http://localhost:3000/dashboard?_rsc=txgip → 200 (39ms, 5839B)
[2026-03-29T04:27:25.992Z] POST http://localhost:3000/api/auth/sign-out → 200 (418ms, 16B)
[2026-03-29T04:27:26.416Z] GET http://localhost:3000/login?_rsc=10ciw → 200 (19ms, 5319B)
[2026-03-29T04:27:42.528Z] POST http://localhost:3000/api/auth/sign-in/email → pending (?ms, ?B)
[2026-03-29T04:27:43.793Z] GET http://localhost:3000/dashboard?_rsc=1rsyp → 200 (13ms, 5839B)
[2026-03-29T04:30:23.914Z] GET http://localhost:3000/ → 307 (88ms, ?B)
[2026-03-29T04:30:24.002Z] GET http://localhost:3000/dashboard → pending (?ms, ?B)
[2026-03-29T04:30:24.221Z] GET http://localhost:3000/_next/static/chunks/apps_web_app_globals_0xyo3ls.css → 200 (1ms, 170566B)
[2026-03-29T04:30:24.221Z] GET http://localhost:3000/_next/static/chunks/%5Bturbopack%5D_browser_dev_hmr-client_hmr-client_ts_10z625~._.js → 200 (14ms, 675B)
[2026-03-29T04:30:24.221Z] GET http://localhost:3000/_next/static/chunks/node_modules_next_dist_compiled_next-devtools_index_0553esy.js → 200 (37ms, 746592B)
[2026-03-29T04:30:24.221Z] GET http://localhost:3000/_next/static/chunks/node_modules_next_dist_compiled_react-dom_058-ah~._.js → 200 (40ms, 1057980B)
[2026-03-29T04:30:24.221Z] GET http://localhost:3000/_next/static/chunks/node_modules_next_dist_compiled_react-server-dom-turbopack_0p3wegg._.js → 200 (21ms, 174634B)
[2026-03-29T04:30:24.221Z] GET http://localhost:3000/_next/static/chunks/node_modules_next_dist_compiled_0rpq4pf._.js → 200 (21ms, 144344B)
[2026-03-29T04:30:24.221Z] GET http://localhost:3000/_next/static/chunks/node_modules_next_dist_client_0fhqo1d._.js → 200 (37ms, 742815B)
[2026-03-29T04:30:24.222Z] GET http://localhost:3000/_next/static/chunks/node_modules_next_dist_115brz8._.js → 200 (36ms, 246103B)
[2026-03-29T04:30:24.222Z] GET http://localhost:3000/_next/static/chunks/node_modules_%40swc_helpers_cjs_0-4ujiy._.js → 200 (20ms, 1984B)
[2026-03-29T04:30:24.222Z] GET http://localhost:3000/_next/static/chunks/apps_web_0rqeker._.js → 200 (36ms, 756B)
[2026-03-29T04:30:24.222Z] GET http://localhost:3000/_next/static/chunks/turbopack-apps_web_0p44nws._.js → 200 (38ms, 91093B)
[2026-03-29T04:30:24.222Z] GET http://localhost:3000/_next/static/chunks/node_modules_next_dist_0tt2wve._.js → 200 (39ms, 208717B)
[2026-03-29T04:30:24.222Z] GET http://localhost:3000/_next/static/chunks/apps_web_app_layout_tsx_004glpo._.js → 200 (37ms, 312B)
[2026-03-29T04:30:24.222Z] GET http://localhost:3000/_next/static/chunks/node_modules_next_dist_client_components_builtin_global-error_0q9a4f8.js → 200 (59ms, 212B)
[2026-03-29T04:30:24.222Z] GET http://localhost:3000/_next/static/chunks/_03p8es7._.js → 200 (61ms, 184270B)
[2026-03-29T04:30:24.222Z] GET http://localhost:3000/_next/static/chunks/_0om3g16._.js → 200 (59ms, 19429B)
[2026-03-29T04:30:24.222Z] GET http://localhost:3000/_next/static/chunks/apps_web_app_dashboard_layout_tsx_0q9a4f8._.js → 200 (60ms, 271B)
[2026-03-29T04:30:24.222Z] GET http://localhost:3000/_next/static/chunks/apps_web_0q812xr._.js → 200 (61ms, 59977B)
[2026-03-29T04:30:24.222Z] GET http://localhost:3000/_next/static/chunks/apps_web_app_dashboard_page_tsx_00jkz0g._.js → 200 (61ms, 249B)
[2026-03-29T04:30:24.281Z] GET http://localhost:3000/_next/static/chunks/%5Bturbopack%5D_browser_dev_hmr-client_hmr-client_ts_0yjw1oe._.js → 200 (48ms, 15461B)
[2026-03-29T04:30:24.281Z] GET http://localhost:3000/_next/static/chunks/%5Bturbopack%5D_browser_dev_hmr-client_hmr-client_ts_10mygs7._.js → 200 (48ms, 289B)
[2026-03-29T04:30:24.337Z] GET http://localhost:3000/__nextjs_font/geist-latin.woff2 → 200 (1ms, ?B)
[2026-03-29T04:30:24.339Z] GET http://localhost:3000/__nextjs_font/geist-mono-latin.woff2 → 200 (?ms, ?B)
[2026-03-29T04:31:09.310Z] PUT http://localhost:3000/api/projects/j2tpykWUsl → 200 (100ms, 242B)
[2026-03-29T04:31:19.314Z] POST http://localhost:3000/api/projects → 201 (112ms, 243B)
[2026-03-29T04:31:19.428Z] GET http://localhost:3000/editor/ue_8BSjmc_?_rsc=1989a → 200 (29ms, 12667B)
[2026-03-29T04:31:19.520Z] GET http://localhost:3000/_next/static/chunks/node_modules_%40aedifex_core_dist_index_0960-36.js → 200 (40ms, 649B)
[2026-03-29T04:31:19.521Z] GET http://localhost:3000/_next/static/chunks/node_modules_next_0c4b-5d._.js → 200 (42ms, 244125B)
[2026-03-29T04:31:19.521Z] GET http://localhost:3000/_next/static/chunks/node_modules_%40aedifex_core_dist_0l7.f8x._.js → 200 (44ms, 360990B)
[2026-03-29T04:31:19.521Z] GET http://localhost:3000/_next/static/chunks/node_modules_zod_0~w4s--._.js → 200 (44ms, 938123B)
[2026-03-29T04:31:19.522Z] GET http://localhost:3000/_next/static/chunks/node_modules_three_build_three_core_0qefhn6.js → 200 (50ms, 1547563B)
[2026-03-29T04:31:19.522Z] GET http://localhost:3000/_next/static/chunks/node_modules_three_build_three_module_024z3_h.js → 200 (49ms, 811406B)
[2026-03-29T04:31:19.522Z] GET http://localhost:3000/_next/static/chunks/node_modules_three_build_three_webgpu_01.b56z.js → 200 (55ms, 2341348B)
[2026-03-29T04:31:19.522Z] GET http://localhost:3000/_next/static/chunks/node_modules_three_build_three_tsl_0p90gfk.js → 200 (47ms, 156313B)
[2026-03-29T04:31:19.522Z] GET http://localhost:3000/_next/static/chunks/node_modules_three_build_0ozlpf0._.js → 200 (48ms, 214832B)
[2026-03-29T04:31:19.522Z] GET http://localhost:3000/_next/static/chunks/node_modules_three_examples_jsm_0fklzb1._.js → 200 (50ms, 501621B)
[2026-03-29T04:31:19.522Z] GET http://localhost:3000/_next/static/chunks/node_modules_three_src_0d0mc0p._.js → 200 (53ms, 59762B)
[2026-03-29T04:31:19.523Z] GET http://localhost:3000/_next/static/chunks/node_modules_%40react-three_fiber_dist_01zc48v._.js → 200 (98ms, 815218B)
[2026-03-29T04:31:19.523Z] GET http://localhost:3000/_next/static/chunks/node_modules_three-bvh-csg_src_0jy.4pg._.js → 200 (54ms, 213373B)
[2026-03-29T04:31:19.523Z] GET http://localhost:3000/_next/static/chunks/node_modules_066wwa3._.js → 200 (83ms, 599543B)
[2026-03-29T04:31:19.523Z] GET http://localhost:3000/_next/static/chunks/node_modules_%40aedifex_viewer_dist_13-h0wg._.js → 200 (88ms, 386843B)
[2026-03-29T04:31:19.523Z] GET http://localhost:3000/_next/static/chunks/node_modules_three-stdlib_00s9d_7._.js → 200 (70ms, 208953B)
[2026-03-29T04:31:19.523Z] GET http://localhost:3000/_next/static/chunks/_0h5zgrk._.js → 200 (92ms, 160980B)
[2026-03-29T04:31:19.524Z] GET http://localhost:3000/_next/static/chunks/node_modules_motion-dom_dist_es_0yvtfr6._.js → 200 (99ms, 610676B)
[2026-03-29T04:31:19.525Z] GET http://localhost:3000/_next/static/chunks/node_modules_framer-motion_dist_es_0u-q4w1._.js → 200 (96ms, 249908B)
[2026-03-29T04:31:19.525Z] GET http://localhost:3000/_next/static/chunks/node_modules_tailwind-merge_dist_bundle-mjs_mjs_0ezz.e5._.js → 200 (97ms, 149216B)
[2026-03-29T04:31:19.525Z] GET http://localhost:3000/_next/static/chunks/node_modules_%40aedifex_editor_src_components_ui_primitives_0p4gol2._.js → 200 (98ms, 173797B)
[2026-03-29T04:31:19.525Z] GET http://localhost:3000/_next/static/chunks/node_modules_%40aedifex_editor_src_components_ui_panels_014ye9i._.js → 200 (146ms, 586762B)
[2026-03-29T04:31:19.525Z] GET http://localhost:3000/_next/static/chunks/node_modules_%40aedifex_editor_src_components_ui_command-palette_0n50txs._.js → 200 (143ms, 159290B)
[2026-03-29T04:31:19.525Z] GET http://localhost:3000/_next/static/chunks/node_modules_%40aedifex_editor_src_components_ui_sidebar_0v.kivs._.js → 200 (146ms, 620935B)
[2026-03-29T04:31:19.525Z] GET http://localhost:3000/_next/static/chunks/node_modules_%40aedifex_editor_src_components_ui_0ryfiu4._.js → 200 (146ms, 327971B)
[2026-03-29T04:31:19.533Z] GET http://localhost:3000/_next/static/chunks/node_modules_%40aedifex_editor_src_components_tools_00lymai._.js → 200 (180ms, 577628B)
[2026-03-29T04:31:19.533Z] GET http://localhost:3000/_next/static/chunks/node_modules_%40aedifex_editor_src_components_ai_0-q1vn6._.js → 200 (180ms, 305177B)
[2026-03-29T04:31:19.543Z] GET http://localhost:3000/_next/static/chunks/node_modules_%40aedifex_editor_src_components_editor_0sp5ica._.js → 200 (170ms, 762833B)
[2026-03-29T04:31:19.543Z] GET http://localhost:3000/_next/static/chunks/node_modules_%40aedifex_editor_src_components_0zikryg._.js → 200 (170ms, 130186B)
[2026-03-29T04:31:19.543Z] GET http://localhost:3000/_next/static/chunks/node_modules_%40aedifex_editor_src_0g8m9sq._.js → 200 (172ms, 119753B)
[2026-03-29T04:31:19.544Z] GET http://localhost:3000/_next/static/chunks/node_modules_%40visual-json_react_dist_index_mjs_0yl8d61._.js → 200 (176ms, 186029B)
[2026-03-29T04:31:19.544Z] GET http://localhost:3000/_next/static/chunks/node_modules_%40radix-ui_07jsofp._.js → 200 (171ms, 438291B)
[2026-03-29T04:31:19.544Z] GET http://localhost:3000/_next/static/chunks/node_modules_%40floating-ui_04skdch._.js → 200 (176ms, 140817B)
[2026-03-29T04:31:19.545Z] GET http://localhost:3000/_next/static/chunks/node_modules_0j8ofz3._.js → 200 (175ms, 807732B)
[2026-03-29T04:31:19.545Z] GET http://localhost:3000/_next/static/chunks/apps_web_app_components_03nq-d5._.js → 200 (170ms, 75048B)
[2026-03-29T04:31:19.558Z] GET http://localhost:3000/_next/static/chunks/apps_web_app_editor_%5BprojectId%5D_page_tsx_0q9a4f8._.js → 200 (162ms, 2440B)
[2026-03-29T04:31:19.853Z] GET http://localhost:3000/audios/sfx/grid_snap.mp3 → pending (?ms, ?B)
[2026-03-29T04:31:19.853Z] GET http://localhost:3000/audios/sfx/item_delete.mp3 → pending (?ms, ?B)
[2026-03-29T04:31:19.856Z] GET http://localhost:3000/audios/sfx/item_pick.mp3 → pending (?ms, ?B)
[2026-03-29T04:31:19.856Z] GET http://localhost:3000/audios/sfx/item_place.mp3 → pending (?ms, ?B)
[2026-03-29T04:31:19.856Z] GET http://localhost:3000/audios/sfx/item_rotate.mp3 → pending (?ms, ?B)
[2026-03-29T04:31:19.858Z] GET http://localhost:3000/audios/sfx/structure_build.mp3 → pending (?ms, ?B)
[2026-03-29T04:31:19.859Z] GET http://localhost:3000/audios/sfx/structure_delete.mp3 → pending (?ms, ?B)
[2026-03-29T04:31:19.966Z] GET http://localhost:3000/icons/room.png → pending (?ms, ?B)
[2026-03-29T04:31:19.966Z] GET http://localhost:3000/icons/mesh.png → pending (?ms, ?B)
[2026-03-29T04:31:19.966Z] GET http://localhost:3000/icons/floorplan.png → pending (?ms, ?B)
[2026-03-29T04:31:19.967Z] GET http://localhost:3000/icons/blueprint.png → pending (?ms, ?B)
[2026-03-29T04:31:19.977Z] GET http://localhost:3000/icons/level.png → pending (?ms, ?B)
[2026-03-29T04:31:19.977Z] GET http://localhost:3000/icons/settings.png → pending (?ms, ?B)
[2026-03-29T04:31:20.132Z] GET http://localhost:3000/_next/static/chunks/node_modules_%40aedifex_core_dist_index_0960-36.js → 200 (527ms, 649B)
[2026-03-29T04:31:20.132Z] GET http://localhost:3000/_next/static/chunks/node_modules_next_0c4b-5d._.js → 200 (527ms, 244125B)
[2026-03-29T04:31:20.133Z] GET http://localhost:3000/_next/static/chunks/node_modules_%40aedifex_core_dist_0l7.f8x._.js → 200 (562ms, 360990B)
[2026-03-29T04:31:20.134Z] GET http://localhost:3000/_next/static/chunks/node_modules_zod_0~w4s--._.js → 200 (582ms, 938123B)
[2026-03-29T04:31:20.140Z] GET http://localhost:3000/_next/static/chunks/node_modules_three_build_three_core_0qefhn6.js → 200 (607ms, 1547563B)
[2026-03-29T04:31:20.140Z] GET http://localhost:3000/_next/static/chunks/node_modules_three_build_three_module_024z3_h.js → 200 (608ms, 811406B)
[2026-03-29T04:31:20.141Z] GET http://localhost:3000/_next/static/chunks/node_modules_three_build_three_webgpu_01.b56z.js → 200 (610ms, 2341348B)
[2026-03-29T04:31:20.157Z] GET http://localhost:3000/_next/static/chunks/node_modules_three_build_three_tsl_0p90gfk.js → 200 (590ms, 156313B)
[2026-03-29T04:31:20.159Z] GET http://localhost:3000/_next/static/chunks/node_modules_three_build_0ozlpf0._.js → 200 (589ms, 214832B)
[2026-03-29T04:31:20.160Z] GET http://localhost:3000/_next/static/chunks/node_modules_three_examples_jsm_0fklzb1._.js → 200 (589ms, 501621B)
[2026-03-29T04:31:20.160Z] GET http://localhost:3000/_next/static/chunks/node_modules_three_src_0d0mc0p._.js → 200 (588ms, 59762B)
[2026-03-29T04:31:20.170Z] GET http://localhost:3000/_next/static/chunks/node_modules_%40react-three_fiber_dist_01zc48v._.js → 200 (686ms, 815218B)
[2026-03-29T04:31:20.170Z] GET http://localhost:3000/_next/static/chunks/node_modules_three-bvh-csg_src_0jy.4pg._.js → 200 (582ms, 213373B)
[2026-03-29T04:31:20.172Z] GET http://localhost:3000/_next/static/chunks/node_modules_066wwa3._.js → 200 (682ms, 599543B)
[2026-03-29T04:31:20.174Z] GET http://localhost:3000/_next/static/chunks/node_modules_%40aedifex_viewer_dist_13-h0wg._.js → 200 (682ms, 386843B)
[2026-03-29T04:31:20.174Z] GET http://localhost:3000/_next/static/chunks/node_modules_three-stdlib_00s9d_7._.js → 200 (682ms, 208953B)
[2026-03-29T04:31:20.175Z] GET http://localhost:3000/_next/static/chunks/_0h5zgrk._.js → 200 (681ms, 160980B)
[2026-03-29T04:31:20.175Z] GET http://localhost:3000/_next/static/chunks/node_modules_motion-dom_dist_es_0yvtfr6._.js → 200 (681ms, 610676B)
[2026-03-29T04:31:20.175Z] GET http://localhost:3000/_next/static/chunks/node_modules_framer-motion_dist_es_0u-q4w1._.js → 200 (681ms, 249908B)
[2026-03-29T04:31:20.175Z] GET http://localhost:3000/_next/static/chunks/node_modules_tailwind-merge_dist_bundle-mjs_mjs_0ezz.e5._.js → 200 (681ms, 149216B)
[2026-03-29T04:31:20.176Z] GET http://localhost:3000/_next/static/chunks/node_modules_%40aedifex_editor_src_components_ui_primitives_0p4gol2._.js → 200 (680ms, 173797B)
[2026-03-29T04:31:20.176Z] GET http://localhost:3000/_next/static/chunks/node_modules_%40aedifex_editor_src_components_ui_panels_014ye9i._.js → 200 (681ms, 586762B)
[2026-03-29T04:31:20.177Z] GET http://localhost:3000/_next/static/chunks/node_modules_%40aedifex_editor_src_components_ui_command-palette_0n50txs._.js → 200 (679ms, 159290B)
[2026-03-29T04:31:20.178Z] GET http://localhost:3000/_next/static/chunks/node_modules_%40aedifex_editor_src_components_ui_sidebar_0v.kivs._.js → 200 (679ms, 620935B)
[2026-03-29T04:31:20.178Z] GET http://localhost:3000/_next/static/chunks/node_modules_%40aedifex_editor_src_components_ui_0ryfiu4._.js → 200 (679ms, 327971B)
[2026-03-29T04:31:20.179Z] GET http://localhost:3000/_next/static/chunks/node_modules_%40aedifex_editor_src_components_tools_00lymai._.js → 200 (679ms, 577628B)
[2026-03-29T04:31:20.179Z] GET http://localhost:3000/_next/static/chunks/node_modules_%40aedifex_editor_src_components_ai_0-q1vn6._.js → 200 (679ms, 305177B)
[2026-03-29T04:31:20.182Z] GET http://localhost:3000/_next/static/chunks/node_modules_%40aedifex_editor_src_components_editor_0sp5ica._.js → 200 (676ms, 762833B)
[2026-03-29T04:31:20.185Z] GET http://localhost:3000/_next/static/chunks/node_modules_%40aedifex_editor_src_components_0zikryg._.js → 200 (672ms, 130186B)
[2026-03-29T04:31:20.186Z] GET http://localhost:3000/_next/static/chunks/node_modules_%40aedifex_editor_src_0g8m9sq._.js → 200 (671ms, 119753B)
[2026-03-29T04:31:20.186Z] GET http://localhost:3000/_next/static/chunks/node_modules_%40visual-json_react_dist_index_mjs_0yl8d61._.js → 200 (672ms, 186029B)
[2026-03-29T04:31:20.187Z] GET http://localhost:3000/_next/static/chunks/node_modules_%40radix-ui_07jsofp._.js → 200 (671ms, 438291B)
[2026-03-29T04:31:20.190Z] GET http://localhost:3000/_next/static/chunks/node_modules_%40floating-ui_04skdch._.js → 304 (669ms, ?B)
[2026-03-29T04:31:20.194Z] GET http://localhost:3000/_next/static/chunks/node_modules_0j8ofz3._.js → 304 (664ms, ?B)
[2026-03-29T04:31:20.195Z] GET http://localhost:3000/_next/static/chunks/apps_web_app_components_03nq-d5._.js → 200 (664ms, 75048B)
[2026-03-29T04:31:20.196Z] GET http://localhost:3000/_next/static/chunks/apps_web_app_editor_%5BprojectId%5D_page_tsx_0q9a4f8._.js → 200 (663ms, 2440B)
[2026-03-29T04:31:20.196Z] GET http://localhost:3000/api/projects/ue_8BSjmc_ → 200 (663ms, 243B)
[2026-03-29T04:31:20.197Z] GET http://localhost:3000/api/projects/ue_8BSjmc_ → 200 (516ms, 243B)
[2026-03-29T04:31:20.197Z] GET http://localhost:3000/_next/image?url=%2Ficons%2Fselect.png&w=32&q=75 → 400 (550ms, 43B)
[2026-03-29T04:31:20.197Z] GET http://localhost:3000/_next/image?url=%2Ficons%2Fbuild.png&w=32&q=75 → 400 (457ms, 43B)
[2026-03-29T04:31:20.197Z] GET http://localhost:3000/_next/image?url=%2Ficons%2Frotate.png&w=32&q=75 → 400 (443ms, 43B)
[2026-03-29T04:31:20.197Z] GET http://localhost:3000/_next/image?url=%2Ficons%2Ftopview.png&w=32&q=75 → 400 (445ms, 43B)
[2026-03-29T04:31:20.197Z] GET https://api.iconify.design/icon-park-outline.json?icons=perspective → 200 (?ms, 399B)
[2026-03-29T04:31:20.197Z] GET https://api.iconify.design/charm.json?icons=stack-push → 200 (?ms, 347B)
[2026-03-29T04:31:20.265Z] POST http://localhost:3000/__nextjs_original-stack-frames → 200 (370ms, 676B)
[2026-03-29T04:31:20.908Z] GET http://localhost:3000/icons/site.png → 404 (148ms, 3020B)
[2026-03-29T04:31:20.908Z] GET http://localhost:3000/icons/building.png → 404 (148ms, 3020B)
[2026-03-29T04:31:20.908Z] GET http://localhost:3000/icons/level.png → 404 (149ms, 3020B)
[2026-03-29T04:31:20.908Z] GET http://localhost:3000/icons/room.png → 404 (153ms, 3020B)
[2026-03-29T04:31:20.908Z] GET http://localhost:3000/icons/couch.png → 404 (154ms, 3020B)
[2026-03-29T04:31:20.908Z] GET http://localhost:3000/icons/kitchen.png → 404 (155ms, 3020B)
[2026-03-29T04:31:21.020Z] GET https://api.iconify.design/lucide.json?icons=space%2Cx → 200 (6ms, 433B)
[2026-03-29T04:31:21.020Z] GET https://api.iconify.design/ph.json?icons=mouse-left-click-fill%2Cmouse-right-click-fill → 200 (6ms, 693B)
[2026-03-29T04:31:21.020Z] GET https://api.iconify.design/qlementine-icons.json?icons=mouse-middle-button-16 → 200 (6ms, 1094B)
[2026-03-29T04:31:27.795Z] GET http://localhost:3000/dashboard?_rsc=1vepw → 200 (29ms, 6102B)
[2026-03-29T04:31:58.410Z] DELETE http://localhost:3000/api/projects/ue_8BSjmc_ → 200 (95ms, 16B)
[2026-03-29T04:32:15.873Z] POST http://localhost:3000/api/auth/sign-out → 200 (30ms, 16B)
[2026-03-29T04:32:15.907Z] GET http://localhost:3000/login?_rsc=10ciw → 200 (34ms, 5319B)
[2026-03-29T04:32:15.949Z] GET http://localhost:3000/_next/static/chunks/_0b6t67q._.js → 200 (14ms, ?B)
[2026-03-29T04:32:15.949Z] GET http://localhost:3000/_next/static/chunks/_0pwf4qe._.js → 200 (5ms, 12993B)
[2026-03-29T04:32:15.949Z] GET http://localhost:3000/_next/static/chunks/apps_web_app_login_page_tsx_0q9a4f8._.js → 200 (6ms, 271B)
[2026-03-29T04:32:15.969Z] GET http://localhost:3000/_next/static/chunks/_0b6t67q._.js → 304 (5ms, ?B)
[2026-03-29T04:32:15.970Z] GET http://localhost:3000/_next/static/chunks/_0pwf4qe._.js → 304 (4ms, ?B)
[2026-03-29T04:32:15.970Z] GET http://localhost:3000/_next/static/chunks/apps_web_app_login_page_tsx_0q9a4f8._.js → 304 (4ms, ?B)
[2026-03-29T04:32:32.877Z] POST http://localhost:3000/api/auth/sign-in/email → pending (?ms, ?B)
[2026-03-29T04:32:41.759Z] POST http://localhost:3000/api/auth/sign-in/email → pending (?ms, ?B)
[2026-03-29T04:32:51.064Z] GET http://localhost:3000/login → 200 (51ms, 14340B)
[2026-03-29T04:32:51.122Z] GET http://localhost:3000/_next/static/chunks/apps_web_app_globals_0xyo3ls.css → 200 (2ms, 170566B)
[2026-03-29T04:32:51.122Z] GET http://localhost:3000/_next/static/chunks/%5Bturbopack%5D_browser_dev_hmr-client_hmr-client_ts_10z625~._.js → 200 (10ms, 675B)
[2026-03-29T04:32:51.122Z] GET http://localhost:3000/_next/static/chunks/node_modules_next_dist_compiled_next-devtools_index_0553esy.js → 200 (23ms, ?B)
[2026-03-29T04:32:51.122Z] GET http://localhost:3000/_next/static/chunks/node_modules_next_dist_compiled_react-dom_058-ah~._.js → 200 (22ms, ?B)
[2026-03-29T04:32:51.122Z] GET http://localhost:3000/_next/static/chunks/node_modules_next_dist_compiled_react-server-dom-turbopack_0p3wegg._.js → 200 (14ms, 174634B)
[2026-03-29T04:32:51.122Z] GET http://localhost:3000/_next/static/chunks/node_modules_next_dist_compiled_0rpq4pf._.js → 200 (23ms, ?B)
[2026-03-29T04:32:51.122Z] GET http://localhost:3000/_next/static/chunks/node_modules_next_dist_client_0fhqo1d._.js → 200 (21ms, ?B)
[2026-03-29T04:32:51.122Z] GET http://localhost:3000/_next/static/chunks/node_modules_next_dist_115brz8._.js → 200 (22ms, ?B)
[2026-03-29T04:32:51.122Z] GET http://localhost:3000/_next/static/chunks/node_modules_%40swc_helpers_cjs_0-4ujiy._.js → 200 (23ms, ?B)
[2026-03-29T04:32:51.122Z] GET http://localhost:3000/_next/static/chunks/apps_web_0rqeker._.js → 200 (22ms, ?B)
[2026-03-29T04:32:51.122Z] GET http://localhost:3000/_next/static/chunks/turbopack-apps_web_0p44nws._.js → 200 (23ms, ?B)
[2026-03-29T04:32:51.122Z] GET http://localhost:3000/_next/static/chunks/node_modules_next_dist_0tt2wve._.js → pending (?ms, ?B)
[2026-03-29T04:32:51.122Z] GET http://localhost:3000/_next/static/chunks/apps_web_app_layout_tsx_004glpo._.js → pending (?ms, ?B)
[2026-03-29T04:32:51.122Z] GET http://localhost:3000/_next/static/chunks/_0b6t67q._.js → pending (?ms, ?B)
[2026-03-29T04:32:51.122Z] GET http://localhost:3000/_next/static/chunks/_0pwf4qe._.js → pending (?ms, ?B)
[2026-03-29T04:32:51.122Z] GET http://localhost:3000/_next/static/chunks/apps_web_app_login_page_tsx_0q9a4f8._.js → pending (?ms, ?B)
[2026-03-29T04:32:51.122Z] GET http://localhost:3000/_next/static/chunks/node_modules_next_dist_client_components_builtin_global-error_0q9a4f8.js → pending (?ms, ?B)
[2026-03-29T04:32:51.164Z] GET http://localhost:3000/_next/static/chunks/%5Bturbopack%5D_browser_dev_hmr-client_hmr-client_ts_0yjw1oe._.js → 200 (53ms, 15461B)
[2026-03-29T04:32:51.164Z] GET http://localhost:3000/_next/static/chunks/%5Bturbopack%5D_browser_dev_hmr-client_hmr-client_ts_10mygs7._.js → 200 (53ms, 289B)
[2026-03-29T04:32:51.227Z] GET http://localhost:3000/__nextjs_font/geist-latin.woff2 → 200 (?ms, ?B)
[2026-03-29T04:32:51.227Z] GET http://localhost:3000/__nextjs_font/geist-mono-latin.woff2 → 200 (?ms, ?B)
[2026-03-29T04:32:59.295Z] POST http://localhost:3000/api/auth/sign-in/email → pending (?ms, ?B)
[2026-03-29T04:33:22.125Z] GET http://localhost:3000/login → pending (?ms, ?B)
[2026-03-29T04:33:22.188Z] GET http://localhost:3000/_next/static/chunks/apps_web_app_globals_0xyo3ls.css → 200 (5ms, 170566B)
[2026-03-29T04:33:22.188Z] GET http://localhost:3000/_next/static/chunks/%5Bturbopack%5D_browser_dev_hmr-client_hmr-client_ts_10z625~._.js → 200 (26ms, 675B)
[2026-03-29T04:33:22.188Z] GET http://localhost:3000/_next/static/chunks/node_modules_next_dist_compiled_next-devtools_index_0553esy.js → 200 (53ms, 746592B)
[2026-03-29T04:33:22.188Z] GET http://localhost:3000/_next/static/chunks/node_modules_next_dist_compiled_react-dom_058-ah~._.js → 200 (54ms, 1057980B)
[2026-03-29T04:33:22.188Z] GET http://localhost:3000/_next/static/chunks/node_modules_next_dist_compiled_react-server-dom-turbopack_0p3wegg._.js → 200 (52ms, 174634B)
[2026-03-29T04:33:22.188Z] GET http://localhost:3000/_next/static/chunks/node_modules_next_dist_compiled_0rpq4pf._.js → 200 (28ms, 144344B)
[2026-03-29T04:33:22.188Z] GET http://localhost:3000/_next/static/chunks/node_modules_next_dist_client_0fhqo1d._.js → 200 (55ms, 742815B)
[2026-03-29T04:33:22.189Z] GET http://localhost:3000/_next/static/chunks/node_modules_next_dist_115brz8._.js → 200 (53ms, 246103B)
[2026-03-29T04:33:22.189Z] GET http://localhost:3000/_next/static/chunks/node_modules_%40swc_helpers_cjs_0-4ujiy._.js → 200 (54ms, 1984B)
[2026-03-29T04:33:22.189Z] GET http://localhost:3000/_next/static/chunks/apps_web_0rqeker._.js → 200 (53ms, 756B)
[2026-03-29T04:33:22.190Z] GET http://localhost:3000/_next/static/chunks/turbopack-apps_web_0p44nws._.js → 200 (54ms, 91093B)
[2026-03-29T04:33:22.190Z] GET http://localhost:3000/_next/static/chunks/node_modules_next_dist_0tt2wve._.js → 200 (61ms, 208717B)
[2026-03-29T04:33:22.190Z] GET http://localhost:3000/_next/static/chunks/apps_web_app_layout_tsx_004glpo._.js → 200 (62ms, 312B)
[2026-03-29T04:33:22.190Z] GET http://localhost:3000/_next/static/chunks/_0b6t67q._.js → 200 (62ms, 179730B)
[2026-03-29T04:33:22.190Z] GET http://localhost:3000/_next/static/chunks/_0pwf4qe._.js → 200 (62ms, 12993B)
[2026-03-29T04:33:22.190Z] GET http://localhost:3000/_next/static/chunks/apps_web_app_login_page_tsx_0q9a4f8._.js → 200 (62ms, 271B)
[2026-03-29T04:33:22.190Z] GET http://localhost:3000/_next/static/chunks/node_modules_next_dist_client_components_builtin_global-error_0q9a4f8.js → 200 (62ms, 212B)
[2026-03-29T04:33:22.250Z] GET http://localhost:3000/_next/static/chunks/%5Bturbopack%5D_browser_dev_hmr-client_hmr-client_ts_0yjw1oe._.js → 200 (36ms, 15461B)
[2026-03-29T04:33:22.250Z] GET http://localhost:3000/_next/static/chunks/%5Bturbopack%5D_browser_dev_hmr-client_hmr-client_ts_10mygs7._.js → 200 (36ms, 289B)
[2026-03-29T04:33:22.299Z] GET http://localhost:3000/__nextjs_font/geist-latin.woff2 → 200 (1ms, ?B)
[2026-03-29T04:33:22.300Z] GET http://localhost:3000/__nextjs_font/geist-mono-latin.woff2 → 200 (?ms, ?B)
[2026-03-29T04:33:39.400Z] GET http://localhost:3000/register → 200 (80ms, 14765B)
[2026-03-29T04:33:39.490Z] GET http://localhost:3000/_next/static/chunks/apps_web_app_globals_0xyo3ls.css → 304 (2ms, ?B)
[2026-03-29T04:33:39.490Z] GET http://localhost:3000/_next/static/chunks/%5Bturbopack%5D_browser_dev_hmr-client_hmr-client_ts_10z625~._.js → 304 (6ms, ?B)
[2026-03-29T04:33:39.490Z] GET http://localhost:3000/_next/static/chunks/node_modules_next_dist_compiled_next-devtools_index_0553esy.js → 304 (7ms, ?B)
[2026-03-29T04:33:39.490Z] GET http://localhost:3000/_next/static/chunks/node_modules_next_dist_compiled_react-dom_058-ah~._.js → 304 (14ms, ?B)
[2026-03-29T04:33:39.490Z] GET http://localhost:3000/_next/static/chunks/node_modules_next_dist_compiled_react-server-dom-turbopack_0p3wegg._.js → 304 (14ms, ?B)
[2026-03-29T04:33:39.490Z] GET http://localhost:3000/_next/static/chunks/node_modules_next_dist_compiled_0rpq4pf._.js → 304 (14ms, ?B)
[2026-03-29T04:33:39.491Z] GET http://localhost:3000/_next/static/chunks/node_modules_next_dist_client_0fhqo1d._.js → 304 (12ms, ?B)
[2026-03-29T04:33:39.491Z] GET http://localhost:3000/_next/static/chunks/node_modules_next_dist_115brz8._.js → 304 (13ms, ?B)
[2026-03-29T04:33:39.491Z] GET http://localhost:3000/_next/static/chunks/node_modules_%40swc_helpers_cjs_0-4ujiy._.js → 304 (21ms, ?B)
[2026-03-29T04:33:39.491Z] GET http://localhost:3000/_next/static/chunks/apps_web_0rqeker._.js → 304 (21ms, ?B)
[2026-03-29T04:33:39.491Z] GET http://localhost:3000/_next/static/chunks/turbopack-apps_web_0p44nws._.js → 304 (21ms, ?B)
[2026-03-29T04:33:39.491Z] GET http://localhost:3000/_next/static/chunks/node_modules_next_dist_0tt2wve._.js → 304 (21ms, ?B)
[2026-03-29T04:33:39.491Z] GET http://localhost:3000/_next/static/chunks/apps_web_app_layout_tsx_004glpo._.js → 304 (21ms, ?B)
[2026-03-29T04:33:39.491Z] GET http://localhost:3000/_next/static/chunks/_0b6t67q._.js → 304 (21ms, ?B)
[2026-03-29T04:33:39.491Z] GET http://localhost:3000/_next/static/chunks/_0wnatf4._.js → 200 (21ms, 15023B)
[2026-03-29T04:33:39.491Z] GET http://localhost:3000/_next/static/chunks/apps_web_app_register_page_tsx_0q9a4f8._.js → 200 (21ms, 271B)
[2026-03-29T04:33:39.491Z] GET http://localhost:3000/_next/static/chunks/node_modules_next_dist_client_components_builtin_global-error_0q9a4f8.js → 304 (21ms, ?B)
[2026-03-29T04:33:39.524Z] GET http://localhost:3000/_next/static/chunks/%5Bturbopack%5D_browser_dev_hmr-client_hmr-client_ts_0yjw1oe._.js → 304 (8ms, ?B)
[2026-03-29T04:33:39.524Z] GET http://localhost:3000/_next/static/chunks/%5Bturbopack%5D_browser_dev_hmr-client_hmr-client_ts_10mygs7._.js → 304 (9ms, ?B)
[2026-03-29T04:33:39.540Z] GET http://localhost:3000/__nextjs_font/geist-latin.woff2 → 200 (?ms, ?B)
[2026-03-29T04:33:39.540Z] GET http://localhost:3000/__nextjs_font/geist-mono-latin.woff2 → 200 (?ms, ?B)
[2026-03-29T04:33:50.720Z] POST http://localhost:3000/api/auth/sign-up/email → 422 (31ms, 100B)
[2026-03-29T04:34:07.108Z] GET http://localhost:3000/register → 200 (38ms, 14765B)
[2026-03-29T04:34:07.151Z] GET http://localhost:3000/_next/static/chunks/apps_web_app_globals_0xyo3ls.css → 304 (4ms, ?B)
[2026-03-29T04:34:07.151Z] GET http://localhost:3000/_next/static/chunks/%5Bturbopack%5D_browser_dev_hmr-client_hmr-client_ts_10z625~._.js → 200 (14ms, 675B)
[2026-03-29T04:34:07.151Z] GET http://localhost:3000/_next/static/chunks/node_modules_next_dist_compiled_next-devtools_index_0553esy.js → 200 (24ms, 746592B)
[2026-03-29T04:34:07.151Z] GET http://localhost:3000/_next/static/chunks/node_modules_next_dist_compiled_react-dom_058-ah~._.js → 200 (26ms, 1057980B)
[2026-03-29T04:34:07.151Z] GET http://localhost:3000/_next/static/chunks/node_modules_next_dist_compiled_react-server-dom-turbopack_0p3wegg._.js → 200 (23ms, 174634B)
[2026-03-29T04:34:07.151Z] GET http://localhost:3000/_next/static/chunks/node_modules_next_dist_compiled_0rpq4pf._.js → 200 (12ms, 144344B)
[2026-03-29T04:34:07.152Z] GET http://localhost:3000/_next/static/chunks/node_modules_next_dist_client_0fhqo1d._.js → 200 (23ms, 742815B)
[2026-03-29T04:34:07.152Z] GET http://localhost:3000/_next/static/chunks/node_modules_next_dist_115brz8._.js → 200 (28ms, ?B)
[2026-03-29T04:34:07.152Z] GET http://localhost:3000/_next/static/chunks/node_modules_%40swc_helpers_cjs_0-4ujiy._.js → 200 (28ms, 1984B)
[2026-03-29T04:34:07.152Z] GET http://localhost:3000/_next/static/chunks/apps_web_0rqeker._.js → 200 (25ms, 756B)
[2026-03-29T04:34:07.152Z] GET http://localhost:3000/_next/static/chunks/turbopack-apps_web_0p44nws._.js → 200 (61ms, ?B)
[2026-03-29T04:34:07.152Z] GET http://localhost:3000/_next/static/chunks/node_modules_next_dist_0tt2wve._.js → 200 (68ms, ?B)
[2026-03-29T04:34:07.152Z] GET http://localhost:3000/_next/static/chunks/apps_web_app_layout_tsx_004glpo._.js → 200 (67ms, ?B)
[2026-03-29T04:34:07.152Z] GET http://localhost:3000/_next/static/chunks/_0b6t67q._.js → pending (?ms, ?B)
[2026-03-29T04:34:07.152Z] GET http://localhost:3000/_next/static/chunks/_0wnatf4._.js → pending (?ms, ?B)
[2026-03-29T04:34:07.152Z] GET http://localhost:3000/_next/static/chunks/apps_web_app_register_page_tsx_0q9a4f8._.js → pending (?ms, ?B)
[2026-03-29T04:34:07.152Z] GET http://localhost:3000/_next/static/chunks/node_modules_next_dist_client_components_builtin_global-error_0q9a4f8.js → pending (?ms, ?B)
[2026-03-29T04:34:07.230Z] GET http://localhost:3000/_next/static/chunks/%5Bturbopack%5D_browser_dev_hmr-client_hmr-client_ts_0yjw1oe._.js → 200 (15ms, 15461B)
[2026-03-29T04:34:07.230Z] GET http://localhost:3000/_next/static/chunks/%5Bturbopack%5D_browser_dev_hmr-client_hmr-client_ts_10mygs7._.js → 200 (15ms, 289B)
[2026-03-29T04:34:07.244Z] GET http://localhost:3000/__nextjs_font/geist-latin.woff2 → 200 (?ms, ?B)
[2026-03-29T04:34:07.245Z] GET http://localhost:3000/__nextjs_font/geist-mono-latin.woff2 → 200 (?ms, ?B)
[2026-03-29T04:34:25.419Z] POST http://localhost:3000/api/auth/sign-up/email → pending (?ms, ?B)
[2026-03-29T04:34:26.786Z] GET http://localhost:3000/dashboard?_rsc=14qcf → 200 (13ms, 5526B)
[2026-03-29T04:34:26.821Z] GET http://localhost:3000/_next/static/chunks/_03p8es7._.js → 200 (7ms, 184270B)
[2026-03-29T04:34:26.821Z] GET http://localhost:3000/_next/static/chunks/_0om3g16._.js → 200 (7ms, 19429B)
[2026-03-29T04:34:26.821Z] GET http://localhost:3000/_next/static/chunks/apps_web_app_dashboard_layout_tsx_0q9a4f8._.js → 200 (7ms, 271B)
[2026-03-29T04:34:26.838Z] GET http://localhost:3000/_next/static/chunks/apps_web_0q812xr._.js → 200 (4ms, ?B)
[2026-03-29T04:34:26.838Z] GET http://localhost:3000/_next/static/chunks/apps_web_app_dashboard_page_tsx_00jkz0g._.js → 200 (3ms, ?B)
[2026-03-29T04:34:26.851Z] GET http://localhost:3000/_next/static/chunks/_03p8es7._.js → 304 (2ms, ?B)
[2026-03-29T04:34:26.851Z] GET http://localhost:3000/_next/static/chunks/_0om3g16._.js → 304 (3ms, ?B)
[2026-03-29T04:34:26.852Z] GET http://localhost:3000/_next/static/chunks/apps_web_app_dashboard_layout_tsx_0q9a4f8._.js → 304 (2ms, ?B)
[2026-03-29T04:34:26.852Z] GET http://localhost:3000/_next/static/chunks/apps_web_0q812xr._.js → 304 (2ms, ?B)
[2026-03-29T04:34:26.852Z] GET http://localhost:3000/_next/static/chunks/apps_web_app_dashboard_page_tsx_00jkz0g._.js → 304 (2ms, 249B)
[2026-03-29T04:35:04.787Z] POST http://localhost:3000/api/projects → 201 (39ms, 243B)
[2026-03-29T04:35:04.828Z] GET http://localhost:3000/editor/J3Q8EyT9Y7?_rsc=10ciw → 200 (21ms, 12669B)
[2026-03-29T04:35:04.873Z] GET http://localhost:3000/_next/static/chunks/node_modules_%40aedifex_core_dist_index_0960-36.js → 200 (18ms, 649B)
[2026-03-29T04:35:04.873Z] GET http://localhost:3000/_next/static/chunks/node_modules_next_0c4b-5d._.js → 200 (18ms, 244125B)
[2026-03-29T04:35:04.873Z] GET http://localhost:3000/_next/static/chunks/node_modules_%40aedifex_core_dist_0l7.f8x._.js → 200 (19ms, 360990B)
[2026-03-29T04:35:04.873Z] GET http://localhost:3000/_next/static/chunks/node_modules_zod_0~w4s--._.js → 200 (59ms, 938123B)
[2026-03-29T04:35:04.873Z] GET http://localhost:3000/_next/static/chunks/node_modules_three_build_three_core_0qefhn6.js → 200 (59ms, 1547563B)
[2026-03-29T04:35:04.873Z] GET http://localhost:3000/_next/static/chunks/node_modules_three_build_three_module_024z3_h.js → 200 (18ms, 811406B)
[2026-03-29T04:35:04.873Z] GET http://localhost:3000/_next/static/chunks/node_modules_three_build_three_webgpu_01.b56z.js → 200 (60ms, 2341348B)
[2026-03-29T04:35:04.874Z] GET http://localhost:3000/_next/static/chunks/node_modules_three_build_three_tsl_0p90gfk.js → 200 (18ms, 156313B)
[2026-03-29T04:35:04.874Z] GET http://localhost:3000/_next/static/chunks/node_modules_three_build_0ozlpf0._.js → 200 (58ms, 214832B)
[2026-03-29T04:35:04.874Z] GET http://localhost:3000/_next/static/chunks/node_modules_three_examples_jsm_0fklzb1._.js → 200 (58ms, 501621B)
[2026-03-29T04:35:04.874Z] GET http://localhost:3000/_next/static/chunks/node_modules_three_src_0d0mc0p._.js → 200 (58ms, 59762B)
[2026-03-29T04:35:04.874Z] GET http://localhost:3000/_next/static/chunks/node_modules_%40react-three_fiber_dist_01zc48v._.js → 200 (65ms, 815218B)
[2026-03-29T04:35:04.874Z] GET http://localhost:3000/_next/static/chunks/node_modules_three-bvh-csg_src_0jy.4pg._.js → 200 (59ms, 213373B)
[2026-03-29T04:35:04.874Z] GET http://localhost:3000/_next/static/chunks/node_modules_066wwa3._.js → 200 (65ms, 599543B)
[2026-03-29T04:35:04.874Z] GET http://localhost:3000/_next/static/chunks/node_modules_%40aedifex_viewer_dist_13-h0wg._.js → 200 (71ms, 386843B)
[2026-03-29T04:35:04.874Z] GET http://localhost:3000/_next/static/chunks/node_modules_three-stdlib_00s9d_7._.js → 200 (67ms, 208953B)
[2026-03-29T04:35:04.874Z] GET http://localhost:3000/_next/static/chunks/_0h5zgrk._.js → 200 (71ms, 160980B)
[2026-03-29T04:35:04.874Z] GET http://localhost:3000/_next/static/chunks/node_modules_motion-dom_dist_es_0yvtfr6._.js → 200 (74ms, 610676B)
[2026-03-29T04:35:04.874Z] GET http://localhost:3000/_next/static/chunks/node_modules_framer-motion_dist_es_0u-q4w1._.js → 200 (74ms, 249908B)
[2026-03-29T04:35:04.874Z] GET http://localhost:3000/_next/static/chunks/node_modules_tailwind-merge_dist_bundle-mjs_mjs_0ezz.e5._.js → 200 (75ms, 149216B)
[2026-03-29T04:35:04.874Z] GET http://localhost:3000/_next/static/chunks/node_modules_%40aedifex_editor_src_components_ui_primitives_0p4gol2._.js → 200 (75ms, 173797B)
[2026-03-29T04:35:04.875Z] GET http://localhost:3000/_next/static/chunks/node_modules_%40aedifex_editor_src_components_ui_panels_014ye9i._.js → 200 (76ms, 586762B)
[2026-03-29T04:35:04.875Z] GET http://localhost:3000/_next/static/chunks/node_modules_%40aedifex_editor_src_components_ui_command-palette_0n50txs._.js → 200 (75ms, 159290B)
[2026-03-29T04:35:04.875Z] GET http://localhost:3000/_next/static/chunks/node_modules_%40aedifex_editor_src_components_ui_sidebar_0v.kivs._.js → 200 (76ms, 620935B)
[2026-03-29T04:35:04.875Z] GET http://localhost:3000/_next/static/chunks/node_modules_%40aedifex_editor_src_components_ui_0ryfiu4._.js → 200 (76ms, 327971B)
[2026-03-29T04:35:04.875Z] GET http://localhost:3000/_next/static/chunks/node_modules_%40aedifex_editor_src_components_tools_00lymai._.js → 200 (187ms, 577628B)
[2026-03-29T04:35:04.875Z] GET http://localhost:3000/_next/static/chunks/node_modules_%40aedifex_editor_src_components_ai_0-q1vn6._.js → 200 (189ms, 305177B)
[2026-03-29T04:35:04.875Z] GET http://localhost:3000/_next/static/chunks/node_modules_%40aedifex_editor_src_components_editor_0sp5ica._.js → 200 (244ms, 762833B)
[2026-03-29T04:35:04.875Z] GET http://localhost:3000/_next/static/chunks/node_modules_%40aedifex_editor_src_components_0zikryg._.js → 200 (215ms, 130186B)
[2026-03-29T04:35:04.875Z] GET http://localhost:3000/_next/static/chunks/node_modules_%40aedifex_editor_src_0g8m9sq._.js → 200 (244ms, 119753B)
[2026-03-29T04:35:04.875Z] GET http://localhost:3000/_next/static/chunks/node_modules_%40visual-json_react_dist_index_mjs_0yl8d61._.js → 200 (244ms, 186029B)
[2026-03-29T04:35:04.875Z] GET http://localhost:3000/_next/static/chunks/node_modules_%40radix-ui_07jsofp._.js → 200 (244ms, 438291B)
[2026-03-29T04:35:04.875Z] GET http://localhost:3000/_next/static/chunks/node_modules_%40floating-ui_04skdch._.js → 200 (244ms, 140817B)
[2026-03-29T04:35:04.875Z] GET http://localhost:3000/_next/static/chunks/node_modules_0j8ofz3._.js → 200 (245ms, ?B)
[2026-03-29T04:35:04.875Z] GET http://localhost:3000/_next/static/chunks/apps_web_app_components_03nq-d5._.js → 200 (244ms, 75048B)
[2026-03-29T04:35:04.875Z] GET http://localhost:3000/_next/static/chunks/apps_web_app_editor_%5BprojectId%5D_page_tsx_0q9a4f8._.js → 200 (245ms, 2440B)
[2026-03-29T04:35:05.220Z] GET http://localhost:3000/audios/sfx/grid_snap.mp3 → pending (?ms, ?B)
[2026-03-29T04:35:05.220Z] GET http://localhost:3000/audios/sfx/item_delete.mp3 → pending (?ms, ?B)
[2026-03-29T04:35:05.220Z] GET http://localhost:3000/audios/sfx/item_pick.mp3 → pending (?ms, ?B)
[2026-03-29T04:35:05.220Z] GET http://localhost:3000/audios/sfx/item_place.mp3 → pending (?ms, ?B)
[2026-03-29T04:35:05.220Z] GET http://localhost:3000/audios/sfx/item_rotate.mp3 → pending (?ms, ?B)
[2026-03-29T04:35:05.220Z] GET http://localhost:3000/audios/sfx/structure_build.mp3 → pending (?ms, ?B)
[2026-03-29T04:35:05.221Z] GET http://localhost:3000/audios/sfx/structure_delete.mp3 → pending (?ms, ?B)
[2026-03-29T04:35:05.300Z] GET http://localhost:3000/icons/room.png → 404 (332ms, 3020B)
[2026-03-29T04:35:05.300Z] GET http://localhost:3000/icons/mesh.png → 404 (272ms, 3020B)
[2026-03-29T04:35:05.300Z] GET http://localhost:3000/icons/floorplan.png → 404 (273ms, 3020B)
[2026-03-29T04:35:05.300Z] GET http://localhost:3000/icons/blueprint.png → 404 (309ms, 3020B)
[2026-03-29T04:35:05.315Z] GET http://localhost:3000/icons/level.png → 404 (434ms, 3020B)
[2026-03-29T04:35:05.315Z] GET http://localhost:3000/icons/settings.png → 404 (318ms, 3020B)
[2026-03-29T04:35:05.446Z] GET http://localhost:3000/_next/static/chunks/node_modules_%40aedifex_core_dist_index_0960-36.js → 200 (401ms, 649B)
[2026-03-29T04:35:05.447Z] GET http://localhost:3000/_next/static/chunks/node_modules_next_0c4b-5d._.js → 200 (400ms, 244125B)
[2026-03-29T04:35:05.448Z] GET http://localhost:3000/_next/static/chunks/node_modules_%40aedifex_core_dist_0l7.f8x._.js → 200 (430ms, 360990B)
[2026-03-29T04:35:05.449Z] GET http://localhost:3000/_next/static/chunks/node_modules_zod_0~w4s--._.js → 200 (445ms, 938123B)
[2026-03-29T04:35:05.449Z] GET http://localhost:3000/_next/static/chunks/node_modules_three_build_three_core_0qefhn6.js → 200 (445ms, 1547563B)
[2026-03-29T04:35:05.450Z] GET http://localhost:3000/_next/static/chunks/node_modules_three_build_three_module_024z3_h.js → 200 (527ms, 811406B)
[2026-03-29T04:35:05.450Z] GET http://localhost:3000/_next/static/chunks/node_modules_three_build_three_webgpu_01.b56z.js → 200 (535ms, 2341348B)
[2026-03-29T04:35:05.455Z] GET http://localhost:3000/_next/static/chunks/node_modules_three_build_three_tsl_0p90gfk.js → 200 (444ms, 156313B)
[2026-03-29T04:35:05.457Z] GET http://localhost:3000/_next/static/chunks/node_modules_three_build_0ozlpf0._.js → 200 (442ms, 214832B)
[2026-03-29T04:35:05.458Z] GET http://localhost:3000/_next/static/chunks/node_modules_three_examples_jsm_0fklzb1._.js → 200 (528ms, 501621B)
[2026-03-29T04:35:05.458Z] GET http://localhost:3000/_next/static/chunks/node_modules_three_src_0d0mc0p._.js → 200 (527ms, 59762B)
[2026-03-29T04:35:05.459Z] GET http://localhost:3000/_next/static/chunks/node_modules_%40react-three_fiber_dist_01zc48v._.js → 200 (528ms, 815218B)
[2026-03-29T04:35:05.459Z] GET http://localhost:3000/_next/static/chunks/node_modules_three-bvh-csg_src_0jy.4pg._.js → 200 (527ms, 213373B)
[2026-03-29T04:35:05.460Z] GET http://localhost:3000/_next/static/chunks/node_modules_066wwa3._.js → 200 (526ms, 599543B)
[2026-03-29T04:35:05.460Z] GET http://localhost:3000/_next/static/chunks/node_modules_%40aedifex_viewer_dist_13-h0wg._.js → 200 (527ms, 386843B)
[2026-03-29T04:35:05.460Z] GET http://localhost:3000/_next/static/chunks/node_modules_three-stdlib_00s9d_7._.js → 200 (527ms, 208953B)
[2026-03-29T04:35:05.460Z] GET http://localhost:3000/_next/static/chunks/_0h5zgrk._.js → 200 (527ms, 160980B)
[2026-03-29T04:35:05.461Z] GET http://localhost:3000/_next/static/chunks/node_modules_motion-dom_dist_es_0yvtfr6._.js → 200 (530ms, 610676B)
[2026-03-29T04:35:05.461Z] GET http://localhost:3000/_next/static/chunks/node_modules_framer-motion_dist_es_0u-q4w1._.js → 200 (529ms, 249908B)
[2026-03-29T04:35:05.461Z] GET http://localhost:3000/_next/static/chunks/node_modules_tailwind-merge_dist_bundle-mjs_mjs_0ezz.e5._.js → 200 (530ms, 149216B)
[2026-03-29T04:35:05.461Z] GET http://localhost:3000/_next/static/chunks/node_modules_%40aedifex_editor_src_components_ui_primitives_0p4gol2._.js → 200 (530ms, 173797B)
[2026-03-29T04:35:05.461Z] GET http://localhost:3000/_next/static/chunks/node_modules_%40aedifex_editor_src_components_ui_panels_014ye9i._.js → 200 (536ms, 586762B)
[2026-03-29T04:35:05.461Z] GET http://localhost:3000/_next/static/chunks/node_modules_%40aedifex_editor_src_components_ui_command-palette_0n50txs._.js → 200 (536ms, 159290B)
[2026-03-29T04:35:05.461Z] GET http://localhost:3000/_next/static/chunks/node_modules_%40aedifex_editor_src_components_ui_sidebar_0v.kivs._.js → 200 (536ms, 620935B)
[2026-03-29T04:35:05.462Z] GET http://localhost:3000/_next/static/chunks/node_modules_%40aedifex_editor_src_components_ui_0ryfiu4._.js → 200 (536ms, 327971B)
[2026-03-29T04:35:05.462Z] GET http://localhost:3000/_next/static/chunks/node_modules_%40aedifex_editor_src_components_tools_00lymai._.js → 200 (536ms, 577628B)
[2026-03-29T04:35:05.462Z] GET http://localhost:3000/_next/static/chunks/node_modules_%40aedifex_editor_src_components_ai_0-q1vn6._.js → 200 (536ms, 305177B)
[2026-03-29T04:35:05.462Z] GET http://localhost:3000/_next/static/chunks/node_modules_%40aedifex_editor_src_components_editor_0sp5ica._.js → 200 (537ms, 762833B)
[2026-03-29T04:35:05.463Z] GET http://localhost:3000/_next/static/chunks/node_modules_%40aedifex_editor_src_components_0zikryg._.js → 200 (536ms, 130186B)
[2026-03-29T04:35:05.463Z] GET http://localhost:3000/_next/static/chunks/node_modules_%40aedifex_editor_src_0g8m9sq._.js → 200 (541ms, 119753B)
[2026-03-29T04:35:05.463Z] GET http://localhost:3000/_next/static/chunks/node_modules_%40visual-json_react_dist_index_mjs_0yl8d61._.js → 200 (541ms, 186029B)
[2026-03-29T04:35:05.463Z] GET http://localhost:3000/_next/static/chunks/node_modules_%40radix-ui_07jsofp._.js → 200 (541ms, 438291B)
[2026-03-29T04:35:05.465Z] GET http://localhost:3000/_next/static/chunks/node_modules_%40floating-ui_04skdch._.js → 200 (539ms, 140817B)
[2026-03-29T04:35:05.465Z] GET http://localhost:3000/_next/static/chunks/node_modules_0j8ofz3._.js → 304 (539ms, ?B)
[2026-03-29T04:35:05.466Z] GET http://localhost:3000/_next/static/chunks/apps_web_app_components_03nq-d5._.js → 200 (593ms, 75048B)
[2026-03-29T04:35:05.466Z] GET http://localhost:3000/_next/static/chunks/apps_web_app_editor_%5BprojectId%5D_page_tsx_0q9a4f8._.js → 304 (653ms, ?B)
[2026-03-29T04:35:05.466Z] GET http://localhost:3000/api/projects/J3Q8EyT9Y7 → 200 (538ms, 243B)
[2026-03-29T04:35:05.466Z] GET http://localhost:3000/api/projects/J3Q8EyT9Y7 → 200 (413ms, 243B)
[2026-03-29T04:35:05.466Z] GET http://localhost:3000/_next/image?url=%2Ficons%2Fselect.png&w=32&q=75 → 400 (426ms, 43B)
[2026-03-29T04:35:05.466Z] GET http://localhost:3000/_next/image?url=%2Ficons%2Fbuild.png&w=32&q=75 → 400 (367ms, 43B)
[2026-03-29T04:35:05.466Z] GET http://localhost:3000/_next/image?url=%2Ficons%2Frotate.png&w=32&q=75 → 400 (366ms, 43B)
[2026-03-29T04:35:05.466Z] GET http://localhost:3000/_next/image?url=%2Ficons%2Ftopview.png&w=32&q=75 → 400 (374ms, 43B)
[2026-03-29T04:35:05.468Z] GET https://api.iconify.design/icon-park-outline.json?icons=perspective → 200 (?ms, 399B)
[2026-03-29T04:35:05.468Z] GET https://api.iconify.design/charm.json?icons=stack-push → 200 (?ms, 347B)
[2026-03-29T04:35:05.551Z] POST http://localhost:3000/__nextjs_original-stack-frames → 200 (262ms, 676B)
[2026-03-29T04:35:06.053Z] GET http://localhost:3000/icons/site.png → 404 (150ms, 12360B)
[2026-03-29T04:35:06.053Z] GET http://localhost:3000/icons/building.png → 404 (150ms, 12364B)
[2026-03-29T04:35:06.053Z] GET http://localhost:3000/icons/level.png → 404 (166ms, 12361B)
[2026-03-29T04:35:06.053Z] GET http://localhost:3000/icons/room.png → 404 (166ms, 12360B)
[2026-03-29T04:35:06.053Z] GET http://localhost:3000/icons/couch.png → 404 (166ms, 12361B)
[2026-03-29T04:35:06.053Z] GET http://localhost:3000/icons/kitchen.png → 404 (166ms, 12363B)
[2026-03-29T04:35:06.234Z] GET https://api.iconify.design/lucide.json?icons=space%2Cx → 200 (4ms, 433B)
[2026-03-29T04:35:06.234Z] GET https://api.iconify.design/ph.json?icons=mouse-left-click-fill%2Cmouse-right-click-fill → 200 (4ms, 693B)
[2026-03-29T04:35:06.234Z] GET https://api.iconify.design/qlementine-icons.json?icons=mouse-middle-button-16 → 200 (4ms, 1094B)
[2026-03-29T04:35:31.685Z] PUT http://localhost:3000/api/projects/J3Q8EyT9Y7/share → 200 (61ms, 97B)
[2026-03-29T04:35:41.975Z] GET http://localhost:3000/icons/room.png → 404 (89ms, 3020B)
[2026-03-29T04:35:41.975Z] GET http://localhost:3000/icons/mesh.png → 404 (89ms, 3020B)
[2026-03-29T04:35:41.975Z] GET http://localhost:3000/icons/floorplan.png → 404 (90ms, 3020B)
[2026-03-29T04:35:41.975Z] GET http://localhost:3000/icons/blueprint.png → 404 (108ms, 3020B)
[2026-03-29T04:35:41.975Z] GET http://localhost:3000/icons/level.png → 404 (121ms, 3020B)
[2026-03-29T04:35:41.976Z] GET http://localhost:3000/icons/settings.png → 404 (116ms, 3020B)
[2026-03-29T04:35:41.976Z] GET http://localhost:3000/icons/site.png → 404 (170ms, 3020B)
[2026-03-29T04:35:41.976Z] GET http://localhost:3000/icons/building.png → 404 (187ms, 3020B)
[2026-03-29T04:35:41.976Z] GET http://localhost:3000/icons/couch.png → 404 (194ms, 3020B)
[2026-03-29T04:35:41.976Z] GET http://localhost:3000/icons/kitchen.png → 404 (199ms, 3020B)
[2026-03-29T04:35:52.191Z] GET http://localhost:3000/view/u0oNz52y7f → 200 (84ms, ?B)
[2026-03-29T04:35:52.284Z] GET http://localhost:3000/_next/static/chunks/apps_web_app_globals_0xyo3ls.css → 200 (5ms, ?B)
[2026-03-29T04:35:52.284Z] GET http://localhost:3000/icons/room.png → pending (?ms, ?B)
[2026-03-29T04:35:52.284Z] GET http://localhost:3000/icons/mesh.png → pending (?ms, ?B)
[2026-03-29T04:35:52.284Z] GET http://localhost:3000/icons/floorplan.png → pending (?ms, ?B)
[2026-03-29T04:35:52.284Z] GET http://localhost:3000/icons/blueprint.png → pending (?ms, ?B)
[2026-03-29T04:35:52.284Z] GET http://localhost:3000/icons/level.png → pending (?ms, ?B)
[2026-03-29T04:35:52.285Z] GET http://localhost:3000/icons/settings.png → pending (?ms, ?B)
[2026-03-29T04:35:52.285Z] GET http://localhost:3000/_next/static/chunks/%5Bturbopack%5D_browser_dev_hmr-client_hmr-client_ts_10z625~._.js → pending (?ms, ?B)
[2026-03-29T04:35:52.285Z] GET http://localhost:3000/_next/static/chunks/node_modules_next_dist_compiled_next-devtools_index_0553esy.js → pending (?ms, ?B)
[2026-03-29T04:35:52.285Z] GET http://localhost:3000/_next/static/chunks/node_modules_next_dist_compiled_react-dom_058-ah~._.js → pending (?ms, ?B)
[2026-03-29T04:35:52.285Z] GET http://localhost:3000/_next/static/chunks/node_modules_next_dist_compiled_react-server-dom-turbopack_0p3wegg._.js → pending (?ms, ?B)
[2026-03-29T04:35:52.285Z] GET http://localhost:3000/_next/static/chunks/node_modules_next_dist_compiled_0rpq4pf._.js → pending (?ms, ?B)
[2026-03-29T04:35:52.285Z] GET http://localhost:3000/_next/static/chunks/node_modules_next_dist_client_0fhqo1d._.js → pending (?ms, ?B)
[2026-03-29T04:35:52.285Z] GET http://localhost:3000/_next/static/chunks/node_modules_next_dist_115brz8._.js → pending (?ms, ?B)
[2026-03-29T04:35:52.285Z] GET http://localhost:3000/_next/static/chunks/node_modules_%40swc_helpers_cjs_0-4ujiy._.js → pending (?ms, ?B)
[2026-03-29T04:35:52.285Z] GET http://localhost:3000/_next/static/chunks/apps_web_0rqeker._.js → pending (?ms, ?B)
[2026-03-29T04:35:52.285Z] GET http://localhost:3000/_next/static/chunks/turbopack-apps_web_0p44nws._.js → pending (?ms, ?B)
[2026-03-29T04:35:52.285Z] GET http://localhost:3000/_next/static/chunks/node_modules_next_dist_0tt2wve._.js → pending (?ms, ?B)
[2026-03-29T04:35:52.285Z] GET http://localhost:3000/_next/static/chunks/apps_web_app_layout_tsx_004glpo._.js → pending (?ms, ?B)
[2026-03-29T04:35:52.285Z] GET http://localhost:3000/_next/static/chunks/node_modules_next_dist_client_components_builtin_global-error_0q9a4f8.js → pending (?ms, ?B)
[2026-03-29T04:35:52.285Z] GET http://localhost:3000/_next/static/chunks/node_modules_%40aedifex_core_dist_index_0xhwgl6.js → pending (?ms, ?B)
[2026-03-29T04:35:52.286Z] GET http://localhost:3000/_next/static/chunks/node_modules_next_0ulkz5h._.js → pending (?ms, ?B)
[2026-03-29T04:35:52.286Z] GET http://localhost:3000/_next/static/chunks/node_modules_%40aedifex_core_dist_0l7.f8x._.js → pending (?ms, ?B)
[2026-03-29T04:35:52.286Z] GET http://localhost:3000/_next/static/chunks/node_modules_zod_0~w4s--._.js → pending (?ms, ?B)
[2026-03-29T04:35:52.286Z] GET http://localhost:3000/_next/static/chunks/node_modules_three_build_three_core_0qefhn6.js → pending (?ms, ?B)
[2026-03-29T04:35:52.286Z] GET http://localhost:3000/_next/static/chunks/node_modules_three_build_three_module_024z3_h.js → pending (?ms, ?B)
[2026-03-29T04:35:52.286Z] GET http://localhost:3000/_next/static/chunks/node_modules_three_build_three_webgpu_01.b56z.js → pending (?ms, ?B)
[2026-03-29T04:35:52.286Z] GET http://localhost:3000/_next/static/chunks/node_modules_three_build_three_tsl_0p90gfk.js → pending (?ms, ?B)
[2026-03-29T04:35:52.286Z] GET http://localhost:3000/_next/static/chunks/node_modules_three_build_0ozlpf0._.js → pending (?ms, ?B)
[2026-03-29T04:35:52.286Z] GET http://localhost:3000/_next/static/chunks/node_modules_three_examples_jsm_0fklzb1._.js → pending (?ms, ?B)
[2026-03-29T04:35:52.286Z] GET http://localhost:3000/_next/static/chunks/node_modules_three_src_0d0mc0p._.js → pending (?ms, ?B)
[2026-03-29T04:35:52.286Z] GET http://localhost:3000/_next/static/chunks/node_modules_%40react-three_fiber_dist_01zc48v._.js → pending (?ms, ?B)
[2026-03-29T04:35:52.286Z] GET http://localhost:3000/_next/static/chunks/node_modules_three-bvh-csg_src_0jy.4pg._.js → pending (?ms, ?B)
[2026-03-29T04:35:52.286Z] GET http://localhost:3000/_next/static/chunks/node_modules_066wwa3._.js → pending (?ms, ?B)
[2026-03-29T04:35:52.286Z] GET http://localhost:3000/_next/static/chunks/node_modules_%40aedifex_viewer_dist_13-h0wg._.js → pending (?ms, ?B)
[2026-03-29T04:35:52.286Z] GET http://localhost:3000/_next/static/chunks/node_modules_three-stdlib_00s9d_7._.js → pending (?ms, ?B)
[2026-03-29T04:35:52.286Z] GET http://localhost:3000/_next/static/chunks/_0-wbi1o._.js → pending (?ms, ?B)
[2026-03-29T04:35:52.286Z] GET http://localhost:3000/_next/static/chunks/node_modules_motion-dom_dist_es_0yvtfr6._.js → pending (?ms, ?B)
[2026-03-29T04:35:52.286Z] GET http://localhost:3000/_next/static/chunks/node_modules_framer-motion_dist_es_0u-q4w1._.js → pending (?ms, ?B)
[2026-03-29T04:35:52.286Z] GET http://localhost:3000/_next/static/chunks/node_modules_tailwind-merge_dist_bundle-mjs_mjs_0ezz.e5._.js → pending (?ms, ?B)
[2026-03-29T04:35:52.286Z] GET http://localhost:3000/_next/static/chunks/node_modules_%40aedifex_editor_src_components_ui_primitives_0p4gol2._.js → pending (?ms, ?B)
[2026-03-29T04:35:52.286Z] GET http://localhost:3000/_next/static/chunks/node_modules_%40aedifex_editor_src_components_ui_panels_014ye9i._.js → pending (?ms, ?B)
[2026-03-29T04:35:52.287Z] GET http://localhost:3000/_next/static/chunks/node_modules_%40aedifex_editor_src_components_ui_command-palette_0n50txs._.js → pending (?ms, ?B)
[2026-03-29T04:35:52.287Z] GET http://localhost:3000/_next/static/chunks/node_modules_%40aedifex_editor_src_components_ui_sidebar_0v.kivs._.js → pending (?ms, ?B)
[2026-03-29T04:35:52.287Z] GET http://localhost:3000/_next/static/chunks/node_modules_%40aedifex_editor_src_components_ui_0ryfiu4._.js → pending (?ms, ?B)
[2026-03-29T04:35:52.287Z] GET http://localhost:3000/_next/static/chunks/node_modules_%40aedifex_editor_src_components_tools_00lymai._.js → pending (?ms, ?B)
[2026-03-29T04:35:52.287Z] GET http://localhost:3000/_next/static/chunks/node_modules_%40aedifex_editor_src_components_ai_0-q1vn6._.js → pending (?ms, ?B)
[2026-03-29T04:35:52.287Z] GET http://localhost:3000/_next/static/chunks/node_modules_%40aedifex_editor_src_components_editor_0sp5ica._.js → pending (?ms, ?B)
[2026-03-29T04:35:52.287Z] GET http://localhost:3000/_next/static/chunks/node_modules_%40aedifex_editor_src_components_0zikryg._.js → pending (?ms, ?B)
[2026-03-29T04:35:52.287Z] GET http://localhost:3000/_next/static/chunks/node_modules_%40aedifex_editor_src_0g8m9sq._.js → pending (?ms, ?B)
[2026-03-29T04:35:52.287Z] GET http://localhost:3000/_next/static/chunks/node_modules_%40visual-json_react_dist_index_mjs_0yl8d61._.js → pending (?ms, ?B)
[2026-03-29T04:35:52.287Z] GET http://localhost:3000/_next/static/chunks/node_modules_%40radix-ui_07jsofp._.js → pending (?ms, ?B)
[2026-03-29T04:35:52.287Z] GET http://localhost:3000/_next/static/chunks/node_modules_%40floating-ui_04skdch._.js → pending (?ms, ?B)
[2026-03-29T04:35:52.287Z] GET http://localhost:3000/_next/static/chunks/node_modules_0j8ofz3._.js → pending (?ms, ?B)
[2026-03-29T04:35:52.287Z] GET http://localhost:3000/_next/static/chunks/apps_web_app_components_viewer-shell_tsx_0h8snuo._.js → pending (?ms, ?B)
[2026-03-29T04:35:52.287Z] GET http://localhost:3000/_next/static/chunks/apps_web_app_view_%5BshareId%5D_page_tsx_0q9a4f8._.js → pending (?ms, ?B)
[2026-03-29T04:35:52.327Z] GET http://localhost:3000/_next/image?url=%2Ficons%2Fselect.png&w=32&q=75 → 400 (424ms, 43B)
[2026-03-29T04:35:52.327Z] GET http://localhost:3000/_next/image?url=%2Ficons%2Frotate.png&w=32&q=75 → 400 (347ms, 43B)
[2026-03-29T04:35:52.327Z] GET http://localhost:3000/_next/image?url=%2Ficons%2Ftopview.png&w=32&q=75 → 400 (424ms, 43B)
[2026-03-29T04:35:52.751Z] GET http://localhost:3000/_next/static/chunks/%5Bturbopack%5D_browser_dev_hmr-client_hmr-client_ts_0yjw1oe._.js → 200 (23ms, 15461B)
[2026-03-29T04:35:52.751Z] GET http://localhost:3000/_next/static/chunks/%5Bturbopack%5D_browser_dev_hmr-client_hmr-client_ts_10mygs7._.js → 200 (23ms, 289B)
[2026-03-29T04:35:53.090Z] GET http://localhost:3000/audios/sfx/grid_snap.mp3 → 404 (192ms, 12374B)
[2026-03-29T04:35:53.091Z] GET http://localhost:3000/audios/sfx/item_delete.mp3 → 404 (193ms, 12376B)
[2026-03-29T04:35:53.091Z] GET http://localhost:3000/audios/sfx/item_pick.mp3 → 404 (193ms, 12374B)
[2026-03-29T04:35:53.091Z] GET http://localhost:3000/audios/sfx/item_place.mp3 → 404 (193ms, 12375B)
[2026-03-29T04:35:53.091Z] GET http://localhost:3000/audios/sfx/item_rotate.mp3 → 404 (196ms, 12376B)
[2026-03-29T04:35:53.091Z] GET http://localhost:3000/audios/sfx/structure_build.mp3 → 404 (196ms, 12380B)
[2026-03-29T04:35:53.091Z] GET http://localhost:3000/audios/sfx/structure_delete.mp3 → 404 (196ms, 12381B)
[2026-03-29T04:35:53.273Z] GET http://localhost:3000/icons/site.png → pending (?ms, ?B)
[2026-03-29T04:35:53.273Z] GET http://localhost:3000/icons/building.png → pending (?ms, ?B)
[2026-03-29T04:35:53.273Z] GET http://localhost:3000/icons/level.png → pending (?ms, ?B)
[2026-03-29T04:35:53.273Z] GET http://localhost:3000/icons/room.png → pending (?ms, ?B)
[2026-03-29T04:35:53.273Z] GET http://localhost:3000/icons/couch.png → pending (?ms, ?B)
[2026-03-29T04:35:53.273Z] GET http://localhost:3000/icons/kitchen.png → pending (?ms, ?B)
[2026-03-29T04:35:53.282Z] GET http://localhost:3000/_next/image?url=%2Ficons%2Fbuild.png&w=32&q=75 → pending (?ms, ?B)
[2026-03-29T04:35:53.291Z] GET https://api.iconify.design/icon-park-outline.json?icons=perspective → 200 (1ms, 399B)
[2026-03-29T04:35:53.292Z] GET https://api.iconify.design/charm.json?icons=stack-push → 200 (1ms, 347B)
[2026-03-29T04:35:53.292Z] GET https://api.iconify.design/lucide.json?icons=space%2Cx → 200 (1ms, 433B)
[2026-03-29T04:35:53.292Z] GET https://api.iconify.design/ph.json?icons=mouse-left-click-fill%2Cmouse-right-click-fill → 200 (1ms, 693B)
[2026-03-29T04:35:53.292Z] GET https://api.iconify.design/qlementine-icons.json?icons=mouse-middle-button-16 → 200 (1ms, 1094B)
[2026-03-29T04:35:53.398Z] GET http://localhost:3000/__nextjs_font/geist-latin.woff2 → 200 (?ms, 28356B)
[2026-03-29T04:35:53.400Z] POST http://localhost:3000/__nextjs_original-stack-frames → 200 (35ms, 676B)
[2026-03-29T04:35:59.235Z] GET http://localhost:3000/icons/room.png → pending (?ms, ?B)
[2026-03-29T04:35:59.235Z] GET http://localhost:3000/icons/mesh.png → pending (?ms, ?B)
[2026-03-29T04:35:59.235Z] GET http://localhost:3000/icons/floorplan.png → pending (?ms, ?B)
[2026-03-29T04:35:59.235Z] GET http://localhost:3000/icons/blueprint.png → pending (?ms, ?B)
[2026-03-29T04:35:59.235Z] GET http://localhost:3000/icons/level.png → pending (?ms, ?B)
[2026-03-29T04:35:59.235Z] GET http://localhost:3000/icons/settings.png → pending (?ms, ?B)
[2026-03-29T04:35:59.235Z] GET http://localhost:3000/icons/site.png → pending (?ms, ?B)
[2026-03-29T04:35:59.235Z] GET http://localhost:3000/icons/building.png → pending (?ms, ?B)
[2026-03-29T04:35:59.235Z] GET http://localhost:3000/icons/couch.png → pending (?ms, ?B)
[2026-03-29T04:35:59.235Z] GET http://localhost:3000/icons/kitchen.png → pending (?ms, ?B)
[2026-03-29T04:36:29.267Z] GET http://localhost:3000/api/projects/J3Q8EyT9Y7/snapshots → pending (?ms, ?B)
[2026-03-29T04:36:29.268Z] GET http://localhost:3000/api/projects/J3Q8EyT9Y7/snapshots → pending (?ms, ?B)
[2026-03-29T04:36:37.406Z] POST http://localhost:3000/api/projects/J3Q8EyT9Y7/snapshots → 201 (66ms, 1029B)
[2026-03-29T04:36:37.472Z] GET http://localhost:3000/api/projects/J3Q8EyT9Y7/snapshots → 200 (22ms, 1031B)
[2026-03-29T04:36:48.146Z] GET http://localhost:3000/icons/room.png → 404 (140ms, 3020B)
[2026-03-29T04:36:48.146Z] GET http://localhost:3000/icons/mesh.png → 404 (141ms, 3020B)
[2026-03-29T04:36:48.146Z] GET http://localhost:3000/icons/floorplan.png → 404 (142ms, 3020B)
[2026-03-29T04:36:48.146Z] GET http://localhost:3000/icons/blueprint.png → 404 (143ms, 3020B)
[2026-03-29T04:36:48.146Z] GET http://localhost:3000/icons/level.png → 404 (144ms, 3020B)
[2026-03-29T04:36:48.146Z] GET http://localhost:3000/icons/settings.png → 404 (151ms, 3020B)
[2026-03-29T04:36:48.146Z] GET http://localhost:3000/icons/site.png → 404 (209ms, ?B)
[2026-03-29T04:36:48.146Z] GET http://localhost:3000/icons/building.png → pending (?ms, ?B)
[2026-03-29T04:36:48.146Z] GET http://localhost:3000/icons/couch.png → pending (?ms, ?B)
[2026-03-29T04:36:48.146Z] GET http://localhost:3000/icons/kitchen.png → pending (?ms, ?B)
[2026-03-29T04:37:11.291Z] GET http://localhost:3000/dashboard → 200 (58ms, 19663B)
[2026-03-29T04:37:11.355Z] GET http://localhost:3000/_next/static/chunks/apps_web_app_globals_0xyo3ls.css → 304 (7ms, ?B)
[2026-03-29T04:37:11.355Z] GET http://localhost:3000/_next/static/chunks/%5Bturbopack%5D_browser_dev_hmr-client_hmr-client_ts_10z625~._.js → pending (?ms, ?B)
[2026-03-29T04:37:11.355Z] GET http://localhost:3000/_next/static/chunks/node_modules_next_dist_compiled_next-devtools_index_0553esy.js → pending (?ms, ?B)
[2026-03-29T04:37:11.355Z] GET http://localhost:3000/_next/static/chunks/node_modules_next_dist_compiled_react-dom_058-ah~._.js → pending (?ms, ?B)
[2026-03-29T04:37:11.355Z] GET http://localhost:3000/_next/static/chunks/node_modules_next_dist_compiled_react-server-dom-turbopack_0p3wegg._.js → pending (?ms, ?B)
[2026-03-29T04:37:11.355Z] GET http://localhost:3000/_next/static/chunks/node_modules_next_dist_compiled_0rpq4pf._.js → pending (?ms, ?B)
[2026-03-29T04:37:11.356Z] GET http://localhost:3000/_next/static/chunks/node_modules_next_dist_client_0fhqo1d._.js → pending (?ms, ?B)
[2026-03-29T04:37:11.356Z] GET http://localhost:3000/_next/static/chunks/node_modules_next_dist_115brz8._.js → pending (?ms, ?B)
[2026-03-29T04:37:11.356Z] GET http://localhost:3000/_next/static/chunks/node_modules_%40swc_helpers_cjs_0-4ujiy._.js → pending (?ms, ?B)
[2026-03-29T04:37:11.356Z] GET http://localhost:3000/_next/static/chunks/apps_web_0rqeker._.js → pending (?ms, ?B)
[2026-03-29T04:37:11.356Z] GET http://localhost:3000/_next/static/chunks/turbopack-apps_web_0p44nws._.js → pending (?ms, ?B)
[2026-03-29T04:37:11.356Z] GET http://localhost:3000/_next/static/chunks/node_modules_next_dist_0tt2wve._.js → pending (?ms, ?B)
[2026-03-29T04:37:11.356Z] GET http://localhost:3000/_next/static/chunks/apps_web_app_layout_tsx_004glpo._.js → pending (?ms, ?B)
[2026-03-29T04:37:11.357Z] GET http://localhost:3000/_next/static/chunks/node_modules_next_dist_client_components_builtin_global-error_0q9a4f8.js → pending (?ms, ?B)
[2026-03-29T04:37:11.357Z] GET http://localhost:3000/_next/static/chunks/_03p8es7._.js → pending (?ms, ?B)
[2026-03-29T04:37:11.357Z] GET http://localhost:3000/_next/static/chunks/_0om3g16._.js → pending (?ms, ?B)
[2026-03-29T04:37:11.357Z] GET http://localhost:3000/_next/static/chunks/apps_web_app_dashboard_layout_tsx_0q9a4f8._.js → pending (?ms, ?B)
[2026-03-29T04:37:11.357Z] GET http://localhost:3000/_next/static/chunks/apps_web_0q812xr._.js → pending (?ms, ?B)
[2026-03-29T04:37:11.357Z] GET http://localhost:3000/_next/static/chunks/apps_web_app_dashboard_page_tsx_00jkz0g._.js → pending (?ms, ?B)
[2026-03-29T04:37:11.489Z] GET http://localhost:3000/_next/static/chunks/%5Bturbopack%5D_browser_dev_hmr-client_hmr-client_ts_0yjw1oe._.js → 200 (15ms, 15461B)
[2026-03-29T04:37:11.489Z] GET http://localhost:3000/_next/static/chunks/%5Bturbopack%5D_browser_dev_hmr-client_hmr-client_ts_10mygs7._.js → 200 (28ms, 289B)
[2026-03-29T04:37:11.517Z] GET http://localhost:3000/__nextjs_font/geist-latin.woff2 → 200 (?ms, ?B)
[2026-03-29T04:37:11.518Z] GET http://localhost:3000/__nextjs_font/geist-mono-latin.woff2 → 200 (?ms, ?B)
[2026-03-29T04:39:11.941Z] GET http://localhost:3000/api/stripe/checkout → 405 (8ms, ?B)
[2026-03-29T04:42:57.209Z] GET http://localhost:3000/login → 307 (54ms, ?B)
[2026-03-29T04:42:57.263Z] GET http://localhost:3000/dashboard → 200 (128ms, 19663B)
[2026-03-29T04:42:57.447Z] GET http://localhost:3000/_next/static/chunks/apps_web_app_globals_0xyo3ls.css → 200 (6ms, 170566B)
[2026-03-29T04:42:57.447Z] GET http://localhost:3000/_next/static/chunks/%5Bturbopack%5D_browser_dev_hmr-client_hmr-client_ts_10z625~._.js → 200 (6ms, 675B)
[2026-03-29T04:42:57.447Z] GET http://localhost:3000/_next/static/chunks/node_modules_next_dist_compiled_next-devtools_index_0553esy.js → 200 (48ms, 746592B)
[2026-03-29T04:42:57.447Z] GET http://localhost:3000/_next/static/chunks/node_modules_next_dist_compiled_react-dom_058-ah~._.js → 200 (48ms, 1057980B)
[2026-03-29T04:42:57.447Z] GET http://localhost:3000/_next/static/chunks/node_modules_next_dist_compiled_react-server-dom-turbopack_0p3wegg._.js → 200 (48ms, 174634B)
[2026-03-29T04:42:57.447Z] GET http://localhost:3000/_next/static/chunks/node_modules_next_dist_compiled_0rpq4pf._.js → 200 (49ms, 144344B)
[2026-03-29T04:42:57.447Z] GET http://localhost:3000/_next/static/chunks/node_modules_next_dist_client_0fhqo1d._.js → 200 (66ms, 742815B)
[2026-03-29T04:42:57.450Z] GET http://localhost:3000/_next/static/chunks/node_modules_next_dist_115brz8._.js → 200 (46ms, 246103B)
[2026-03-29T04:42:57.451Z] GET http://localhost:3000/_next/static/chunks/node_modules_%40swc_helpers_cjs_0-4ujiy._.js → 200 (45ms, 1984B)
[2026-03-29T04:42:57.451Z] GET http://localhost:3000/_next/static/chunks/apps_web_0rqeker._.js → 200 (45ms, 756B)
[2026-03-29T04:42:57.451Z] GET http://localhost:3000/_next/static/chunks/turbopack-apps_web_0p44nws._.js → 200 (63ms, 91093B)
[2026-03-29T04:42:57.451Z] GET http://localhost:3000/_next/static/chunks/node_modules_next_dist_0tt2wve._.js → 200 (64ms, 208717B)
[2026-03-29T04:42:57.451Z] GET http://localhost:3000/_next/static/chunks/apps_web_app_layout_tsx_004glpo._.js → 200 (64ms, 312B)
[2026-03-29T04:42:57.451Z] GET http://localhost:3000/_next/static/chunks/node_modules_next_dist_client_components_builtin_global-error_0q9a4f8.js → 200 (64ms, 212B)
[2026-03-29T04:42:57.451Z] GET http://localhost:3000/_next/static/chunks/_03p8es7._.js → 200 (65ms, 184270B)
[2026-03-29T04:42:57.451Z] GET http://localhost:3000/_next/static/chunks/_0om3g16._.js → 200 (64ms, 19429B)
[2026-03-29T04:42:57.451Z] GET http://localhost:3000/_next/static/chunks/apps_web_app_dashboard_layout_tsx_0q9a4f8._.js → 200 (65ms, 271B)
[2026-03-29T04:42:57.451Z] GET http://localhost:3000/_next/static/chunks/apps_web_0q812xr._.js → 200 (65ms, 59977B)
[2026-03-29T04:42:57.452Z] GET http://localhost:3000/_next/static/chunks/apps_web_app_dashboard_page_tsx_00jkz0g._.js → 200 (64ms, 249B)
[2026-03-29T04:42:57.590Z] GET http://localhost:3000/_next/static/chunks/%5Bturbopack%5D_browser_dev_hmr-client_hmr-client_ts_0yjw1oe._.js → 200 (30ms, 15461B)
[2026-03-29T04:42:57.592Z] GET http://localhost:3000/_next/static/chunks/%5Bturbopack%5D_browser_dev_hmr-client_hmr-client_ts_10mygs7._.js → 200 (27ms, 289B)
[2026-03-29T04:42:57.627Z] GET http://localhost:3000/__nextjs_font/geist-latin.woff2 → 200 (1ms, ?B)
[2026-03-29T04:42:57.628Z] GET http://localhost:3000/__nextjs_font/geist-mono-latin.woff2 → 200 (?ms, ?B)
[2026-03-29T04:43:19.288Z] POST http://localhost:3000/api/auth/sign-out → 200 (40ms, 16B)
[2026-03-29T04:43:19.333Z] GET http://localhost:3000/login?_rsc=1989a → 200 (15ms, 5319B)
[2026-03-29T04:43:19.350Z] GET http://localhost:3000/_next/static/chunks/_0b6t67q._.js → 200 (7ms, 179730B)
[2026-03-29T04:43:19.351Z] GET http://localhost:3000/_next/static/chunks/_0pwf4qe._.js → 200 (6ms, 12993B)
[2026-03-29T04:43:19.351Z] GET http://localhost:3000/_next/static/chunks/apps_web_app_login_page_tsx_0q9a4f8._.js → 200 (6ms, 271B)
[2026-03-29T04:43:19.377Z] GET http://localhost:3000/_next/static/chunks/_0b6t67q._.js → 304 (2ms, ?B)
[2026-03-29T04:43:19.377Z] GET http://localhost:3000/_next/static/chunks/_0pwf4qe._.js → 304 (2ms, ?B)
[2026-03-29T04:43:19.377Z] GET http://localhost:3000/_next/static/chunks/apps_web_app_login_page_tsx_0q9a4f8._.js → 304 (2ms, ?B)
[2026-03-29T04:43:31.748Z] GET http://localhost:3000/register → 200 (45ms, 14765B)
[2026-03-29T04:43:31.801Z] GET http://localhost:3000/_next/static/chunks/apps_web_app_globals_0xyo3ls.css → 200 (4ms, 170566B)
[2026-03-29T04:43:31.801Z] GET http://localhost:3000/_next/static/chunks/%5Bturbopack%5D_browser_dev_hmr-client_hmr-client_ts_10z625~._.js → 200 (12ms, 675B)
[2026-03-29T04:43:31.801Z] GET http://localhost:3000/_next/static/chunks/node_modules_next_dist_compiled_next-devtools_index_0553esy.js → 200 (31ms, 746592B)
[2026-03-29T04:43:31.801Z] GET http://localhost:3000/_next/static/chunks/node_modules_next_dist_compiled_react-dom_058-ah~._.js → 200 (34ms, 1057980B)
[2026-03-29T04:43:31.801Z] GET http://localhost:3000/_next/static/chunks/node_modules_next_dist_compiled_react-server-dom-turbopack_0p3wegg._.js → 200 (30ms, 174634B)
[2026-03-29T04:43:31.801Z] GET http://localhost:3000/_next/static/chunks/node_modules_next_dist_compiled_0rpq4pf._.js → 200 (17ms, 144344B)
[2026-03-29T04:43:31.801Z] GET http://localhost:3000/_next/static/chunks/node_modules_next_dist_client_0fhqo1d._.js → 200 (60ms, 742815B)
[2026-03-29T04:43:31.801Z] GET http://localhost:3000/_next/static/chunks/node_modules_next_dist_115brz8._.js → 200 (35ms, 246103B)
[2026-03-29T04:43:31.801Z] GET http://localhost:3000/_next/static/chunks/node_modules_%40swc_helpers_cjs_0-4ujiy._.js → 200 (34ms, 1984B)
[2026-03-29T04:43:31.801Z] GET http://localhost:3000/_next/static/chunks/apps_web_0rqeker._.js → 200 (34ms, 756B)
[2026-03-29T04:43:31.801Z] GET http://localhost:3000/_next/static/chunks/turbopack-apps_web_0p44nws._.js → 200 (52ms, 91093B)
[2026-03-29T04:43:31.801Z] GET http://localhost:3000/_next/static/chunks/node_modules_next_dist_0tt2wve._.js → 200 (57ms, 208717B)
[2026-03-29T04:43:31.801Z] GET http://localhost:3000/_next/static/chunks/apps_web_app_layout_tsx_004glpo._.js → 200 (61ms, 312B)
[2026-03-29T04:43:31.801Z] GET http://localhost:3000/_next/static/chunks/_0b6t67q._.js → 200 (61ms, 179730B)
[2026-03-29T04:43:31.801Z] GET http://localhost:3000/_next/static/chunks/_0wnatf4._.js → 200 (61ms, 15023B)
[2026-03-29T04:43:31.801Z] GET http://localhost:3000/_next/static/chunks/apps_web_app_register_page_tsx_0q9a4f8._.js → 200 (61ms, 271B)
[2026-03-29T04:43:31.801Z] GET http://localhost:3000/_next/static/chunks/node_modules_next_dist_client_components_builtin_global-error_0q9a4f8.js → 200 (61ms, 212B)
[2026-03-29T04:43:31.880Z] GET http://localhost:3000/_next/static/chunks/%5Bturbopack%5D_browser_dev_hmr-client_hmr-client_ts_0yjw1oe._.js → 200 (20ms, 15461B)
[2026-03-29T04:43:31.880Z] GET http://localhost:3000/_next/static/chunks/%5Bturbopack%5D_browser_dev_hmr-client_hmr-client_ts_10mygs7._.js → 200 (20ms, 289B)
[2026-03-29T04:43:31.906Z] GET http://localhost:3000/__nextjs_font/geist-latin.woff2 → 200 (?ms, ?B)
[2026-03-29T04:43:31.906Z] GET http://localhost:3000/__nextjs_font/geist-mono-latin.woff2 → 200 (?ms, ?B)
[2026-03-29T04:43:40.377Z] POST http://localhost:3000/api/auth/sign-up/email → pending (?ms, ?B)
[2026-03-29T04:43:41.894Z] GET http://localhost:3000/dashboard?_rsc=14qcf → 200 (23ms, 5570B)
[2026-03-29T04:43:41.954Z] GET http://localhost:3000/_next/static/chunks/_03p8es7._.js → 200 (7ms, 184270B)
[2026-03-29T04:43:41.954Z] GET http://localhost:3000/_next/static/chunks/_0om3g16._.js → 200 (7ms, 19429B)
[2026-03-29T04:43:41.954Z] GET http://localhost:3000/_next/static/chunks/apps_web_app_dashboard_layout_tsx_0q9a4f8._.js → 200 (8ms, 271B)
[2026-03-29T04:43:41.963Z] GET http://localhost:3000/_next/static/chunks/apps_web_0q812xr._.js → 200 (7ms, 59977B)
[2026-03-29T04:43:41.963Z] GET http://localhost:3000/_next/static/chunks/apps_web_app_dashboard_page_tsx_00jkz0g._.js → 200 (7ms, 249B)
[2026-03-29T04:43:41.982Z] GET http://localhost:3000/_next/static/chunks/_03p8es7._.js → 304 (1ms, ?B)
[2026-03-29T04:43:41.982Z] GET http://localhost:3000/_next/static/chunks/_0om3g16._.js → 304 (5ms, ?B)
[2026-03-29T04:43:41.982Z] GET http://localhost:3000/_next/static/chunks/apps_web_app_dashboard_layout_tsx_0q9a4f8._.js → 304 (5ms, ?B)
[2026-03-29T04:43:41.982Z] GET http://localhost:3000/_next/static/chunks/apps_web_0q812xr._.js → 304 (5ms, ?B)
[2026-03-29T04:43:41.983Z] GET http://localhost:3000/_next/static/chunks/apps_web_app_dashboard_page_tsx_00jkz0g._.js → 304 (4ms, ?B)
[2026-03-29T04:43:54.344Z] POST http://localhost:3000/api/auth/sign-out → 415 (10ms, 103B)
[2026-03-29T04:43:55.429Z] GET http://localhost:3000/register → 307 (3ms, ?B)
[2026-03-29T04:43:55.433Z] GET http://localhost:3000/dashboard → 200 (38ms, 16138B)
[2026-03-29T04:43:55.474Z] GET http://localhost:3000/_next/static/chunks/apps_web_app_globals_0xyo3ls.css → 304 (3ms, ?B)
[2026-03-29T04:43:55.475Z] GET http://localhost:3000/_next/static/chunks/%5Bturbopack%5D_browser_dev_hmr-client_hmr-client_ts_10z625~._.js → 304 (4ms, ?B)
[2026-03-29T04:43:55.476Z] GET http://localhost:3000/_next/static/chunks/node_modules_next_dist_compiled_next-devtools_index_0553esy.js → 304 (3ms, ?B)
[2026-03-29T04:43:55.476Z] GET http://localhost:3000/_next/static/chunks/node_modules_next_dist_compiled_react-dom_058-ah~._.js → 304 (13ms, ?B)
[2026-03-29T04:43:55.476Z] GET http://localhost:3000/_next/static/chunks/node_modules_next_dist_compiled_react-server-dom-turbopack_0p3wegg._.js → 304 (14ms, ?B)
[2026-03-29T04:43:55.476Z] GET http://localhost:3000/_next/static/chunks/node_modules_next_dist_compiled_0rpq4pf._.js → 304 (13ms, ?B)
[2026-03-29T04:43:55.476Z] GET http://localhost:3000/_next/static/chunks/node_modules_next_dist_client_0fhqo1d._.js → 304 (14ms, ?B)
[2026-03-29T04:43:55.476Z] GET http://localhost:3000/_next/static/chunks/node_modules_next_dist_115brz8._.js → 304 (14ms, ?B)
[2026-03-29T04:43:55.476Z] GET http://localhost:3000/_next/static/chunks/node_modules_%40swc_helpers_cjs_0-4ujiy._.js → 304 (17ms, ?B)
[2026-03-29T04:43:55.476Z] GET http://localhost:3000/_next/static/chunks/apps_web_0rqeker._.js → 304 (14ms, ?B)
[2026-03-29T04:43:55.476Z] GET http://localhost:3000/_next/static/chunks/turbopack-apps_web_0p44nws._.js → 304 (14ms, ?B)
[2026-03-29T04:43:55.476Z] GET http://localhost:3000/_next/static/chunks/node_modules_next_dist_0tt2wve._.js → 304 (17ms, ?B)
[2026-03-29T04:43:55.476Z] GET http://localhost:3000/_next/static/chunks/apps_web_app_layout_tsx_004glpo._.js → 304 (17ms, ?B)
[2026-03-29T04:43:55.476Z] GET http://localhost:3000/_next/static/chunks/node_modules_next_dist_client_components_builtin_global-error_0q9a4f8.js → 304 (17ms, ?B)
[2026-03-29T04:43:55.476Z] GET http://localhost:3000/_next/static/chunks/_03p8es7._.js → 304 (17ms, ?B)
[2026-03-29T04:43:55.476Z] GET http://localhost:3000/_next/static/chunks/_0om3g16._.js → 304 (17ms, ?B)
[2026-03-29T04:43:55.476Z] GET http://localhost:3000/_next/static/chunks/apps_web_app_dashboard_layout_tsx_0q9a4f8._.js → 304 (18ms, ?B)
[2026-03-29T04:43:55.476Z] GET http://localhost:3000/_next/static/chunks/apps_web_0q812xr._.js → 304 (29ms, ?B)
[2026-03-29T04:43:55.476Z] GET http://localhost:3000/_next/static/chunks/apps_web_app_dashboard_page_tsx_00jkz0g._.js → 304 (29ms, ?B)
[2026-03-29T04:43:55.504Z] GET http://localhost:3000/_next/static/chunks/%5Bturbopack%5D_browser_dev_hmr-client_hmr-client_ts_0yjw1oe._.js → 304 (3ms, ?B)
[2026-03-29T04:43:55.504Z] GET http://localhost:3000/_next/static/chunks/%5Bturbopack%5D_browser_dev_hmr-client_hmr-client_ts_10mygs7._.js → 304 (4ms, ?B)
[2026-03-29T04:43:55.513Z] GET http://localhost:3000/__nextjs_font/geist-latin.woff2 → 200 (1ms, ?B)
[2026-03-29T04:43:55.514Z] GET http://localhost:3000/__nextjs_font/geist-mono-latin.woff2 → 200 (?ms, ?B)
[2026-03-29T04:44:01.794Z] POST http://localhost:3000/api/auth/sign-out → 200 (19ms, 16B)
[2026-03-29T04:44:02.898Z] GET http://localhost:3000/register → 200 (31ms, 14765B)
[2026-03-29T04:44:02.932Z] GET http://localhost:3000/_next/static/chunks/apps_web_app_globals_0xyo3ls.css → 304 (6ms, ?B)
[2026-03-29T04:44:02.932Z] GET http://localhost:3000/_next/static/chunks/%5Bturbopack%5D_browser_dev_hmr-client_hmr-client_ts_10z625~._.js → 200 (6ms, 675B)
[2026-03-29T04:44:02.933Z] GET http://localhost:3000/_next/static/chunks/node_modules_next_dist_compiled_next-devtools_index_0553esy.js → 200 (22ms, 746592B)
[2026-03-29T04:44:02.933Z] GET http://localhost:3000/_next/static/chunks/node_modules_next_dist_compiled_react-dom_058-ah~._.js → 200 (22ms, 1057980B)
[2026-03-29T04:44:02.933Z] GET http://localhost:3000/_next/static/chunks/node_modules_next_dist_compiled_react-server-dom-turbopack_0p3wegg._.js → 200 (12ms, 174634B)
[2026-03-29T04:44:02.936Z] GET http://localhost:3000/_next/static/chunks/node_modules_next_dist_compiled_0rpq4pf._.js → 200 (5ms, 144344B)
[2026-03-29T04:44:02.936Z] GET http://localhost:3000/_next/static/chunks/node_modules_next_dist_client_0fhqo1d._.js → 200 (17ms, 742815B)
[2026-03-29T04:44:02.936Z] GET http://localhost:3000/_next/static/chunks/node_modules_next_dist_115brz8._.js → 200 (19ms, 246103B)
[2026-03-29T04:44:02.936Z] GET http://localhost:3000/_next/static/chunks/node_modules_%40swc_helpers_cjs_0-4ujiy._.js → 200 (19ms, 1984B)
[2026-03-29T04:44:02.937Z] GET http://localhost:3000/_next/static/chunks/apps_web_0rqeker._.js → 200 (18ms, 756B)
[2026-03-29T04:44:02.937Z] GET http://localhost:3000/_next/static/chunks/turbopack-apps_web_0p44nws._.js → 200 (19ms, 91093B)
[2026-03-29T04:44:02.937Z] GET http://localhost:3000/_next/static/chunks/node_modules_next_dist_0tt2wve._.js → 200 (27ms, 208717B)
[2026-03-29T04:44:02.937Z] GET http://localhost:3000/_next/static/chunks/apps_web_app_layout_tsx_004glpo._.js → 200 (26ms, 312B)
[2026-03-29T04:44:02.937Z] GET http://localhost:3000/_next/static/chunks/_0b6t67q._.js → 200 (64ms, 179730B)
[2026-03-29T04:44:02.937Z] GET http://localhost:3000/_next/static/chunks/_0wnatf4._.js → 200 (65ms, 15023B)
[2026-03-29T04:44:02.937Z] GET http://localhost:3000/_next/static/chunks/apps_web_app_register_page_tsx_0q9a4f8._.js → 200 (65ms, 271B)
[2026-03-29T04:44:02.937Z] GET http://localhost:3000/_next/static/chunks/node_modules_next_dist_client_components_builtin_global-error_0q9a4f8.js → 200 (66ms, 212B)
[2026-03-29T04:44:02.963Z] GET http://localhost:3000/_next/static/chunks/%5Bturbopack%5D_browser_dev_hmr-client_hmr-client_ts_0yjw1oe._.js → 200 (47ms, 15461B)
[2026-03-29T04:44:02.963Z] GET http://localhost:3000/_next/static/chunks/%5Bturbopack%5D_browser_dev_hmr-client_hmr-client_ts_10mygs7._.js → 200 (47ms, 289B)
[2026-03-29T04:44:03.004Z] GET http://localhost:3000/__nextjs_font/geist-latin.woff2 → 200 (?ms, ?B)
[2026-03-29T04:44:03.004Z] GET http://localhost:3000/__nextjs_font/geist-mono-latin.woff2 → 200 (?ms, ?B)
[2026-03-29T04:44:09.770Z] POST http://localhost:3000/api/auth/sign-up/email → pending (?ms, ?B)
[2026-03-29T04:44:11.023Z] GET http://localhost:3000/dashboard?_rsc=14qcf → 200 (18ms, 5566B)
[2026-03-29T04:44:11.072Z] GET http://localhost:3000/_next/static/chunks/_03p8es7._.js → 200 (16ms, 184270B)
[2026-03-29T04:44:11.072Z] GET http://localhost:3000/_next/static/chunks/_0om3g16._.js → 200 (15ms, 19429B)
[2026-03-29T04:44:11.072Z] GET http://localhost:3000/_next/static/chunks/apps_web_app_dashboard_layout_tsx_0q9a4f8._.js → 200 (16ms, 271B)
[2026-03-29T04:44:11.083Z] GET http://localhost:3000/_next/static/chunks/apps_web_0q812xr._.js → 200 (6ms, 59977B)
[2026-03-29T04:44:11.083Z] GET http://localhost:3000/_next/static/chunks/apps_web_app_dashboard_page_tsx_00jkz0g._.js → 200 (8ms, 249B)
[2026-03-29T04:44:11.111Z] GET http://localhost:3000/_next/static/chunks/_03p8es7._.js → 304 (2ms, ?B)
[2026-03-29T04:44:11.112Z] GET http://localhost:3000/_next/static/chunks/_0om3g16._.js → 304 (2ms, ?B)
[2026-03-29T04:44:11.112Z] GET http://localhost:3000/_next/static/chunks/apps_web_app_dashboard_layout_tsx_0q9a4f8._.js → 304 (2ms, ?B)
[2026-03-29T04:44:11.113Z] GET http://localhost:3000/_next/static/chunks/apps_web_0q812xr._.js → 304 (1ms, ?B)
[2026-03-29T04:44:11.113Z] GET http://localhost:3000/_next/static/chunks/apps_web_app_dashboard_page_tsx_00jkz0g._.js → 304 (1ms, ?B)
[2026-03-29T04:44:17.389Z] GET http://localhost:3000/api/auth/get-session → 200 (11ms, 713B)
[2026-03-29T04:44:21.633Z] GET http://localhost:3000/api/auth/get-session → 200 (10ms, 713B)
[2026-03-29T04:44:58.538Z] POST http://localhost:3000/api/auth/sign-out → 200 (30ms, 16B)
[2026-03-29T04:44:59.657Z] GET http://localhost:3000/register → 200 (32ms, 14765B)
[2026-03-29T04:44:59.695Z] GET http://localhost:3000/_next/static/chunks/apps_web_app_globals_0xyo3ls.css → 304 (2ms, ?B)
[2026-03-29T04:44:59.695Z] GET http://localhost:3000/_next/static/chunks/%5Bturbopack%5D_browser_dev_hmr-client_hmr-client_ts_10z625~._.js → 200 (5ms, 675B)
[2026-03-29T04:44:59.695Z] GET http://localhost:3000/_next/static/chunks/node_modules_next_dist_compiled_next-devtools_index_0553esy.js → 200 (24ms, 746592B)
[2026-03-29T04:44:59.695Z] GET http://localhost:3000/_next/static/chunks/node_modules_next_dist_compiled_react-dom_058-ah~._.js → 200 (23ms, 1057980B)
[2026-03-29T04:44:59.696Z] GET http://localhost:3000/_next/static/chunks/node_modules_next_dist_compiled_react-server-dom-turbopack_0p3wegg._.js → 200 (21ms, 174634B)
[2026-03-29T04:44:59.696Z] GET http://localhost:3000/_next/static/chunks/node_modules_next_dist_compiled_0rpq4pf._.js → 200 (9ms, 144344B)
[2026-03-29T04:44:59.696Z] GET http://localhost:3000/_next/static/chunks/node_modules_next_dist_client_0fhqo1d._.js → 200 (23ms, 742815B)
[2026-03-29T04:44:59.696Z] GET http://localhost:3000/_next/static/chunks/node_modules_next_dist_115brz8._.js → 200 (22ms, 246103B)
[2026-03-29T04:44:59.696Z] GET http://localhost:3000/_next/static/chunks/node_modules_%40swc_helpers_cjs_0-4ujiy._.js → 200 (24ms, 1984B)
[2026-03-29T04:44:59.696Z] GET http://localhost:3000/_next/static/chunks/apps_web_0rqeker._.js → 200 (23ms, 756B)
[2026-03-29T04:44:59.696Z] GET http://localhost:3000/_next/static/chunks/turbopack-apps_web_0p44nws._.js → 200 (24ms, 91093B)
[2026-03-29T04:44:59.696Z] GET http://localhost:3000/_next/static/chunks/node_modules_next_dist_0tt2wve._.js → 200 (32ms, 208717B)
[2026-03-29T04:44:59.696Z] GET http://localhost:3000/_next/static/chunks/apps_web_app_layout_tsx_004glpo._.js → 200 (32ms, 312B)
[2026-03-29T04:44:59.696Z] GET http://localhost:3000/_next/static/chunks/_0b6t67q._.js → 200 (73ms, 179730B)
[2026-03-29T04:44:59.696Z] GET http://localhost:3000/_next/static/chunks/_0wnatf4._.js → 200 (45ms, 15023B)
[2026-03-29T04:44:59.696Z] GET http://localhost:3000/_next/static/chunks/apps_web_app_register_page_tsx_0q9a4f8._.js → 200 (45ms, 271B)
[2026-03-29T04:44:59.696Z] GET http://localhost:3000/_next/static/chunks/node_modules_next_dist_client_components_builtin_global-error_0q9a4f8.js → 200 (45ms, 212B)
[2026-03-29T04:44:59.728Z] GET http://localhost:3000/_next/static/chunks/%5Bturbopack%5D_browser_dev_hmr-client_hmr-client_ts_0yjw1oe._.js → 200 (45ms, 15461B)
[2026-03-29T04:44:59.728Z] GET http://localhost:3000/_next/static/chunks/%5Bturbopack%5D_browser_dev_hmr-client_hmr-client_ts_10mygs7._.js → 200 (45ms, 289B)
[2026-03-29T04:44:59.775Z] GET http://localhost:3000/__nextjs_font/geist-latin.woff2 → 200 (?ms, ?B)
[2026-03-29T04:44:59.775Z] GET http://localhost:3000/__nextjs_font/geist-mono-latin.woff2 → 200 (?ms, ?B)
[2026-03-29T04:45:01.004Z] POST http://localhost:3000/api/auth/sign-up/email → pending (?ms, ?B)
[2026-03-29T04:45:02.256Z] GET http://localhost:3000/dashboard?_rsc=14qcf → 200 (13ms, 5578B)
[2026-03-29T04:45:02.297Z] GET http://localhost:3000/_next/static/chunks/_03p8es7._.js → 200 (12ms, 184270B)
[2026-03-29T04:45:02.297Z] GET http://localhost:3000/_next/static/chunks/_0om3g16._.js → 200 (7ms, 19429B)
[2026-03-29T04:45:02.297Z] GET http://localhost:3000/_next/static/chunks/apps_web_app_dashboard_layout_tsx_0q9a4f8._.js → 200 (11ms, 271B)
[2026-03-29T04:45:02.309Z] GET http://localhost:3000/_next/static/chunks/apps_web_0q812xr._.js → 200 (3ms, 59977B)
[2026-03-29T04:45:02.309Z] GET http://localhost:3000/_next/static/chunks/apps_web_app_dashboard_page_tsx_00jkz0g._.js → 200 (2ms, 249B)
[2026-03-29T04:45:02.327Z] GET http://localhost:3000/_next/static/chunks/_03p8es7._.js → 304 (1ms, ?B)
[2026-03-29T04:45:02.327Z] GET http://localhost:3000/_next/static/chunks/_0om3g16._.js → 304 (1ms, ?B)
[2026-03-29T04:45:02.327Z] GET http://localhost:3000/_next/static/chunks/apps_web_app_dashboard_layout_tsx_0q9a4f8._.js → 304 (1ms, ?B)
[2026-03-29T04:45:02.327Z] GET http://localhost:3000/_next/static/chunks/apps_web_0q812xr._.js → 304 (1ms, ?B)
[2026-03-29T04:45:02.328Z] GET http://localhost:3000/_next/static/chunks/apps_web_app_dashboard_page_tsx_00jkz0g._.js → 304 (1ms, ?B)
[2026-03-29T04:45:08.260Z] POST http://localhost:3000/api/auth/sign-out → 200 (29ms, 16B)
[2026-03-29T04:45:09.375Z] GET http://localhost:3000/register → 200 (24ms, 14765B)
[2026-03-29T04:45:09.403Z] GET http://localhost:3000/_next/static/chunks/apps_web_app_globals_0xyo3ls.css → 304 (2ms, ?B)
[2026-03-29T04:45:09.404Z] GET http://localhost:3000/_next/static/chunks/%5Bturbopack%5D_browser_dev_hmr-client_hmr-client_ts_10z625~._.js → 304 (4ms, ?B)
[2026-03-29T04:45:09.404Z] GET http://localhost:3000/_next/static/chunks/node_modules_next_dist_compiled_next-devtools_index_0553esy.js → 304 (4ms, ?B)
[2026-03-29T04:45:09.404Z] GET http://localhost:3000/_next/static/chunks/node_modules_next_dist_compiled_react-dom_058-ah~._.js → 304 (11ms, ?B)
[2026-03-29T04:45:09.404Z] GET http://localhost:3000/_next/static/chunks/node_modules_next_dist_compiled_react-server-dom-turbopack_0p3wegg._.js → 304 (11ms, ?B)
[2026-03-29T04:45:09.404Z] GET http://localhost:3000/_next/static/chunks/node_modules_next_dist_compiled_0rpq4pf._.js → 304 (11ms, ?B)
[2026-03-29T04:45:09.404Z] GET http://localhost:3000/_next/static/chunks/node_modules_next_dist_client_0fhqo1d._.js → 304 (12ms, ?B)
[2026-03-29T04:45:09.404Z] GET http://localhost:3000/_next/static/chunks/node_modules_next_dist_115brz8._.js → 304 (13ms, ?B)
[2026-03-29T04:45:09.404Z] GET http://localhost:3000/_next/static/chunks/node_modules_%40swc_helpers_cjs_0-4ujiy._.js → 304 (18ms, ?B)
[2026-03-29T04:45:09.404Z] GET http://localhost:3000/_next/static/chunks/apps_web_0rqeker._.js → 304 (18ms, ?B)
[2026-03-29T04:45:09.404Z] GET http://localhost:3000/_next/static/chunks/turbopack-apps_web_0p44nws._.js → 304 (18ms, ?B)
[2026-03-29T04:45:09.404Z] GET http://localhost:3000/_next/static/chunks/node_modules_next_dist_0tt2wve._.js → 304 (18ms, ?B)
[2026-03-29T04:45:09.404Z] GET http://localhost:3000/_next/static/chunks/apps_web_app_layout_tsx_004glpo._.js → 304 (19ms, ?B)
[2026-03-29T04:45:09.404Z] GET http://localhost:3000/_next/static/chunks/_0b6t67q._.js → 304 (19ms, ?B)
[2026-03-29T04:45:09.404Z] GET http://localhost:3000/_next/static/chunks/_0wnatf4._.js → 304 (19ms, ?B)
[2026-03-29T04:45:09.404Z] GET http://localhost:3000/_next/static/chunks/apps_web_app_register_page_tsx_0q9a4f8._.js → 304 (29ms, ?B)
[2026-03-29T04:45:09.404Z] GET http://localhost:3000/_next/static/chunks/node_modules_next_dist_client_components_builtin_global-error_0q9a4f8.js → 304 (30ms, ?B)
[2026-03-29T04:45:09.433Z] GET http://localhost:3000/_next/static/chunks/%5Bturbopack%5D_browser_dev_hmr-client_hmr-client_ts_0yjw1oe._.js → 304 (6ms, ?B)
[2026-03-29T04:45:09.433Z] GET http://localhost:3000/_next/static/chunks/%5Bturbopack%5D_browser_dev_hmr-client_hmr-client_ts_10mygs7._.js → 304 (6ms, ?B)
[2026-03-29T04:45:09.437Z] GET http://localhost:3000/__nextjs_font/geist-latin.woff2 → 200 (?ms, ?B)
[2026-03-29T04:45:09.438Z] GET http://localhost:3000/__nextjs_font/geist-mono-latin.woff2 → 200 (?ms, ?B)
[2026-03-29T04:45:10.687Z] POST http://localhost:3000/api/auth/sign-up/email → pending (?ms, ?B)
[2026-03-29T04:45:11.924Z] GET http://localhost:3000/dashboard?_rsc=14qcf → 200 (12ms, 5572B)
[2026-03-29T04:45:11.961Z] GET http://localhost:3000/_next/static/chunks/_03p8es7._.js → 304 (7ms, ?B)
[2026-03-29T04:45:11.961Z] GET http://localhost:3000/_next/static/chunks/_0om3g16._.js → 304 (8ms, ?B)
[2026-03-29T04:45:11.961Z] GET http://localhost:3000/_next/static/chunks/apps_web_app_dashboard_layout_tsx_0q9a4f8._.js → 304 (9ms, ?B)
[2026-03-29T04:45:11.971Z] GET http://localhost:3000/_next/static/chunks/apps_web_0q812xr._.js → 304 (1ms, ?B)
[2026-03-29T04:45:11.971Z] GET http://localhost:3000/_next/static/chunks/apps_web_app_dashboard_page_tsx_00jkz0g._.js → 304 (2ms, ?B)
[2026-03-29T04:45:11.986Z] GET http://localhost:3000/_next/static/chunks/_03p8es7._.js → 304 (?ms, ?B)
[2026-03-29T04:45:11.986Z] GET http://localhost:3000/_next/static/chunks/_0om3g16._.js → 304 (1ms, ?B)
[2026-03-29T04:45:11.986Z] GET http://localhost:3000/_next/static/chunks/apps_web_app_dashboard_layout_tsx_0q9a4f8._.js → 304 (1ms, ?B)
[2026-03-29T04:45:11.986Z] GET http://localhost:3000/_next/static/chunks/apps_web_0q812xr._.js → 304 (1ms, ?B)
[2026-03-29T04:45:11.986Z] GET http://localhost:3000/_next/static/chunks/apps_web_app_dashboard_page_tsx_00jkz0g._.js → 304 (1ms, ?B)
[2026-03-29T04:45:27.109Z] GET http://localhost:3000/login → 307 (3ms, ?B)
[2026-03-29T04:45:27.112Z] GET http://localhost:3000/dashboard → 200 (40ms, 16138B)
[2026-03-29T04:45:27.156Z] GET http://localhost:3000/_next/static/chunks/apps_web_app_globals_0xyo3ls.css → 304 (2ms, ?B)
[2026-03-29T04:45:27.157Z] GET http://localhost:3000/_next/static/chunks/%5Bturbopack%5D_browser_dev_hmr-client_hmr-client_ts_10z625~._.js → 304 (2ms, ?B)
[2026-03-29T04:45:27.157Z] GET http://localhost:3000/_next/static/chunks/node_modules_next_dist_compiled_next-devtools_index_0553esy.js → 304 (8ms, ?B)
[2026-03-29T04:45:27.157Z] GET http://localhost:3000/_next/static/chunks/node_modules_next_dist_compiled_react-dom_058-ah~._.js → 304 (10ms, ?B)
[2026-03-29T04:45:27.157Z] GET http://localhost:3000/_next/static/chunks/node_modules_next_dist_compiled_react-server-dom-turbopack_0p3wegg._.js → 304 (11ms, ?B)
[2026-03-29T04:45:27.157Z] GET http://localhost:3000/_next/static/chunks/node_modules_next_dist_compiled_0rpq4pf._.js → 304 (11ms, ?B)
[2026-03-29T04:45:27.157Z] GET http://localhost:3000/_next/static/chunks/node_modules_next_dist_client_0fhqo1d._.js → 304 (10ms, ?B)
[2026-03-29T04:45:27.158Z] GET http://localhost:3000/_next/static/chunks/node_modules_next_dist_115brz8._.js → 304 (9ms, ?B)
[2026-03-29T04:45:27.158Z] GET http://localhost:3000/_next/static/chunks/node_modules_%40swc_helpers_cjs_0-4ujiy._.js → 304 (11ms, ?B)
[2026-03-29T04:45:27.158Z] GET http://localhost:3000/_next/static/chunks/apps_web_0rqeker._.js → 304 (12ms, ?B)
[2026-03-29T04:45:27.158Z] GET http://localhost:3000/_next/static/chunks/turbopack-apps_web_0p44nws._.js → 304 (12ms, ?B)
[2026-03-29T04:45:27.158Z] GET http://localhost:3000/_next/static/chunks/node_modules_next_dist_0tt2wve._.js → 304 (19ms, ?B)
[2026-03-29T04:45:27.158Z] GET http://localhost:3000/_next/static/chunks/apps_web_app_layout_tsx_004glpo._.js → 304 (19ms, ?B)
[2026-03-29T04:45:27.158Z] GET http://localhost:3000/_next/static/chunks/node_modules_next_dist_client_components_builtin_global-error_0q9a4f8.js → 304 (19ms, ?B)
[2026-03-29T04:45:27.158Z] GET http://localhost:3000/_next/static/chunks/_03p8es7._.js → 304 (19ms, ?B)
[2026-03-29T04:45:27.158Z] GET http://localhost:3000/_next/static/chunks/_0om3g16._.js → 304 (19ms, ?B)
[2026-03-29T04:45:27.158Z] GET http://localhost:3000/_next/static/chunks/apps_web_app_dashboard_layout_tsx_0q9a4f8._.js → 304 (19ms, ?B)
[2026-03-29T04:45:27.158Z] GET http://localhost:3000/_next/static/chunks/apps_web_0q812xr._.js → 304 (19ms, ?B)
[2026-03-29T04:45:27.158Z] GET http://localhost:3000/_next/static/chunks/apps_web_app_dashboard_page_tsx_00jkz0g._.js → 304 (19ms, ?B)
[2026-03-29T04:45:27.176Z] GET http://localhost:3000/_next/static/chunks/%5Bturbopack%5D_browser_dev_hmr-client_hmr-client_ts_0yjw1oe._.js → 304 (3ms, ?B)
[2026-03-29T04:45:27.177Z] GET http://localhost:3000/_next/static/chunks/%5Bturbopack%5D_browser_dev_hmr-client_hmr-client_ts_10mygs7._.js → 304 (2ms, ?B)
[2026-03-29T04:45:27.185Z] GET http://localhost:3000/__nextjs_font/geist-latin.woff2 → 200 (?ms, ?B)
[2026-03-29T04:45:27.186Z] GET http://localhost:3000/__nextjs_font/geist-mono-latin.woff2 → 200 (?ms, ?B)
[2026-03-29T04:46:17.142Z] GET http://localhost:3000/api/auth/get-session → 200 (54ms, 716B)
[2026-03-29T04:46:32.407Z] POST http://localhost:3000/api/projects → 201 (28ms, 246B)
[2026-03-29T04:46:37.550Z] GET http://localhost:3000/api/share/Yfi-cG-aM2 → 403 (10ms, 36B)
[2026-03-29T04:46:41.975Z] PUT http://localhost:3000/api/projects/cO2CUAPdmR/share → 200 (26ms, 97B)
[2026-03-29T04:46:47.973Z] GET http://localhost:3000/api/share/Yfi-cG-aM2 → 200 (10ms, 245B)
[2026-03-29T04:46:53.727Z] POST http://localhost:3000/api/projects/cO2CUAPdmR/snapshots → 201 (29ms, 171B)
[2026-03-29T04:46:53.806Z] POST http://localhost:3000/api/projects/cO2CUAPdmR/snapshots → 201 (18ms, 181B)
[2026-03-29T04:46:58.203Z] GET http://localhost:3000/api/projects/cO2CUAPdmR/snapshots → 200 (14ms, 355B)
[2026-03-29T04:47:05.768Z] POST http://localhost:3000/api/auth/sign-out → 200 (21ms, 16B)
[2026-03-29T04:47:06.875Z] GET http://localhost:3000/login → 200 (32ms, 14340B)
[2026-03-29T04:47:06.914Z] GET http://localhost:3000/_next/static/chunks/apps_web_app_globals_0xyo3ls.css → 304 (2ms, ?B)
[2026-03-29T04:47:06.914Z] GET http://localhost:3000/_next/static/chunks/%5Bturbopack%5D_browser_dev_hmr-client_hmr-client_ts_10z625~._.js → 200 (3ms, 675B)
[2026-03-29T04:47:06.914Z] GET http://localhost:3000/_next/static/chunks/node_modules_next_dist_compiled_next-devtools_index_0553esy.js → 200 (25ms, ?B)
[2026-03-29T04:47:06.914Z] GET http://localhost:3000/_next/static/chunks/node_modules_next_dist_compiled_react-dom_058-ah~._.js → 200 (24ms, 1057980B)
[2026-03-29T04:47:06.914Z] GET http://localhost:3000/_next/static/chunks/node_modules_next_dist_compiled_react-server-dom-turbopack_0p3wegg._.js → 200 (25ms, ?B)
[2026-03-29T04:47:06.914Z] GET http://localhost:3000/_next/static/chunks/node_modules_next_dist_compiled_0rpq4pf._.js → 200 (11ms, 144344B)
[2026-03-29T04:47:06.914Z] GET http://localhost:3000/_next/static/chunks/node_modules_next_dist_client_0fhqo1d._.js → 200 (25ms, ?B)
[2026-03-29T04:47:06.915Z] GET http://localhost:3000/_next/static/chunks/node_modules_next_dist_115brz8._.js → 200 (26ms, ?B)
[2026-03-29T04:47:06.915Z] GET http://localhost:3000/_next/static/chunks/node_modules_%40swc_helpers_cjs_0-4ujiy._.js → 200 (26ms, ?B)
[2026-03-29T04:47:06.915Z] GET http://localhost:3000/_next/static/chunks/apps_web_0rqeker._.js → 200 (26ms, ?B)
[2026-03-29T04:47:06.915Z] GET http://localhost:3000/_next/static/chunks/turbopack-apps_web_0p44nws._.js → 200 (26ms, ?B)
[2026-03-29T04:47:06.915Z] GET http://localhost:3000/_next/static/chunks/node_modules_next_dist_0tt2wve._.js → 200 (33ms, ?B)
[2026-03-29T04:47:06.915Z] GET http://localhost:3000/_next/static/chunks/apps_web_app_layout_tsx_004glpo._.js → 200 (32ms, ?B)
[2026-03-29T04:47:06.915Z] GET http://localhost:3000/_next/static/chunks/_0b6t67q._.js → 200 (33ms, ?B)
[2026-03-29T04:47:06.915Z] GET http://localhost:3000/_next/static/chunks/_0pwf4qe._.js → 200 (33ms, ?B)
[2026-03-29T04:47:06.915Z] GET http://localhost:3000/_next/static/chunks/apps_web_app_login_page_tsx_0q9a4f8._.js → 200 (33ms, ?B)
[2026-03-29T04:47:06.915Z] GET http://localhost:3000/_next/static/chunks/node_modules_next_dist_client_components_builtin_global-error_0q9a4f8.js → 200 (33ms, ?B)
[2026-03-29T04:47:06.947Z] GET http://localhost:3000/_next/static/chunks/%5Bturbopack%5D_browser_dev_hmr-client_hmr-client_ts_0yjw1oe._.js → pending (?ms, ?B)
[2026-03-29T04:47:06.947Z] GET http://localhost:3000/_next/static/chunks/%5Bturbopack%5D_browser_dev_hmr-client_hmr-client_ts_10mygs7._.js → pending (?ms, ?B)
[2026-03-29T04:47:06.990Z] GET http://localhost:3000/__nextjs_font/geist-latin.woff2 → 200 (?ms, ?B)
[2026-03-29T04:47:06.990Z] GET http://localhost:3000/__nextjs_font/geist-mono-latin.woff2 → 200 (?ms, ?B)
[2026-03-29T04:47:08.171Z] POST http://localhost:3000/api/auth/sign-in/email → pending (?ms, ?B)
[2026-03-29T04:47:09.431Z] GET http://localhost:3000/dashboard?_rsc=13uu9 → 200 (19ms, 5570B)
[2026-03-29T04:47:09.488Z] GET http://localhost:3000/_next/static/chunks/_03p8es7._.js → 200 (7ms, 184270B)
[2026-03-29T04:47:09.488Z] GET http://localhost:3000/_next/static/chunks/_0om3g16._.js → 200 (20ms, 19429B)
[2026-03-29T04:47:09.488Z] GET http://localhost:3000/_next/static/chunks/apps_web_app_dashboard_layout_tsx_0q9a4f8._.js → 200 (21ms, 271B)
[2026-03-29T04:47:09.509Z] GET http://localhost:3000/_next/static/chunks/apps_web_0q812xr._.js → 200 (16ms, ?B)
[2026-03-29T04:47:09.509Z] GET http://localhost:3000/_next/static/chunks/apps_web_app_dashboard_page_tsx_00jkz0g._.js → 200 (16ms, ?B)
[2026-03-29T04:47:09.533Z] GET http://localhost:3000/_next/static/chunks/_03p8es7._.js → 304 (3ms, ?B)
[2026-03-29T04:47:09.533Z] GET http://localhost:3000/_next/static/chunks/_0om3g16._.js → 304 (4ms, ?B)
[2026-03-29T04:47:09.534Z] GET http://localhost:3000/_next/static/chunks/apps_web_app_dashboard_layout_tsx_0q9a4f8._.js → 304 (4ms, ?B)
[2026-03-29T04:47:09.535Z] GET http://localhost:3000/_next/static/chunks/apps_web_0q812xr._.js → 304 (3ms, ?B)
[2026-03-29T04:47:09.535Z] GET http://localhost:3000/_next/static/chunks/apps_web_app_dashboard_page_tsx_00jkz0g._.js → 304 (8ms, 249B)
[2026-03-29T04:47:15.041Z] PUT http://localhost:3000/api/projects/cO2CUAPdmR → 404 (17ms, 42B)
[2026-03-29T04:47:22.312Z] DELETE http://localhost:3000/api/projects/cO2CUAPdmR → 404 (14ms, 42B)
[2026-03-29T04:47:22.377Z] POST http://localhost:3000/api/projects/cO2CUAPdmR/snapshots → 400 (13ms, 37B)
[2026-03-29T04:47:22.447Z] GET http://localhost:3000/api/share/Yfi-cG-aM2 → 200 (9ms, 245B)
[2026-03-29T04:47:30.505Z] POST http://localhost:3000/api/guest/migrate → 400 (54ms, 39B)
[2026-03-29T04:47:40.756Z] POST http://localhost:3000/api/guest/migrate → 201 (32ms, 528B)
[2026-03-29T04:47:46.594Z] GET http://localhost:3000/api/projects → 200 (12ms, 287B)
[2026-03-29T04:47:52.083Z] DELETE http://localhost:3000/api/projects/oJCu0u3jk3 → 200 (31ms, 16B)
[2026-03-29T04:47:52.174Z] GET http://localhost:3000/api/projects → 200 (12ms, 146B)
[2026-03-29T04:48:00.470Z] POST http://localhost:3000/api/auth/sign-out → 200 (47ms, 16B)
[2026-03-29T04:48:01.620Z] GET http://localhost:3000/login → 200 (43ms, 14340B)
[2026-03-29T04:48:01.684Z] GET http://localhost:3000/_next/static/chunks/apps_web_app_globals_0xyo3ls.css → 304 (3ms, ?B)
[2026-03-29T04:48:01.684Z] GET http://localhost:3000/_next/static/chunks/%5Bturbopack%5D_browser_dev_hmr-client_hmr-client_ts_10z625~._.js → 200 (5ms, 675B)
[2026-03-29T04:48:01.685Z] GET http://localhost:3000/_next/static/chunks/node_modules_next_dist_compiled_next-devtools_index_0553esy.js → 200 (22ms, 746592B)
[2026-03-29T04:48:01.685Z] GET http://localhost:3000/_next/static/chunks/node_modules_next_dist_compiled_react-dom_058-ah~._.js → 200 (18ms, 1057980B)
[2026-03-29T04:48:01.685Z] GET http://localhost:3000/_next/static/chunks/node_modules_next_dist_compiled_react-server-dom-turbopack_0p3wegg._.js → 200 (22ms, 174634B)
[2026-03-29T04:48:01.685Z] GET http://localhost:3000/_next/static/chunks/node_modules_next_dist_compiled_0rpq4pf._.js → 200 (27ms, 144344B)
[2026-03-29T04:48:01.685Z] GET http://localhost:3000/_next/static/chunks/node_modules_next_dist_client_0fhqo1d._.js → 200 (31ms, 742815B)
[2026-03-29T04:48:01.685Z] GET http://localhost:3000/_next/static/chunks/node_modules_next_dist_115brz8._.js → 200 (30ms, 246103B)
[2026-03-29T04:48:01.685Z] GET http://localhost:3000/_next/static/chunks/node_modules_%40swc_helpers_cjs_0-4ujiy._.js → 200 (31ms, 1984B)
[2026-03-29T04:48:01.685Z] GET http://localhost:3000/_next/static/chunks/apps_web_0rqeker._.js → 200 (30ms, 756B)
[2026-03-29T04:48:01.686Z] GET http://localhost:3000/_next/static/chunks/turbopack-apps_web_0p44nws._.js → 200 (30ms, 91093B)
[2026-03-29T04:48:01.686Z] GET http://localhost:3000/_next/static/chunks/node_modules_next_dist_0tt2wve._.js → 200 (35ms, 208717B)
[2026-03-29T04:48:01.686Z] GET http://localhost:3000/_next/static/chunks/apps_web_app_layout_tsx_004glpo._.js → 200 (34ms, 312B)
[2026-03-29T04:48:01.686Z] GET http://localhost:3000/_next/static/chunks/_0b6t67q._.js → 200 (35ms, 179730B)
[2026-03-29T04:48:01.687Z] GET http://localhost:3000/_next/static/chunks/_0pwf4qe._.js → 200 (34ms, 12993B)
[2026-03-29T04:48:01.687Z] GET http://localhost:3000/_next/static/chunks/apps_web_app_login_page_tsx_0q9a4f8._.js → 200 (34ms, 271B)
[2026-03-29T04:48:01.687Z] GET http://localhost:3000/_next/static/chunks/node_modules_next_dist_client_components_builtin_global-error_0q9a4f8.js → 200 (34ms, 212B)
[2026-03-29T04:48:01.720Z] GET http://localhost:3000/_next/static/chunks/%5Bturbopack%5D_browser_dev_hmr-client_hmr-client_ts_0yjw1oe._.js → 200 (42ms, 15461B)
[2026-03-29T04:48:01.720Z] GET http://localhost:3000/_next/static/chunks/%5Bturbopack%5D_browser_dev_hmr-client_hmr-client_ts_10mygs7._.js → 200 (42ms, 289B)
[2026-03-29T04:48:01.772Z] GET http://localhost:3000/__nextjs_font/geist-latin.woff2 → 200 (?ms, ?B)
[2026-03-29T04:48:01.772Z] GET http://localhost:3000/__nextjs_font/geist-mono-latin.woff2 → 200 (?ms, ?B)
[2026-03-29T04:48:02.937Z] POST http://localhost:3000/api/auth/sign-in/email → pending (?ms, ?B)
[2026-03-29T04:48:04.171Z] GET http://localhost:3000/dashboard?_rsc=13uu9 → 200 (12ms, 5566B)
[2026-03-29T04:48:04.210Z] GET http://localhost:3000/_next/static/chunks/_03p8es7._.js → 200 (7ms, ?B)
[2026-03-29T04:48:04.210Z] GET http://localhost:3000/_next/static/chunks/_0om3g16._.js → 200 (6ms, 19429B)
[2026-03-29T04:48:04.210Z] GET http://localhost:3000/_next/static/chunks/apps_web_app_dashboard_layout_tsx_0q9a4f8._.js → 200 (6ms, 271B)
[2026-03-29T04:48:04.210Z] GET http://localhost:3000/_next/static/chunks/apps_web_0q812xr._.js → 200 (7ms, ?B)
[2026-03-29T04:48:04.210Z] GET http://localhost:3000/_next/static/chunks/apps_web_app_dashboard_page_tsx_00jkz0g._.js → 200 (7ms, ?B)
[2026-03-29T04:48:04.230Z] GET http://localhost:3000/_next/static/chunks/_03p8es7._.js → 304 (2ms, ?B)
[2026-03-29T04:48:04.230Z] GET http://localhost:3000/_next/static/chunks/_0om3g16._.js → 304 (2ms, ?B)
[2026-03-29T04:48:04.231Z] GET http://localhost:3000/_next/static/chunks/apps_web_app_dashboard_layout_tsx_0q9a4f8._.js → 304 (1ms, ?B)
[2026-03-29T04:48:04.231Z] GET http://localhost:3000/_next/static/chunks/apps_web_0q812xr._.js → 304 (2ms, ?B)
[2026-03-29T04:48:04.231Z] GET http://localhost:3000/_next/static/chunks/apps_web_app_dashboard_page_tsx_00jkz0g._.js → 304 (2ms, 249B)
[2026-03-29T04:48:05.023Z] GET http://localhost:3000/api/auth/get-session → 200 (12ms, 712B)
[2026-03-29T04:48:12.048Z] POST http://localhost:3000/api/auth/sign-out → 200 (19ms, 16B)
[2026-03-29T04:48:13.152Z] GET http://localhost:3000/login → 200 (30ms, 14340B)
[2026-03-29T04:48:13.183Z] GET http://localhost:3000/_next/static/chunks/apps_web_app_globals_0xyo3ls.css → 304 (2ms, ?B)
[2026-03-29T04:48:13.183Z] GET http://localhost:3000/_next/static/chunks/%5Bturbopack%5D_browser_dev_hmr-client_hmr-client_ts_10z625~._.js → 304 (4ms, ?B)
[2026-03-29T04:48:13.183Z] GET http://localhost:3000/_next/static/chunks/node_modules_next_dist_compiled_next-devtools_index_0553esy.js → 304 (4ms, ?B)
[2026-03-29T04:48:13.183Z] GET http://localhost:3000/_next/static/chunks/node_modules_next_dist_compiled_react-dom_058-ah~._.js → 304 (9ms, ?B)
[2026-03-29T04:48:13.184Z] GET http://localhost:3000/_next/static/chunks/node_modules_next_dist_compiled_react-server-dom-turbopack_0p3wegg._.js → 304 (9ms, ?B)
[2026-03-29T04:48:13.184Z] GET http://localhost:3000/_next/static/chunks/node_modules_next_dist_compiled_0rpq4pf._.js → 304 (7ms, ?B)
[2026-03-29T04:48:13.184Z] GET http://localhost:3000/_next/static/chunks/node_modules_next_dist_client_0fhqo1d._.js → 304 (9ms, ?B)
[2026-03-29T04:48:13.184Z] GET http://localhost:3000/_next/static/chunks/node_modules_next_dist_115brz8._.js → 304 (9ms, ?B)
[2026-03-29T04:48:13.184Z] GET http://localhost:3000/_next/static/chunks/node_modules_%40swc_helpers_cjs_0-4ujiy._.js → 304 (13ms, ?B)
[2026-03-29T04:48:13.184Z] GET http://localhost:3000/_next/static/chunks/apps_web_0rqeker._.js → 304 (10ms, ?B)
[2026-03-29T04:48:13.184Z] GET http://localhost:3000/_next/static/chunks/turbopack-apps_web_0p44nws._.js → 304 (16ms, ?B)
[2026-03-29T04:48:13.184Z] GET http://localhost:3000/_next/static/chunks/node_modules_next_dist_0tt2wve._.js → 304 (16ms, ?B)
[2026-03-29T04:48:13.184Z] GET http://localhost:3000/_next/static/chunks/apps_web_app_layout_tsx_004glpo._.js → 304 (16ms, ?B)
[2026-03-29T04:48:13.184Z] GET http://localhost:3000/_next/static/chunks/_0b6t67q._.js → 304 (27ms, ?B)
[2026-03-29T04:48:13.184Z] GET http://localhost:3000/_next/static/chunks/_0pwf4qe._.js → 304 (27ms, ?B)
[2026-03-29T04:48:13.184Z] GET http://localhost:3000/_next/static/chunks/apps_web_app_login_page_tsx_0q9a4f8._.js → 304 (28ms, ?B)
[2026-03-29T04:48:13.184Z] GET http://localhost:3000/_next/static/chunks/node_modules_next_dist_client_components_builtin_global-error_0q9a4f8.js → 304 (28ms, ?B)
[2026-03-29T04:48:13.210Z] GET http://localhost:3000/_next/static/chunks/%5Bturbopack%5D_browser_dev_hmr-client_hmr-client_ts_0yjw1oe._.js → 304 (4ms, ?B)
[2026-03-29T04:48:13.211Z] GET http://localhost:3000/_next/static/chunks/%5Bturbopack%5D_browser_dev_hmr-client_hmr-client_ts_10mygs7._.js → 304 (3ms, ?B)
[2026-03-29T04:48:13.219Z] GET http://localhost:3000/__nextjs_font/geist-latin.woff2 → 200 (?ms, ?B)
[2026-03-29T04:48:13.219Z] GET http://localhost:3000/__nextjs_font/geist-mono-latin.woff2 → 200 (?ms, ?B)
[2026-03-29T04:48:14.437Z] POST http://localhost:3000/api/auth/sign-in/email → pending (?ms, ?B)
[2026-03-29T04:48:15.668Z] GET http://localhost:3000/dashboard?_rsc=13uu9 → 200 (26ms, 5578B)
[2026-03-29T04:48:15.737Z] GET http://localhost:3000/_next/static/chunks/_03p8es7._.js → 304 (25ms, ?B)
[2026-03-29T04:48:15.737Z] GET http://localhost:3000/_next/static/chunks/_0om3g16._.js → 304 (25ms, ?B)
[2026-03-29T04:48:15.738Z] GET http://localhost:3000/_next/static/chunks/apps_web_app_dashboard_layout_tsx_0q9a4f8._.js → 304 (25ms, ?B)
[2026-03-29T04:48:15.764Z] GET http://localhost:3000/_next/static/chunks/apps_web_0q812xr._.js → 304 (2ms, ?B)
[2026-03-29T04:48:15.765Z] GET http://localhost:3000/_next/static/chunks/apps_web_app_dashboard_page_tsx_00jkz0g._.js → 304 (1ms, ?B)
[2026-03-29T04:48:15.769Z] GET http://localhost:3000/_next/static/chunks/_03p8es7._.js → 304 (2ms, ?B)
[2026-03-29T04:48:15.770Z] GET http://localhost:3000/_next/static/chunks/_0om3g16._.js → 304 (2ms, ?B)
[2026-03-29T04:48:15.770Z] GET http://localhost:3000/_next/static/chunks/apps_web_app_dashboard_layout_tsx_0q9a4f8._.js → 304 (2ms, ?B)
[2026-03-29T04:48:15.770Z] GET http://localhost:3000/_next/static/chunks/apps_web_0q812xr._.js → 304 (3ms, ?B)
[2026-03-29T04:48:15.770Z] GET http://localhost:3000/_next/static/chunks/apps_web_app_dashboard_page_tsx_00jkz0g._.js → 304 (4ms, ?B)
[2026-03-29T04:48:16.519Z] GET http://localhost:3000/api/auth/get-session → 200 (11ms, 737B)
[2026-03-29T04:48:22.422Z] POST http://localhost:3000/api/stripe/portal → 500 (464ms, 57B)
[2026-03-29T04:48:29.204Z] POST http://localhost:3000/api/auth/sign-out → 200 (18ms, 16B)
[2026-03-29T04:48:30.313Z] POST http://localhost:3000/api/stripe/checkout → 401 (8ms, 24B)
[2026-03-29T04:48:37.185Z] GET http://localhost:3000/api/share/nonexistent-id → 404 (9ms, 27B)
[2026-03-29T04:48:37.245Z] GET http://localhost:3000/api/projects → 401 (7ms, 24B)
[2026-03-29T04:48:37.302Z] POST http://localhost:3000/api/auth/sign-up/email → 422 (15ms, 100B)
[2026-03-29T04:49:25.633Z] POST http://localhost:3000/api/auth/sign-out → 200 (25ms, 16B)
[2026-03-29T04:49:26.745Z] GET http://localhost:3000/login → 200 (35ms, 14340B)
[2026-03-29T04:49:26.785Z] GET http://localhost:3000/_next/static/chunks/apps_web_app_globals_0xyo3ls.css → 304 (2ms, ?B)
[2026-03-29T04:49:26.785Z] GET http://localhost:3000/_next/static/chunks/%5Bturbopack%5D_browser_dev_hmr-client_hmr-client_ts_10z625~._.js → 200 (8ms, 675B)
[2026-03-29T04:49:26.785Z] GET http://localhost:3000/_next/static/chunks/node_modules_next_dist_compiled_next-devtools_index_0553esy.js → 200 (25ms, 746592B)
[2026-03-29T04:49:26.785Z] GET http://localhost:3000/_next/static/chunks/node_modules_next_dist_compiled_react-dom_058-ah~._.js → 200 (25ms, 1057980B)
[2026-03-29T04:49:26.785Z] GET http://localhost:3000/_next/static/chunks/node_modules_next_dist_compiled_react-server-dom-turbopack_0p3wegg._.js → 200 (24ms, 174634B)
[2026-03-29T04:49:26.785Z] GET http://localhost:3000/_next/static/chunks/node_modules_next_dist_compiled_0rpq4pf._.js → 200 (11ms, 144344B)
[2026-03-29T04:49:26.785Z] GET http://localhost:3000/_next/static/chunks/node_modules_next_dist_client_0fhqo1d._.js → 200 (32ms, 742815B)
[2026-03-29T04:49:26.785Z] GET http://localhost:3000/_next/static/chunks/node_modules_next_dist_115brz8._.js → 200 (25ms, 246103B)
[2026-03-29T04:49:26.785Z] GET http://localhost:3000/_next/static/chunks/node_modules_%40swc_helpers_cjs_0-4ujiy._.js → 200 (25ms, 1984B)
[2026-03-29T04:49:26.785Z] GET http://localhost:3000/_next/static/chunks/apps_web_0rqeker._.js → 200 (24ms, 756B)
[2026-03-29T04:49:26.785Z] GET http://localhost:3000/_next/static/chunks/turbopack-apps_web_0p44nws._.js → 200 (25ms, 91093B)
[2026-03-29T04:49:26.785Z] GET http://localhost:3000/_next/static/chunks/node_modules_next_dist_0tt2wve._.js → 200 (65ms, 208717B)
[2026-03-29T04:49:26.785Z] GET http://localhost:3000/_next/static/chunks/apps_web_app_layout_tsx_004glpo._.js → 200 (36ms, 312B)
[2026-03-29T04:49:26.785Z] GET http://localhost:3000/_next/static/chunks/_0b6t67q._.js → 200 (64ms, 179730B)
[2026-03-29T04:49:26.786Z] GET http://localhost:3000/_next/static/chunks/_0pwf4qe._.js → 200 (64ms, 12993B)
[2026-03-29T04:49:26.786Z] GET http://localhost:3000/_next/static/chunks/apps_web_app_login_page_tsx_0q9a4f8._.js → 200 (63ms, 271B)
[2026-03-29T04:49:26.786Z] GET http://localhost:3000/_next/static/chunks/node_modules_next_dist_client_components_builtin_global-error_0q9a4f8.js → 200 (63ms, 212B)
[2026-03-29T04:49:26.821Z] GET http://localhost:3000/_next/static/chunks/%5Bturbopack%5D_browser_dev_hmr-client_hmr-client_ts_0yjw1oe._.js → 200 (43ms, 15461B)
[2026-03-29T04:49:26.821Z] GET http://localhost:3000/_next/static/chunks/%5Bturbopack%5D_browser_dev_hmr-client_hmr-client_ts_10mygs7._.js → 200 (44ms, 289B)
[2026-03-29T04:49:26.865Z] GET http://localhost:3000/__nextjs_font/geist-latin.woff2 → 200 (?ms, ?B)
[2026-03-29T04:49:26.865Z] GET http://localhost:3000/__nextjs_font/geist-mono-latin.woff2 → 200 (?ms, ?B)
[2026-03-29T04:49:28.054Z] POST http://localhost:3000/api/auth/sign-in/email → pending (?ms, ?B)
[2026-03-29T04:49:29.301Z] GET http://localhost:3000/dashboard?_rsc=13uu9 → 200 (14ms, 5851B)
[2026-03-29T04:49:29.338Z] GET http://localhost:3000/_next/static/chunks/_03p8es7._.js → 200 (8ms, 184270B)
[2026-03-29T04:49:29.338Z] GET http://localhost:3000/_next/static/chunks/_0om3g16._.js → 200 (7ms, 19429B)
[2026-03-29T04:49:29.339Z] GET http://localhost:3000/_next/static/chunks/apps_web_app_dashboard_layout_tsx_0q9a4f8._.js → 200 (7ms, 271B)
[2026-03-29T04:49:29.355Z] GET http://localhost:3000/_next/static/chunks/apps_web_0q812xr._.js → 200 (4ms, 59977B)
[2026-03-29T04:49:29.355Z] GET http://localhost:3000/_next/static/chunks/apps_web_app_dashboard_page_tsx_00jkz0g._.js → 200 (4ms, 249B)
[2026-03-29T04:49:29.374Z] GET http://localhost:3000/_next/static/chunks/_03p8es7._.js → 304 (1ms, ?B)
[2026-03-29T04:49:29.375Z] GET http://localhost:3000/_next/static/chunks/_0om3g16._.js → 304 (?ms, ?B)
[2026-03-29T04:49:29.375Z] GET http://localhost:3000/_next/static/chunks/apps_web_app_dashboard_layout_tsx_0q9a4f8._.js → 304 (?ms, ?B)
[2026-03-29T04:49:29.375Z] GET http://localhost:3000/_next/static/chunks/apps_web_0q812xr._.js → 304 (?ms, ?B)
[2026-03-29T04:49:29.375Z] GET http://localhost:3000/_next/static/chunks/apps_web_app_dashboard_page_tsx_00jkz0g._.js → 304 (1ms, ?B)
[2026-03-29T04:49:36.863Z] GET http://localhost:3000/api/auth/get-session → 200 (19ms, 715B)
[2026-03-29T04:49:36.935Z] POST http://localhost:3000/api/projects → 201 (14ms, 249B)
[2026-03-29T04:49:43.439Z] GET http://localhost:3000/editor/K5ONXNkx3z → 200 (136ms, 43339B)
[2026-03-29T04:49:43.578Z] GET http://localhost:3000/_next/static/chunks/apps_web_app_globals_0xyo3ls.css → 304 (12ms, ?B)
[2026-03-29T04:49:43.586Z] GET http://localhost:3000/icons/room.png → 404 (36ms, 3020B)
[2026-03-29T04:49:43.586Z] GET http://localhost:3000/icons/mesh.png → 404 (93ms, 3020B)
[2026-03-29T04:49:43.586Z] GET http://localhost:3000/icons/floorplan.png → 404 (113ms, 3020B)
[2026-03-29T04:49:43.586Z] GET http://localhost:3000/icons/blueprint.png → 404 (123ms, 3020B)
[2026-03-29T04:49:43.586Z] GET http://localhost:3000/icons/level.png → 404 (145ms, 3020B)
[2026-03-29T04:49:43.586Z] GET http://localhost:3000/icons/settings.png → 404 (176ms, 3020B)
[2026-03-29T04:49:43.586Z] GET http://localhost:3000/_next/static/chunks/%5Bturbopack%5D_browser_dev_hmr-client_hmr-client_ts_10z625~._.js → 304 (124ms, ?B)
[2026-03-29T04:49:43.587Z] GET http://localhost:3000/_next/static/chunks/node_modules_next_dist_compiled_next-devtools_index_0553esy.js → 304 (192ms, ?B)
[2026-03-29T04:49:43.587Z] GET http://localhost:3000/_next/static/chunks/node_modules_next_dist_compiled_react-dom_058-ah~._.js → 304 (197ms, ?B)
[2026-03-29T04:49:43.587Z] GET http://localhost:3000/_next/static/chunks/node_modules_next_dist_compiled_react-server-dom-turbopack_0p3wegg._.js → 304 (261ms, ?B)
[2026-03-29T04:49:43.587Z] GET http://localhost:3000/_next/static/chunks/node_modules_next_dist_compiled_0rpq4pf._.js → 304 (260ms, ?B)
[2026-03-29T04:49:43.588Z] GET http://localhost:3000/_next/static/chunks/node_modules_next_dist_client_0fhqo1d._.js → 304 (267ms, ?B)
[2026-03-29T04:49:43.588Z] GET http://localhost:3000/_next/static/chunks/node_modules_next_dist_115brz8._.js → 304 (325ms, ?B)
[2026-03-29T04:49:43.588Z] GET http://localhost:3000/_next/static/chunks/node_modules_%40swc_helpers_cjs_0-4ujiy._.js → 304 (327ms, ?B)
[2026-03-29T04:49:43.588Z] GET http://localhost:3000/_next/static/chunks/apps_web_0rqeker._.js → 304 (327ms, ?B)
[2026-03-29T04:49:43.588Z] GET http://localhost:3000/_next/static/chunks/turbopack-apps_web_0p44nws._.js → 304 (331ms, ?B)
[2026-03-29T04:49:43.588Z] GET http://localhost:3000/_next/static/chunks/node_modules_next_dist_0tt2wve._.js → 304 (346ms, ?B)
[2026-03-29T04:49:43.588Z] GET http://localhost:3000/_next/static/chunks/apps_web_app_layout_tsx_004glpo._.js → 304 (346ms, ?B)
[2026-03-29T04:49:43.588Z] GET http://localhost:3000/_next/static/chunks/node_modules_next_dist_client_components_builtin_global-error_0q9a4f8.js → 304 (347ms, ?B)
[2026-03-29T04:49:43.589Z] GET http://localhost:3000/_next/static/chunks/node_modules_%40aedifex_core_dist_index_0960-36.js → 200 (370ms, 649B)
[2026-03-29T04:49:43.589Z] GET http://localhost:3000/_next/static/chunks/node_modules_next_0c4b-5d._.js → 200 (373ms, 244125B)
[2026-03-29T04:49:43.589Z] GET http://localhost:3000/_next/static/chunks/node_modules_%40aedifex_core_dist_0l7.f8x._.js → 200 (407ms, 360990B)
[2026-03-29T04:49:43.589Z] GET http://localhost:3000/_next/static/chunks/node_modules_zod_0~w4s--._.js → 200 (405ms, 938123B)
[2026-03-29T04:49:43.589Z] GET http://localhost:3000/_next/static/chunks/node_modules_three_build_three_core_0qefhn6.js → 200 (409ms, 1547563B)
[2026-03-29T04:49:43.589Z] GET http://localhost:3000/_next/static/chunks/node_modules_three_build_three_module_024z3_h.js → 200 (409ms, 811406B)
[2026-03-29T04:49:43.589Z] GET http://localhost:3000/_next/static/chunks/node_modules_three_build_three_webgpu_01.b56z.js → 200 (413ms, ?B)
[2026-03-29T04:49:43.589Z] GET http://localhost:3000/_next/static/chunks/node_modules_three_build_three_tsl_0p90gfk.js → 200 (409ms, 156313B)
[2026-03-29T04:49:43.589Z] GET http://localhost:3000/_next/static/chunks/node_modules_three_build_0ozlpf0._.js → 200 (409ms, 214832B)
[2026-03-29T04:49:43.589Z] GET http://localhost:3000/_next/static/chunks/node_modules_three_examples_jsm_0fklzb1._.js → 200 (410ms, 501621B)
[2026-03-29T04:49:43.589Z] GET http://localhost:3000/_next/static/chunks/node_modules_three_src_0d0mc0p._.js → 200 (409ms, 59762B)
[2026-03-29T04:49:43.589Z] GET http://localhost:3000/_next/static/chunks/node_modules_%40react-three_fiber_dist_01zc48v._.js → pending (?ms, ?B)
[2026-03-29T04:49:43.589Z] GET http://localhost:3000/_next/static/chunks/node_modules_three-bvh-csg_src_0jy.4pg._.js → 200 (412ms, 213373B)
[2026-03-29T04:49:43.589Z] GET http://localhost:3000/_next/static/chunks/node_modules_066wwa3._.js → 200 (413ms, 599543B)
[2026-03-29T04:49:43.589Z] GET http://localhost:3000/_next/static/chunks/node_modules_%40aedifex_viewer_dist_13-h0wg._.js → 200 (484ms, ?B)
[2026-03-29T04:49:43.589Z] GET http://localhost:3000/_next/static/chunks/node_modules_three-stdlib_00s9d_7._.js → 200 (413ms, 208953B)
[2026-03-29T04:49:43.589Z] GET http://localhost:3000/_next/static/chunks/_0h5zgrk._.js → 200 (477ms, ?B)
[2026-03-29T04:49:43.589Z] GET http://localhost:3000/_next/static/chunks/node_modules_motion-dom_dist_es_0yvtfr6._.js → pending (?ms, ?B)
[2026-03-29T04:49:43.589Z] GET http://localhost:3000/_next/static/chunks/node_modules_framer-motion_dist_es_0u-q4w1._.js → pending (?ms, ?B)
[2026-03-29T04:49:43.589Z] GET http://localhost:3000/_next/static/chunks/node_modules_tailwind-merge_dist_bundle-mjs_mjs_0ezz.e5._.js → pending (?ms, ?B)
[2026-03-29T04:49:43.589Z] GET http://localhost:3000/_next/static/chunks/node_modules_%40aedifex_editor_src_components_ui_primitives_0p4gol2._.js → pending (?ms, ?B)
[2026-03-29T04:49:43.589Z] GET http://localhost:3000/_next/static/chunks/node_modules_%40aedifex_editor_src_components_ui_panels_014ye9i._.js → pending (?ms, ?B)
[2026-03-29T04:49:43.589Z] GET http://localhost:3000/_next/static/chunks/node_modules_%40aedifex_editor_src_components_ui_command-palette_0n50txs._.js → pending (?ms, ?B)
[2026-03-29T04:49:43.589Z] GET http://localhost:3000/_next/static/chunks/node_modules_%40aedifex_editor_src_components_ui_sidebar_0v.kivs._.js → pending (?ms, ?B)
[2026-03-29T04:49:43.589Z] GET http://localhost:3000/_next/static/chunks/node_modules_%40aedifex_editor_src_components_ui_0ryfiu4._.js → pending (?ms, ?B)
[2026-03-29T04:49:43.589Z] GET http://localhost:3000/_next/static/chunks/node_modules_%40aedifex_editor_src_components_tools_00lymai._.js → pending (?ms, ?B)
[2026-03-29T04:49:43.589Z] GET http://localhost:3000/_next/static/chunks/node_modules_%40aedifex_editor_src_components_ai_0-q1vn6._.js → pending (?ms, ?B)
[2026-03-29T04:49:43.589Z] GET http://localhost:3000/_next/static/chunks/node_modules_%40aedifex_editor_src_components_editor_0sp5ica._.js → pending (?ms, ?B)
[2026-03-29T04:49:43.589Z] GET http://localhost:3000/_next/static/chunks/node_modules_%40aedifex_editor_src_components_0zikryg._.js → pending (?ms, ?B)
[2026-03-29T04:49:43.589Z] GET http://localhost:3000/_next/static/chunks/node_modules_%40aedifex_editor_src_0g8m9sq._.js → pending (?ms, ?B)
[2026-03-29T04:49:43.589Z] GET http://localhost:3000/_next/static/chunks/node_modules_%40visual-json_react_dist_index_mjs_0yl8d61._.js → pending (?ms, ?B)
[2026-03-29T04:49:43.589Z] GET http://localhost:3000/_next/static/chunks/node_modules_%40radix-ui_07jsofp._.js → pending (?ms, ?B)
[2026-03-29T04:49:43.589Z] GET http://localhost:3000/_next/static/chunks/node_modules_%40floating-ui_04skdch._.js → pending (?ms, ?B)
[2026-03-29T04:49:43.589Z] GET http://localhost:3000/_next/static/chunks/node_modules_0j8ofz3._.js → pending (?ms, ?B)
[2026-03-29T04:49:43.590Z] GET http://localhost:3000/_next/static/chunks/apps_web_app_components_03nq-d5._.js → pending (?ms, ?B)
[2026-03-29T04:49:43.590Z] GET http://localhost:3000/_next/static/chunks/apps_web_app_editor_%5BprojectId%5D_page_tsx_0q9a4f8._.js → pending (?ms, ?B)
[2026-03-29T04:49:43.593Z] GET http://localhost:3000/_next/image?url=%2Ficons%2Fselect.png&w=32&q=75 → 400 (321ms, 43B)
[2026-03-29T04:49:43.598Z] GET http://localhost:3000/_next/image?url=%2Ficons%2Frotate.png&w=32&q=75 → 400 (316ms, 43B)
[2026-03-29T04:49:43.598Z] GET http://localhost:3000/_next/image?url=%2Ficons%2Ftopview.png&w=32&q=75 → 400 (320ms, 43B)
[2026-03-29T04:49:43.934Z] GET http://localhost:3000/_next/static/chunks/%5Bturbopack%5D_browser_dev_hmr-client_hmr-client_ts_0yjw1oe._.js → pending (?ms, ?B)
[2026-03-29T04:49:43.934Z] GET http://localhost:3000/_next/static/chunks/%5Bturbopack%5D_browser_dev_hmr-client_hmr-client_ts_10mygs7._.js → pending (?ms, ?B)
[2026-03-29T04:49:43.953Z] GET http://localhost:3000/__nextjs_font/geist-latin.woff2 → 200 (?ms, ?B)
[2026-03-29T04:49:43.953Z] GET http://localhost:3000/__nextjs_font/geist-mono-latin.woff2 → 200 (?ms, ?B)
[2026-03-29T04:49:44.232Z] GET http://localhost:3000/audios/sfx/grid_snap.mp3 → 404 (126ms, 12374B)
[2026-03-29T04:49:44.232Z] GET http://localhost:3000/audios/sfx/item_delete.mp3 → 404 (126ms, 12376B)
[2026-03-29T04:49:44.232Z] GET http://localhost:3000/audios/sfx/item_pick.mp3 → 404 (126ms, 12374B)
[2026-03-29T04:49:44.232Z] GET http://localhost:3000/audios/sfx/item_place.mp3 → 404 (126ms, 12375B)
[2026-03-29T04:49:44.233Z] GET http://localhost:3000/audios/sfx/item_rotate.mp3 → 404 (125ms, 12376B)
[2026-03-29T04:49:44.233Z] GET http://localhost:3000/audios/sfx/structure_build.mp3 → 404 (125ms, 12380B)
[2026-03-29T04:49:44.233Z] GET http://localhost:3000/audios/sfx/structure_delete.mp3 → 404 (160ms, 12381B)
[2026-03-29T04:49:44.488Z] GET http://localhost:3000/api/projects/K5ONXNkx3z → 200 (13ms, 249B)
[2026-03-29T04:49:44.501Z] GET http://localhost:3000/_next/image?url=%2Ficons%2Fbuild.png&w=32&q=75 → 400 (70ms, 43B)
[2026-03-29T04:49:44.501Z] GET https://api.iconify.design/icon-park-outline.json?icons=perspective → 200 (70ms, 399B)
[2026-03-29T04:49:44.501Z] GET https://api.iconify.design/charm.json?icons=stack-push → 200 (70ms, 347B)
[2026-03-29T04:49:44.570Z] GET http://localhost:3000/icons/site.png → 404 (141ms, 3020B)
[2026-03-29T04:49:44.570Z] GET http://localhost:3000/icons/building.png → 404 (141ms, 3020B)
[2026-03-29T04:49:44.570Z] GET http://localhost:3000/icons/level.png → 404 (142ms, 3020B)
[2026-03-29T04:49:44.570Z] GET http://localhost:3000/icons/room.png → 404 (143ms, 3020B)
[2026-03-29T04:49:44.570Z] GET http://localhost:3000/icons/couch.png → 404 (146ms, 3020B)
[2026-03-29T04:49:44.570Z] GET http://localhost:3000/icons/kitchen.png → 404 (146ms, 3020B)
[2026-03-29T04:49:44.578Z] GET https://api.iconify.design/lucide.json?icons=space%2Cx → 200 (5ms, 433B)
[2026-03-29T04:49:44.578Z] GET https://api.iconify.design/ph.json?icons=mouse-left-click-fill%2Cmouse-right-click-fill → 200 (5ms, 693B)
[2026-03-29T04:49:44.578Z] GET https://api.iconify.design/qlementine-icons.json?icons=mouse-middle-button-16 → 200 (5ms, 1094B)
[2026-03-29T04:49:44.657Z] POST http://localhost:3000/__nextjs_original-stack-frames → 200 (70ms, 676B)
[2026-03-29T04:49:46.769Z] PUT http://localhost:3000/api/projects/K5ONXNkx3z → 200 (25ms, 294B)
[2026-03-29T04:49:55.509Z] PUT http://localhost:3000/api/projects/K5ONXNkx3z/share → 200 (30ms, 97B)
[2026-03-29T04:49:55.596Z] POST http://localhost:3000/api/projects/K5ONXNkx3z/snapshots → 201 (23ms, 188B)
[2026-03-29T04:49:55.678Z] GET http://localhost:3000/api/projects/K5ONXNkx3z/snapshots → 200 (15ms, 190B)
[2026-03-29T04:49:55.747Z] GET http://localhost:3000/api/share/XbOwQ7k9FZ → 200 (11ms, 293B)
[2026-03-29T04:49:55.817Z] POST http://localhost:3000/api/auth/sign-out → 200 (22ms, 16B)
[2026-03-29T04:49:56.939Z] GET http://localhost:3000/dashboard → 307 (6ms, ?B)
[2026-03-29T04:49:56.945Z] GET http://localhost:3000/login?redirect=%2Fdashboard → 200 (36ms, 14422B)
[2026-03-29T04:49:56.986Z] GET http://localhost:3000/_next/static/chunks/apps_web_app_globals_0xyo3ls.css → 304 (3ms, ?B)
[2026-03-29T04:49:56.986Z] GET http://localhost:3000/_next/static/chunks/%5Bturbopack%5D_browser_dev_hmr-client_hmr-client_ts_10z625~._.js → 200 (8ms, 675B)
[2026-03-29T04:49:56.986Z] GET http://localhost:3000/_next/static/chunks/node_modules_next_dist_compiled_next-devtools_index_0553esy.js → 200 (19ms, 746592B)
[2026-03-29T04:49:56.986Z] GET http://localhost:3000/_next/static/chunks/node_modules_next_dist_compiled_react-dom_058-ah~._.js → 200 (43ms, 1057980B)
[2026-03-29T04:49:56.986Z] GET http://localhost:3000/_next/static/chunks/node_modules_next_dist_compiled_react-server-dom-turbopack_0p3wegg._.js → 200 (16ms, 174634B)
[2026-03-29T04:49:56.987Z] GET http://localhost:3000/_next/static/chunks/node_modules_next_dist_compiled_0rpq4pf._.js → 200 (18ms, 144344B)
[2026-03-29T04:49:56.987Z] GET http://localhost:3000/_next/static/chunks/node_modules_next_dist_client_0fhqo1d._.js → 200 (42ms, 742815B)
[2026-03-29T04:49:56.987Z] GET http://localhost:3000/_next/static/chunks/node_modules_next_dist_115brz8._.js → 200 (16ms, 246103B)
[2026-03-29T04:49:56.987Z] GET http://localhost:3000/_next/static/chunks/node_modules_%40swc_helpers_cjs_0-4ujiy._.js → 200 (18ms, 1984B)
[2026-03-29T04:49:56.987Z] GET http://localhost:3000/_next/static/chunks/apps_web_0rqeker._.js → 200 (42ms, 756B)
[2026-03-29T04:49:56.987Z] GET http://localhost:3000/_next/static/chunks/turbopack-apps_web_0p44nws._.js → 200 (43ms, 91093B)
[2026-03-29T04:49:56.988Z] GET http://localhost:3000/_next/static/chunks/node_modules_next_dist_0tt2wve._.js → 200 (42ms, 208717B)
[2026-03-29T04:49:56.988Z] GET http://localhost:3000/_next/static/chunks/apps_web_app_layout_tsx_004glpo._.js → 200 (41ms, 312B)
[2026-03-29T04:49:56.988Z] GET http://localhost:3000/_next/static/chunks/_0b6t67q._.js → 200 (42ms, 179730B)
[2026-03-29T04:49:56.988Z] GET http://localhost:3000/_next/static/chunks/_0pwf4qe._.js → 200 (42ms, 12993B)
[2026-03-29T04:49:56.988Z] GET http://localhost:3000/_next/static/chunks/apps_web_app_login_page_tsx_0q9a4f8._.js → 200 (42ms, 271B)
[2026-03-29T04:49:56.988Z] GET http://localhost:3000/_next/static/chunks/node_modules_next_dist_client_components_builtin_global-error_0q9a4f8.js → 200 (42ms, 212B)
[2026-03-29T04:49:57.036Z] GET http://localhost:3000/_next/static/chunks/%5Bturbopack%5D_browser_dev_hmr-client_hmr-client_ts_0yjw1oe._.js → 200 (29ms, 15461B)
[2026-03-29T04:49:57.036Z] GET http://localhost:3000/_next/static/chunks/%5Bturbopack%5D_browser_dev_hmr-client_hmr-client_ts_10mygs7._.js → 200 (29ms, 289B)
[2026-03-29T04:49:57.067Z] GET http://localhost:3000/__nextjs_font/geist-latin.woff2 → 200 (?ms, ?B)
[2026-03-29T04:49:57.068Z] GET http://localhost:3000/__nextjs_font/geist-mono-latin.woff2 → 200 (?ms, ?B)
[2026-03-29T04:50:05.363Z] GET http://localhost:3000/login → 200 (22ms, 14340B)
[2026-03-29T04:50:05.388Z] GET http://localhost:3000/_next/static/chunks/apps_web_app_globals_0xyo3ls.css → 304 (3ms, ?B)
[2026-03-29T04:50:05.388Z] GET http://localhost:3000/_next/static/chunks/%5Bturbopack%5D_browser_dev_hmr-client_hmr-client_ts_10z625~._.js → 200 (4ms, 675B)
[2026-03-29T04:50:05.388Z] GET http://localhost:3000/_next/static/chunks/node_modules_next_dist_compiled_next-devtools_index_0553esy.js → 200 (20ms, 746592B)
[2026-03-29T04:50:05.388Z] GET http://localhost:3000/_next/static/chunks/node_modules_next_dist_compiled_react-dom_058-ah~._.js → 200 (24ms, 1057980B)
[2026-03-29T04:50:05.389Z] GET http://localhost:3000/_next/static/chunks/node_modules_next_dist_compiled_react-server-dom-turbopack_0p3wegg._.js → 200 (18ms, 174634B)
[2026-03-29T04:50:05.389Z] GET http://localhost:3000/_next/static/chunks/node_modules_next_dist_compiled_0rpq4pf._.js → 200 (18ms, 144344B)
[2026-03-29T04:50:05.389Z] GET http://localhost:3000/_next/static/chunks/node_modules_next_dist_client_0fhqo1d._.js → 200 (19ms, 742815B)
[2026-03-29T04:50:05.389Z] GET http://localhost:3000/_next/static/chunks/node_modules_next_dist_115brz8._.js → 200 (19ms, 246103B)
[2026-03-29T04:50:05.389Z] GET http://localhost:3000/_next/static/chunks/node_modules_%40swc_helpers_cjs_0-4ujiy._.js → 200 (17ms, 1984B)
[2026-03-29T04:50:05.389Z] GET http://localhost:3000/_next/static/chunks/apps_web_0rqeker._.js → 200 (18ms, 756B)
[2026-03-29T04:50:05.389Z] GET http://localhost:3000/_next/static/chunks/turbopack-apps_web_0p44nws._.js → 200 (24ms, 91093B)
[2026-03-29T04:50:05.389Z] GET http://localhost:3000/_next/static/chunks/node_modules_next_dist_0tt2wve._.js → 200 (31ms, 208717B)
[2026-03-29T04:50:05.389Z] GET http://localhost:3000/_next/static/chunks/apps_web_app_layout_tsx_004glpo._.js → 200 (24ms, 312B)
[2026-03-29T04:50:05.389Z] GET http://localhost:3000/_next/static/chunks/_0b6t67q._.js → 200 (32ms, 179730B)
[2026-03-29T04:50:05.389Z] GET http://localhost:3000/_next/static/chunks/_0pwf4qe._.js → 200 (30ms, 12993B)
[2026-03-29T04:50:05.389Z] GET http://localhost:3000/_next/static/chunks/apps_web_app_login_page_tsx_0q9a4f8._.js → 200 (30ms, 271B)
[2026-03-29T04:50:05.389Z] GET http://localhost:3000/_next/static/chunks/node_modules_next_dist_client_components_builtin_global-error_0q9a4f8.js → 200 (52ms, 212B)
[2026-03-29T04:50:05.419Z] GET http://localhost:3000/_next/static/chunks/%5Bturbopack%5D_browser_dev_hmr-client_hmr-client_ts_0yjw1oe._.js → 200 (41ms, 15461B)
[2026-03-29T04:50:05.419Z] GET http://localhost:3000/_next/static/chunks/%5Bturbopack%5D_browser_dev_hmr-client_hmr-client_ts_10mygs7._.js → 200 (41ms, 289B)
[2026-03-29T04:50:05.470Z] GET http://localhost:3000/__nextjs_font/geist-latin.woff2 → 200 (?ms, ?B)
[2026-03-29T04:50:05.470Z] GET http://localhost:3000/__nextjs_font/geist-mono-latin.woff2 → 200 (?ms, ?B)
[2026-03-29T04:50:06.638Z] POST http://localhost:3000/api/auth/sign-in/email → pending (?ms, ?B)
[2026-03-29T04:50:07.887Z] GET http://localhost:3000/dashboard?_rsc=13uu9 → 200 (22ms, 5566B)
[2026-03-29T04:50:07.948Z] GET http://localhost:3000/_next/static/chunks/_03p8es7._.js → 200 (7ms, 184270B)
[2026-03-29T04:50:07.948Z] GET http://localhost:3000/_next/static/chunks/_0om3g16._.js → 200 (6ms, 19429B)
[2026-03-29T04:50:07.948Z] GET http://localhost:3000/_next/static/chunks/apps_web_app_dashboard_layout_tsx_0q9a4f8._.js → 200 (6ms, 271B)
[2026-03-29T04:50:07.981Z] GET http://localhost:3000/_next/static/chunks/apps_web_0q812xr._.js → 200 (2ms, 59977B)
[2026-03-29T04:50:07.981Z] GET http://localhost:3000/_next/static/chunks/apps_web_app_dashboard_page_tsx_00jkz0g._.js → 200 (2ms, 249B)
[2026-03-29T04:50:07.997Z] GET http://localhost:3000/_next/static/chunks/_03p8es7._.js → 304 (30ms, ?B)
[2026-03-29T04:50:07.997Z] GET http://localhost:3000/_next/static/chunks/_0om3g16._.js → 304 (30ms, ?B)
[2026-03-29T04:50:07.997Z] GET http://localhost:3000/_next/static/chunks/apps_web_app_dashboard_layout_tsx_0q9a4f8._.js → 304 (30ms, ?B)
[2026-03-29T04:50:07.997Z] GET http://localhost:3000/_next/static/chunks/apps_web_0q812xr._.js → 304 (30ms, ?B)
[2026-03-29T04:50:07.997Z] GET http://localhost:3000/_next/static/chunks/apps_web_app_dashboard_page_tsx_00jkz0g._.js → 304 (30ms, ?B)
[2026-03-29T04:50:08.715Z] GET http://localhost:3000/api/auth/get-session → 200 (10ms, 712B)
[2026-03-29T04:50:08.781Z] POST http://localhost:3000/api/projects → 201 (21ms, 243B)
[2026-03-29T04:50:19.515Z] GET http://localhost:3000/editor/ezfSJxWmhG → 200 (55ms, 43339B)
[2026-03-29T04:50:19.576Z] GET http://localhost:3000/_next/static/chunks/apps_web_app_globals_0xyo3ls.css → 304 (5ms, ?B)
[2026-03-29T04:50:19.576Z] GET http://localhost:3000/icons/room.png → 404 (61ms, 3020B)
[2026-03-29T04:50:19.576Z] GET http://localhost:3000/icons/mesh.png → 404 (83ms, 3020B)
[2026-03-29T04:50:19.576Z] GET http://localhost:3000/icons/floorplan.png → 404 (93ms, 3020B)
[2026-03-29T04:50:19.576Z] GET http://localhost:3000/icons/blueprint.png → 404 (99ms, 3020B)
[2026-03-29T04:50:19.576Z] GET http://localhost:3000/icons/level.png → 404 (93ms, 3020B)
[2026-03-29T04:50:19.576Z] GET http://localhost:3000/icons/settings.png → 404 (175ms, 3020B)
[2026-03-29T04:50:19.577Z] GET http://localhost:3000/_next/static/chunks/%5Bturbopack%5D_browser_dev_hmr-client_hmr-client_ts_10z625~._.js → 304 (116ms, ?B)
[2026-03-29T04:50:19.577Z] GET http://localhost:3000/_next/static/chunks/node_modules_next_dist_compiled_next-devtools_index_0553esy.js → 304 (137ms, ?B)
[2026-03-29T04:50:19.577Z] GET http://localhost:3000/_next/static/chunks/node_modules_next_dist_compiled_react-dom_058-ah~._.js → 304 (182ms, ?B)
[2026-03-29T04:50:19.577Z] GET http://localhost:3000/_next/static/chunks/node_modules_next_dist_compiled_react-server-dom-turbopack_0p3wegg._.js → 304 (200ms, ?B)
[2026-03-29T04:50:19.577Z] GET http://localhost:3000/_next/static/chunks/node_modules_next_dist_compiled_0rpq4pf._.js → 304 (208ms, ?B)
[2026-03-29T04:50:19.577Z] GET http://localhost:3000/_next/static/chunks/node_modules_next_dist_client_0fhqo1d._.js → 304 (211ms, ?B)
[2026-03-29T04:50:19.578Z] GET http://localhost:3000/_next/static/chunks/node_modules_next_dist_115brz8._.js → 304 (214ms, ?B)
[2026-03-29T04:50:19.578Z] GET http://localhost:3000/_next/static/chunks/node_modules_%40swc_helpers_cjs_0-4ujiy._.js → 304 (215ms, ?B)
[2026-03-29T04:50:19.578Z] GET http://localhost:3000/_next/static/chunks/apps_web_0rqeker._.js → 304 (216ms, ?B)
[2026-03-29T04:50:19.578Z] GET http://localhost:3000/_next/static/chunks/turbopack-apps_web_0p44nws._.js → 304 (216ms, ?B)
[2026-03-29T04:50:19.578Z] GET http://localhost:3000/_next/static/chunks/node_modules_next_dist_0tt2wve._.js → 304 (227ms, ?B)
[2026-03-29T04:50:19.578Z] GET http://localhost:3000/_next/static/chunks/apps_web_app_layout_tsx_004glpo._.js → 304 (228ms, ?B)
[2026-03-29T04:50:19.578Z] GET http://localhost:3000/_next/static/chunks/node_modules_next_dist_client_components_builtin_global-error_0q9a4f8.js → 304 (229ms, ?B)
[2026-03-29T04:50:19.578Z] GET http://localhost:3000/_next/static/chunks/node_modules_%40aedifex_core_dist_index_0960-36.js → 200 (232ms, 649B)
[2026-03-29T04:50:19.578Z] GET http://localhost:3000/_next/static/chunks/node_modules_next_0c4b-5d._.js → 200 (233ms, 244125B)
[2026-03-29T04:50:19.578Z] GET http://localhost:3000/_next/static/chunks/node_modules_%40aedifex_core_dist_0l7.f8x._.js → 200 (240ms, 360990B)
[2026-03-29T04:50:19.578Z] GET http://localhost:3000/_next/static/chunks/node_modules_zod_0~w4s--._.js → 200 (277ms, 938123B)
[2026-03-29T04:50:19.578Z] GET http://localhost:3000/_next/static/chunks/node_modules_three_build_three_core_0qefhn6.js → 200 (277ms, 1547563B)
[2026-03-29T04:50:19.578Z] GET http://localhost:3000/_next/static/chunks/node_modules_three_build_three_module_024z3_h.js → 200 (255ms, 811406B)
[2026-03-29T04:50:19.578Z] GET http://localhost:3000/_next/static/chunks/node_modules_three_build_three_webgpu_01.b56z.js → 200 (288ms, 2341348B)
[2026-03-29T04:50:19.578Z] GET http://localhost:3000/_next/static/chunks/node_modules_three_build_three_tsl_0p90gfk.js → 200 (277ms, 156313B)
[2026-03-29T04:50:19.578Z] GET http://localhost:3000/_next/static/chunks/node_modules_three_build_0ozlpf0._.js → 200 (286ms, 214832B)
[2026-03-29T04:50:19.578Z] GET http://localhost:3000/_next/static/chunks/node_modules_three_examples_jsm_0fklzb1._.js → 200 (286ms, 501621B)
[2026-03-29T04:50:19.578Z] GET http://localhost:3000/_next/static/chunks/node_modules_three_src_0d0mc0p._.js → 200 (284ms, 59762B)
[2026-03-29T04:50:19.578Z] GET http://localhost:3000/_next/static/chunks/node_modules_%40react-three_fiber_dist_01zc48v._.js → 200 (288ms, 815218B)
[2026-03-29T04:50:19.578Z] GET http://localhost:3000/_next/static/chunks/node_modules_three-bvh-csg_src_0jy.4pg._.js → 200 (287ms, 213373B)
[2026-03-29T04:50:19.578Z] GET http://localhost:3000/_next/static/chunks/node_modules_066wwa3._.js → 200 (288ms, 599543B)
[2026-03-29T04:50:19.578Z] GET http://localhost:3000/_next/static/chunks/node_modules_%40aedifex_viewer_dist_13-h0wg._.js → 200 (355ms, 386843B)
[2026-03-29T04:50:19.578Z] GET http://localhost:3000/_next/static/chunks/node_modules_three-stdlib_00s9d_7._.js → 200 (319ms, 208953B)
[2026-03-29T04:50:19.579Z] GET http://localhost:3000/_next/static/chunks/_0h5zgrk._.js → 200 (318ms, 160980B)
[2026-03-29T04:50:19.579Z] GET http://localhost:3000/_next/static/chunks/node_modules_motion-dom_dist_es_0yvtfr6._.js → 200 (354ms, 610676B)
[2026-03-29T04:50:19.579Z] GET http://localhost:3000/_next/static/chunks/node_modules_framer-motion_dist_es_0u-q4w1._.js → 200 (318ms, 249908B)
[2026-03-29T04:50:19.579Z] GET http://localhost:3000/_next/static/chunks/node_modules_tailwind-merge_dist_bundle-mjs_mjs_0ezz.e5._.js → 200 (320ms, 149216B)
[2026-03-29T04:50:19.579Z] GET http://localhost:3000/_next/static/chunks/node_modules_%40aedifex_editor_src_components_ui_primitives_0p4gol2._.js → 200 (362ms, 173797B)
[2026-03-29T04:50:19.579Z] GET http://localhost:3000/_next/static/chunks/node_modules_%40aedifex_editor_src_components_ui_panels_014ye9i._.js → 200 (427ms, 586762B)
[2026-03-29T04:50:19.579Z] GET http://localhost:3000/_next/static/chunks/node_modules_%40aedifex_editor_src_components_ui_command-palette_0n50txs._.js → 200 (427ms, 159290B)
[2026-03-29T04:50:19.579Z] GET http://localhost:3000/_next/static/chunks/node_modules_%40aedifex_editor_src_components_ui_sidebar_0v.kivs._.js → 200 (428ms, 620935B)
[2026-03-29T04:50:19.579Z] GET http://localhost:3000/_next/static/chunks/node_modules_%40aedifex_editor_src_components_ui_0ryfiu4._.js → 200 (427ms, 327971B)
[2026-03-29T04:50:19.579Z] GET http://localhost:3000/_next/static/chunks/node_modules_%40aedifex_editor_src_components_tools_00lymai._.js → 200 (428ms, 577628B)
[2026-03-29T04:50:19.580Z] GET http://localhost:3000/_next/static/chunks/node_modules_%40aedifex_editor_src_components_ai_0-q1vn6._.js → 200 (427ms, 305177B)
[2026-03-29T04:50:19.580Z] GET http://localhost:3000/_next/static/chunks/node_modules_%40aedifex_editor_src_components_editor_0sp5ica._.js → 200 (427ms, ?B)
[2026-03-29T04:50:19.580Z] GET http://localhost:3000/_next/static/chunks/node_modules_%40aedifex_editor_src_components_0zikryg._.js → 200 (427ms, 130186B)
[2026-03-29T04:50:19.580Z] GET http://localhost:3000/_next/static/chunks/node_modules_%40aedifex_editor_src_0g8m9sq._.js → 200 (427ms, 119753B)
[2026-03-29T04:50:19.580Z] GET http://localhost:3000/_next/static/chunks/node_modules_%40visual-json_react_dist_index_mjs_0yl8d61._.js → 200 (427ms, 186029B)
[2026-03-29T04:50:19.580Z] GET http://localhost:3000/_next/static/chunks/node_modules_%40radix-ui_07jsofp._.js → 200 (427ms, ?B)
[2026-03-29T04:50:19.580Z] GET http://localhost:3000/_next/static/chunks/node_modules_%40floating-ui_04skdch._.js → 200 (431ms, ?B)
[2026-03-29T04:50:19.581Z] GET http://localhost:3000/_next/static/chunks/node_modules_0j8ofz3._.js → 200 (431ms, ?B)
[2026-03-29T04:50:19.581Z] GET http://localhost:3000/_next/static/chunks/apps_web_app_components_03nq-d5._.js → 200 (426ms, ?B)
[2026-03-29T04:50:19.581Z] GET http://localhost:3000/_next/static/chunks/apps_web_app_editor_%5BprojectId%5D_page_tsx_0q9a4f8._.js → 200 (426ms, ?B)
[2026-03-29T04:50:19.585Z] GET http://localhost:3000/_next/image?url=%2Ficons%2Fselect.png&w=32&q=75 → 400 (201ms, 43B)
[2026-03-29T04:50:19.585Z] GET http://localhost:3000/_next/image?url=%2Ficons%2Frotate.png&w=32&q=75 → 400 (206ms, 43B)
[2026-03-29T04:50:19.585Z] GET http://localhost:3000/_next/image?url=%2Ficons%2Ftopview.png&w=32&q=75 → 400 (197ms, 43B)
[2026-03-29T04:50:19.804Z] GET http://localhost:3000/_next/static/chunks/%5Bturbopack%5D_browser_dev_hmr-client_hmr-client_ts_0yjw1oe._.js → 304 (205ms, ?B)
[2026-03-29T04:50:19.805Z] GET http://localhost:3000/_next/static/chunks/%5Bturbopack%5D_browser_dev_hmr-client_hmr-client_ts_10mygs7._.js → 304 (206ms, ?B)
[2026-03-29T04:50:19.822Z] GET http://localhost:3000/__nextjs_font/geist-latin.woff2 → 200 (?ms, ?B)
[2026-03-29T04:50:19.824Z] GET http://localhost:3000/__nextjs_font/geist-mono-latin.woff2 → 200 (1ms, ?B)
[2026-03-29T04:50:20.060Z] GET http://localhost:3000/audios/sfx/grid_snap.mp3 → pending (?ms, ?B)
[2026-03-29T04:50:20.060Z] GET http://localhost:3000/audios/sfx/item_delete.mp3 → pending (?ms, ?B)
[2026-03-29T04:50:20.060Z] GET http://localhost:3000/audios/sfx/item_pick.mp3 → pending (?ms, ?B)
[2026-03-29T04:50:20.060Z] GET http://localhost:3000/audios/sfx/item_place.mp3 → pending (?ms, ?B)
[2026-03-29T04:50:20.060Z] GET http://localhost:3000/audios/sfx/item_rotate.mp3 → pending (?ms, ?B)
[2026-03-29T04:50:20.060Z] GET http://localhost:3000/audios/sfx/structure_build.mp3 → pending (?ms, ?B)
[2026-03-29T04:50:20.061Z] GET http://localhost:3000/audios/sfx/structure_delete.mp3 → pending (?ms, ?B)
[2026-03-29T04:50:20.267Z] GET http://localhost:3000/api/projects/ezfSJxWmhG → 200 (10ms, 243B)
[2026-03-29T04:50:20.272Z] GET http://localhost:3000/_next/image?url=%2Ficons%2Fbuild.png&w=32&q=75 → 400 (59ms, 43B)
[2026-03-29T04:50:20.279Z] GET https://api.iconify.design/icon-park-outline.json?icons=perspective → 200 (53ms, 399B)
[2026-03-29T04:50:20.279Z] GET https://api.iconify.design/charm.json?icons=stack-push → 200 (53ms, 347B)
[2026-03-29T04:50:20.331Z] GET http://localhost:3000/icons/site.png → 404 (145ms, 3020B)
[2026-03-29T04:50:20.331Z] GET http://localhost:3000/icons/building.png → 404 (146ms, 3020B)
[2026-03-29T04:50:20.331Z] GET http://localhost:3000/icons/level.png → 404 (146ms, 3020B)
[2026-03-29T04:50:20.331Z] GET http://localhost:3000/icons/room.png → 404 (158ms, 3020B)
[2026-03-29T04:50:20.331Z] GET http://localhost:3000/icons/couch.png → 404 (158ms, 3020B)
[2026-03-29T04:50:20.331Z] GET http://localhost:3000/icons/kitchen.png → 404 (164ms, 3020B)
[2026-03-29T04:50:20.337Z] GET https://api.iconify.design/lucide.json?icons=space%2Cx → 200 (1ms, 433B)
[2026-03-29T04:50:20.337Z] GET https://api.iconify.design/ph.json?icons=mouse-left-click-fill%2Cmouse-right-click-fill → 200 (1ms, 693B)
[2026-03-29T04:50:20.338Z] GET https://api.iconify.design/qlementine-icons.json?icons=mouse-middle-button-16 → 200 (1ms, 1094B)
[2026-03-29T04:50:20.367Z] POST http://localhost:3000/__nextjs_original-stack-frames → 200 (140ms, 676B)
[2026-03-29T04:50:21.807Z] PUT http://localhost:3000/api/projects/ezfSJxWmhG → 200 (25ms, 297B)
[2026-03-29T04:50:21.883Z] PUT http://localhost:3000/api/projects/ezfSJxWmhG/share → 200 (20ms, 97B)
[2026-03-29T04:50:21.961Z] POST http://localhost:3000/api/projects/ezfSJxWmhG/snapshots → 201 (18ms, 166B)
[2026-03-29T04:50:22.037Z] POST http://localhost:3000/api/projects/ezfSJxWmhG/snapshots → 201 (18ms, 166B)
[2026-03-29T04:50:22.105Z] GET http://localhost:3000/api/projects/ezfSJxWmhG/snapshots → 200 (11ms, 335B)
[2026-03-29T04:50:22.166Z] POST http://localhost:3000/api/stripe/checkout → 500 (282ms, 57B)
[2026-03-29T04:50:22.502Z] POST http://localhost:3000/api/stripe/portal → 400 (14ms, 59B)
[2026-03-29T04:50:22.566Z] POST http://localhost:3000/api/auth/sign-out → 200 (13ms, 16B)
[2026-03-29T04:50:57.103Z] GET http://localhost:3000/login → 200 (38ms, 14340B)
[2026-03-29T04:50:57.147Z] GET http://localhost:3000/_next/static/chunks/apps_web_app_globals_0xyo3ls.css → 304 (3ms, ?B)
[2026-03-29T04:50:57.147Z] GET http://localhost:3000/_next/static/chunks/%5Bturbopack%5D_browser_dev_hmr-client_hmr-client_ts_10z625~._.js → 200 (17ms, 675B)
[2026-03-29T04:50:57.147Z] GET http://localhost:3000/_next/static/chunks/node_modules_next_dist_compiled_next-devtools_index_0553esy.js → 200 (19ms, ?B)
[2026-03-29T04:50:57.148Z] GET http://localhost:3000/_next/static/chunks/node_modules_next_dist_compiled_react-dom_058-ah~._.js → pending (?ms, ?B)
[2026-03-29T04:50:57.148Z] GET http://localhost:3000/_next/static/chunks/node_modules_next_dist_compiled_react-server-dom-turbopack_0p3wegg._.js → pending (?ms, ?B)
[2026-03-29T04:50:57.148Z] GET http://localhost:3000/_next/static/chunks/node_modules_next_dist_compiled_0rpq4pf._.js → pending (?ms, ?B)
[2026-03-29T04:50:57.148Z] GET http://localhost:3000/_next/static/chunks/node_modules_next_dist_client_0fhqo1d._.js → 200 (17ms, ?B)
[2026-03-29T04:50:57.148Z] GET http://localhost:3000/_next/static/chunks/node_modules_next_dist_115brz8._.js → pending (?ms, ?B)
[2026-03-29T04:50:57.148Z] GET http://localhost:3000/_next/static/chunks/node_modules_%40swc_helpers_cjs_0-4ujiy._.js → pending (?ms, ?B)
[2026-03-29T04:50:57.148Z] GET http://localhost:3000/_next/static/chunks/apps_web_0rqeker._.js → pending (?ms, ?B)
[2026-03-29T04:50:57.148Z] GET http://localhost:3000/_next/static/chunks/turbopack-apps_web_0p44nws._.js → pending (?ms, ?B)
[2026-03-29T04:50:57.148Z] GET http://localhost:3000/_next/static/chunks/node_modules_next_dist_0tt2wve._.js → pending (?ms, ?B)
[2026-03-29T04:50:57.148Z] GET http://localhost:3000/_next/static/chunks/apps_web_app_layout_tsx_004glpo._.js → pending (?ms, ?B)
[2026-03-29T04:50:57.148Z] GET http://localhost:3000/_next/static/chunks/_0b6t67q._.js → pending (?ms, ?B)
[2026-03-29T04:50:57.149Z] GET http://localhost:3000/_next/static/chunks/_0pwf4qe._.js → pending (?ms, ?B)
[2026-03-29T04:50:57.149Z] GET http://localhost:3000/_next/static/chunks/apps_web_app_login_page_tsx_0q9a4f8._.js → pending (?ms, ?B)
[2026-03-29T04:50:57.149Z] GET http://localhost:3000/_next/static/chunks/node_modules_next_dist_client_components_builtin_global-error_0q9a4f8.js → pending (?ms, ?B)
[2026-03-29T04:50:57.206Z] GET http://localhost:3000/_next/static/chunks/%5Bturbopack%5D_browser_dev_hmr-client_hmr-client_ts_0yjw1oe._.js → 200 (24ms, 15461B)
[2026-03-29T04:50:57.206Z] GET http://localhost:3000/_next/static/chunks/%5Bturbopack%5D_browser_dev_hmr-client_hmr-client_ts_10mygs7._.js → 200 (24ms, 289B)
[2026-03-29T04:50:57.233Z] GET http://localhost:3000/__nextjs_font/geist-latin.woff2 → 200 (1ms, ?B)
[2026-03-29T04:50:57.234Z] GET http://localhost:3000/__nextjs_font/geist-mono-latin.woff2 → 200 (?ms, ?B)
[2026-03-29T04:50:58.405Z] POST http://localhost:3000/api/auth/sign-in/email → pending (?ms, ?B)
[2026-03-29T04:50:59.655Z] GET http://localhost:3000/dashboard?_rsc=13uu9 → 200 (12ms, 5578B)
[2026-03-29T04:50:59.690Z] GET http://localhost:3000/_next/static/chunks/_03p8es7._.js → 200 (8ms, 184270B)
[2026-03-29T04:50:59.690Z] GET http://localhost:3000/_next/static/chunks/_0om3g16._.js → 200 (5ms, 19429B)
[2026-03-29T04:50:59.690Z] GET http://localhost:3000/_next/static/chunks/apps_web_app_dashboard_layout_tsx_0q9a4f8._.js → 200 (5ms, 271B)
[2026-03-29T04:50:59.699Z] GET http://localhost:3000/_next/static/chunks/apps_web_0q812xr._.js → 200 (10ms, 59977B)
[2026-03-29T04:50:59.699Z] GET http://localhost:3000/_next/static/chunks/apps_web_app_dashboard_page_tsx_00jkz0g._.js → 200 (10ms, 249B)
[2026-03-29T04:50:59.720Z] GET http://localhost:3000/_next/static/chunks/_03p8es7._.js → 304 (1ms, ?B)
[2026-03-29T04:50:59.720Z] GET http://localhost:3000/_next/static/chunks/_0om3g16._.js → 304 (1ms, ?B)
[2026-03-29T04:50:59.720Z] GET http://localhost:3000/_next/static/chunks/apps_web_app_dashboard_layout_tsx_0q9a4f8._.js → 304 (2ms, ?B)
[2026-03-29T04:50:59.720Z] GET http://localhost:3000/_next/static/chunks/apps_web_0q812xr._.js → 304 (2ms, ?B)
[2026-03-29T04:50:59.721Z] GET http://localhost:3000/_next/static/chunks/apps_web_app_dashboard_page_tsx_00jkz0g._.js → 304 (1ms, ?B)
[2026-03-29T04:51:00.495Z] GET http://localhost:3000/api/auth/get-session → 200 (24ms, 737B)
[2026-03-29T04:51:00.573Z] POST http://localhost:3000/api/projects → 201 (20ms, 246B)
[2026-03-29T04:51:11.465Z] GET http://localhost:3000/editor/bHJDs7RoxC → 200 (72ms, 43339B)
[2026-03-29T04:51:11.539Z] GET http://localhost:3000/_next/static/chunks/apps_web_app_globals_0xyo3ls.css → 304 (13ms, ?B)
[2026-03-29T04:51:11.548Z] GET http://localhost:3000/icons/room.png → 404 (64ms, 3020B)
[2026-03-29T04:51:11.548Z] GET http://localhost:3000/icons/mesh.png → 404 (84ms, 3020B)
[2026-03-29T04:51:11.548Z] GET http://localhost:3000/icons/floorplan.png → 404 (135ms, 3020B)
[2026-03-29T04:51:11.548Z] GET http://localhost:3000/icons/blueprint.png → 404 (148ms, 3020B)
[2026-03-29T04:51:11.548Z] GET http://localhost:3000/icons/level.png → 404 (156ms, 3020B)
[2026-03-29T04:51:11.548Z] GET http://localhost:3000/icons/settings.png → 404 (217ms, 3020B)
[2026-03-29T04:51:11.548Z] GET http://localhost:3000/_next/static/chunks/%5Bturbopack%5D_browser_dev_hmr-client_hmr-client_ts_10z625~._.js → 304 (178ms, ?B)
[2026-03-29T04:51:11.549Z] GET http://localhost:3000/_next/static/chunks/node_modules_next_dist_compiled_next-devtools_index_0553esy.js → 304 (178ms, ?B)
[2026-03-29T04:51:11.549Z] GET http://localhost:3000/_next/static/chunks/node_modules_next_dist_compiled_react-dom_058-ah~._.js → 304 (222ms, ?B)
[2026-03-29T04:51:11.549Z] GET http://localhost:3000/_next/static/chunks/node_modules_next_dist_compiled_react-server-dom-turbopack_0p3wegg._.js → 304 (222ms, ?B)
[2026-03-29T04:51:11.549Z] GET http://localhost:3000/_next/static/chunks/node_modules_next_dist_compiled_0rpq4pf._.js → 304 (283ms, ?B)
[2026-03-29T04:51:11.549Z] GET http://localhost:3000/_next/static/chunks/node_modules_next_dist_client_0fhqo1d._.js → 304 (284ms, ?B)
[2026-03-29T04:51:11.549Z] GET http://localhost:3000/_next/static/chunks/node_modules_next_dist_115brz8._.js → 304 (296ms, ?B)
[2026-03-29T04:51:11.549Z] GET http://localhost:3000/_next/static/chunks/node_modules_%40swc_helpers_cjs_0-4ujiy._.js → 304 (301ms, ?B)
[2026-03-29T04:51:11.549Z] GET http://localhost:3000/_next/static/chunks/apps_web_0rqeker._.js → 304 (299ms, ?B)
[2026-03-29T04:51:11.549Z] GET http://localhost:3000/_next/static/chunks/turbopack-apps_web_0p44nws._.js → 304 (300ms, ?B)
[2026-03-29T04:51:11.549Z] GET http://localhost:3000/_next/static/chunks/node_modules_next_dist_0tt2wve._.js → 304 (331ms, ?B)
[2026-03-29T04:51:11.549Z] GET http://localhost:3000/_next/static/chunks/apps_web_app_layout_tsx_004glpo._.js → 304 (331ms, ?B)
[2026-03-29T04:51:11.549Z] GET http://localhost:3000/_next/static/chunks/node_modules_next_dist_client_components_builtin_global-error_0q9a4f8.js → 304 (331ms, ?B)
[2026-03-29T04:51:11.549Z] GET http://localhost:3000/_next/static/chunks/node_modules_%40aedifex_core_dist_index_0960-36.js → 200 (331ms, 649B)
[2026-03-29T04:51:11.549Z] GET http://localhost:3000/_next/static/chunks/node_modules_next_0c4b-5d._.js → 200 (333ms, 244125B)
[2026-03-29T04:51:11.549Z] GET http://localhost:3000/_next/static/chunks/node_modules_%40aedifex_core_dist_0l7.f8x._.js → 200 (348ms, 360990B)
[2026-03-29T04:51:11.549Z] GET http://localhost:3000/_next/static/chunks/node_modules_zod_0~w4s--._.js → 200 (350ms, 938123B)
[2026-03-29T04:51:11.549Z] GET http://localhost:3000/_next/static/chunks/node_modules_three_build_three_core_0qefhn6.js → 200 (364ms, 1547563B)
[2026-03-29T04:51:11.549Z] GET http://localhost:3000/_next/static/chunks/node_modules_three_build_three_module_024z3_h.js → 200 (351ms, 811406B)
[2026-03-29T04:51:11.549Z] GET http://localhost:3000/_next/static/chunks/node_modules_three_build_three_webgpu_01.b56z.js → 200 (408ms, 2341348B)
[2026-03-29T04:51:11.549Z] GET http://localhost:3000/_next/static/chunks/node_modules_three_build_three_tsl_0p90gfk.js → 200 (366ms, 156313B)
[2026-03-29T04:51:11.549Z] GET http://localhost:3000/_next/static/chunks/node_modules_three_build_0ozlpf0._.js → 200 (366ms, 214832B)
[2026-03-29T04:51:11.549Z] GET http://localhost:3000/_next/static/chunks/node_modules_three_examples_jsm_0fklzb1._.js → 200 (408ms, 501621B)
[2026-03-29T04:51:11.549Z] GET http://localhost:3000/_next/static/chunks/node_modules_three_src_0d0mc0p._.js → 200 (405ms, 59762B)
[2026-03-29T04:51:11.549Z] GET http://localhost:3000/_next/static/chunks/node_modules_%40react-three_fiber_dist_01zc48v._.js → 200 (408ms, 815218B)
[2026-03-29T04:51:11.549Z] GET http://localhost:3000/_next/static/chunks/node_modules_three-bvh-csg_src_0jy.4pg._.js → 200 (408ms, 213373B)
[2026-03-29T04:51:11.549Z] GET http://localhost:3000/_next/static/chunks/node_modules_066wwa3._.js → 200 (408ms, 599543B)
[2026-03-29T04:51:11.550Z] GET http://localhost:3000/_next/static/chunks/node_modules_%40aedifex_viewer_dist_13-h0wg._.js → 200 (442ms, 386843B)
[2026-03-29T04:51:11.550Z] GET http://localhost:3000/_next/static/chunks/node_modules_three-stdlib_00s9d_7._.js → 200 (441ms, 208953B)
[2026-03-29T04:51:11.550Z] GET http://localhost:3000/_next/static/chunks/_0h5zgrk._.js → 200 (442ms, 160980B)
[2026-03-29T04:51:11.550Z] GET http://localhost:3000/_next/static/chunks/node_modules_motion-dom_dist_es_0yvtfr6._.js → 200 (444ms, 610676B)
[2026-03-29T04:51:11.550Z] GET http://localhost:3000/_next/static/chunks/node_modules_framer-motion_dist_es_0u-q4w1._.js → 200 (442ms, 249908B)
[2026-03-29T04:51:11.550Z] GET http://localhost:3000/_next/static/chunks/node_modules_tailwind-merge_dist_bundle-mjs_mjs_0ezz.e5._.js → 200 (444ms, 149216B)
[2026-03-29T04:51:11.550Z] GET http://localhost:3000/_next/static/chunks/node_modules_%40aedifex_editor_src_components_ui_primitives_0p4gol2._.js → 200 (444ms, 173797B)
[2026-03-29T04:51:11.551Z] GET http://localhost:3000/_next/static/chunks/node_modules_%40aedifex_editor_src_components_ui_panels_014ye9i._.js → 200 (444ms, 586762B)
[2026-03-29T04:51:11.551Z] GET http://localhost:3000/_next/static/chunks/node_modules_%40aedifex_editor_src_components_ui_command-palette_0n50txs._.js → 200 (443ms, 159290B)
[2026-03-29T04:51:11.551Z] GET http://localhost:3000/_next/static/chunks/node_modules_%40aedifex_editor_src_components_ui_sidebar_0v.kivs._.js → 200 (444ms, 620935B)
[2026-03-29T04:51:11.551Z] GET http://localhost:3000/_next/static/chunks/node_modules_%40aedifex_editor_src_components_ui_0ryfiu4._.js → 200 (444ms, 327971B)
[2026-03-29T04:51:11.551Z] GET http://localhost:3000/_next/static/chunks/node_modules_%40aedifex_editor_src_components_tools_00lymai._.js → 200 (445ms, 577628B)
[2026-03-29T04:51:11.551Z] GET http://localhost:3000/_next/static/chunks/node_modules_%40aedifex_editor_src_components_ai_0-q1vn6._.js → 200 (445ms, 305177B)
[2026-03-29T04:51:11.551Z] GET http://localhost:3000/_next/static/chunks/node_modules_%40aedifex_editor_src_components_editor_0sp5ica._.js → 200 (445ms, ?B)
[2026-03-29T04:51:11.551Z] GET http://localhost:3000/_next/static/chunks/node_modules_%40aedifex_editor_src_components_0zikryg._.js → 200 (444ms, 130186B)
[2026-03-29T04:51:11.551Z] GET http://localhost:3000/_next/static/chunks/node_modules_%40aedifex_editor_src_0g8m9sq._.js → 200 (446ms, ?B)
[2026-03-29T04:51:11.551Z] GET http://localhost:3000/_next/static/chunks/node_modules_%40visual-json_react_dist_index_mjs_0yl8d61._.js → 200 (447ms, ?B)
[2026-03-29T04:51:11.551Z] GET http://localhost:3000/_next/static/chunks/node_modules_%40radix-ui_07jsofp._.js → 200 (448ms, ?B)
[2026-03-29T04:51:11.551Z] GET http://localhost:3000/_next/static/chunks/node_modules_%40floating-ui_04skdch._.js → 200 (447ms, ?B)
[2026-03-29T04:51:11.551Z] GET http://localhost:3000/_next/static/chunks/node_modules_0j8ofz3._.js → 200 (451ms, ?B)
[2026-03-29T04:51:11.551Z] GET http://localhost:3000/_next/static/chunks/apps_web_app_components_03nq-d5._.js → 200 (446ms, ?B)
[2026-03-29T04:51:11.551Z] GET http://localhost:3000/_next/static/chunks/apps_web_app_editor_%5BprojectId%5D_page_tsx_0q9a4f8._.js → 200 (448ms, ?B)
[2026-03-29T04:51:11.552Z] GET http://localhost:3000/_next/image?url=%2Ficons%2Fselect.png&w=32&q=75 → 400 (290ms, 43B)
[2026-03-29T04:51:11.552Z] GET http://localhost:3000/_next/image?url=%2Ficons%2Frotate.png&w=32&q=75 → 400 (282ms, 43B)
[2026-03-29T04:51:11.552Z] GET http://localhost:3000/_next/image?url=%2Ficons%2Ftopview.png&w=32&q=75 → 400 (293ms, 43B)
[2026-03-29T04:51:11.877Z] GET http://localhost:3000/_next/static/chunks/%5Bturbopack%5D_browser_dev_hmr-client_hmr-client_ts_0yjw1oe._.js → 304 (122ms, ?B)
[2026-03-29T04:51:11.878Z] GET http://localhost:3000/_next/static/chunks/%5Bturbopack%5D_browser_dev_hmr-client_hmr-client_ts_10mygs7._.js → 304 (121ms, ?B)
[2026-03-29T04:51:11.883Z] GET http://localhost:3000/__nextjs_font/geist-latin.woff2 → 200 (?ms, ?B)
[2026-03-29T04:51:11.897Z] GET http://localhost:3000/__nextjs_font/geist-mono-latin.woff2 → 200 (?ms, ?B)
[2026-03-29T04:51:12.103Z] GET http://localhost:3000/audios/sfx/grid_snap.mp3 → pending (?ms, ?B)
[2026-03-29T04:51:12.103Z] GET http://localhost:3000/audios/sfx/item_delete.mp3 → pending (?ms, ?B)
[2026-03-29T04:51:12.103Z] GET http://localhost:3000/audios/sfx/item_pick.mp3 → pending (?ms, ?B)
[2026-03-29T04:51:12.103Z] GET http://localhost:3000/audios/sfx/item_place.mp3 → pending (?ms, ?B)
[2026-03-29T04:51:12.103Z] GET http://localhost:3000/audios/sfx/item_rotate.mp3 → pending (?ms, ?B)
[2026-03-29T04:51:12.103Z] GET http://localhost:3000/audios/sfx/structure_build.mp3 → pending (?ms, ?B)
[2026-03-29T04:51:12.103Z] GET http://localhost:3000/audios/sfx/structure_delete.mp3 → pending (?ms, ?B)
[2026-03-29T04:51:12.331Z] GET http://localhost:3000/api/projects/bHJDs7RoxC → 200 (10ms, 246B)
[2026-03-29T04:51:12.335Z] GET http://localhost:3000/_next/image?url=%2Ficons%2Fbuild.png&w=32&q=75 → 400 (63ms, 43B)
[2026-03-29T04:51:12.341Z] GET https://api.iconify.design/icon-park-outline.json?icons=perspective → 200 (58ms, 399B)
[2026-03-29T04:51:12.341Z] GET https://api.iconify.design/charm.json?icons=stack-push → 200 (58ms, 347B)
[2026-03-29T04:51:12.398Z] GET http://localhost:3000/icons/site.png → 404 (142ms, 3020B)
[2026-03-29T04:51:12.398Z] GET http://localhost:3000/icons/building.png → 404 (142ms, 3020B)
[2026-03-29T04:51:12.398Z] GET http://localhost:3000/icons/level.png → 404 (142ms, 3020B)
[2026-03-29T04:51:12.398Z] GET http://localhost:3000/icons/room.png → 404 (143ms, 3020B)
[2026-03-29T04:51:12.398Z] GET http://localhost:3000/icons/couch.png → 404 (143ms, 3020B)
[2026-03-29T04:51:12.398Z] GET http://localhost:3000/icons/kitchen.png → 404 (153ms, 3020B)
[2026-03-29T04:51:12.417Z] GET https://api.iconify.design/lucide.json?icons=space%2Cx → 200 (3ms, 433B)
[2026-03-29T04:51:12.417Z] GET https://api.iconify.design/ph.json?icons=mouse-left-click-fill%2Cmouse-right-click-fill → 200 (3ms, 693B)
[2026-03-29T04:51:12.417Z] GET https://api.iconify.design/qlementine-icons.json?icons=mouse-middle-button-16 → 200 (3ms, 1094B)
[2026-03-29T04:51:12.446Z] POST http://localhost:3000/__nextjs_original-stack-frames → 200 (107ms, 676B)
[2026-03-29T04:51:13.846Z] PUT http://localhost:3000/api/projects/bHJDs7RoxC → 200 (21ms, 253B)
[2026-03-29T04:51:13.918Z] PUT http://localhost:3000/api/projects/bHJDs7RoxC/share → 200 (19ms, 97B)
[2026-03-29T04:51:13.992Z] POST http://localhost:3000/api/projects/bHJDs7RoxC/snapshots → 201 (35ms, 178B)
[2026-03-29T04:51:14.102Z] GET http://localhost:3000/api/projects/bHJDs7RoxC/snapshots → 200 (17ms, 180B)
[2026-03-29T04:51:14.185Z] POST http://localhost:3000/api/stripe/portal → 500 (138ms, 57B)
[2026-03-29T04:51:14.402Z] POST http://localhost:3000/api/stripe/checkout → 500 (115ms, 57B)
[2026-03-29T04:51:14.568Z] GET http://localhost:3000/api/projects/ezfSJxWmhG → 404 (20ms, 42B)
[2026-03-29T04:51:14.660Z] POST http://localhost:3000/api/auth/sign-out → 200 (25ms, 16B)
[2026-03-29T04:51:23.054Z] GET http://localhost:3000/login → 200 (33ms, ?B)
[2026-03-29T04:51:23.095Z] GET http://localhost:3000/_next/static/chunks/apps_web_app_globals_0xyo3ls.css → 304 (5ms, ?B)
[2026-03-29T04:51:23.095Z] GET http://localhost:3000/_next/static/chunks/%5Bturbopack%5D_browser_dev_hmr-client_hmr-client_ts_10z625~._.js → 200 (12ms, 675B)
[2026-03-29T04:51:23.095Z] GET http://localhost:3000/_next/static/chunks/node_modules_next_dist_compiled_next-devtools_index_0553esy.js → 200 (27ms, 746592B)
[2026-03-29T04:51:23.095Z] GET http://localhost:3000/_next/static/chunks/node_modules_next_dist_compiled_react-dom_058-ah~._.js → 200 (56ms, 1057980B)
[2026-03-29T04:51:23.095Z] GET http://localhost:3000/_next/static/chunks/node_modules_next_dist_compiled_react-server-dom-turbopack_0p3wegg._.js → 200 (56ms, 174634B)
[2026-03-29T04:51:23.095Z] GET http://localhost:3000/_next/static/chunks/node_modules_next_dist_compiled_0rpq4pf._.js → 200 (31ms, 144344B)
[2026-03-29T04:51:23.095Z] GET http://localhost:3000/_next/static/chunks/node_modules_next_dist_client_0fhqo1d._.js → 200 (84ms, ?B)
[2026-03-29T04:51:23.095Z] GET http://localhost:3000/_next/static/chunks/node_modules_next_dist_115brz8._.js → 200 (83ms, ?B)
[2026-03-29T04:51:23.095Z] GET http://localhost:3000/_next/static/chunks/node_modules_%40swc_helpers_cjs_0-4ujiy._.js → 200 (87ms, ?B)
[2026-03-29T04:51:23.095Z] GET http://localhost:3000/_next/static/chunks/apps_web_0rqeker._.js → 200 (88ms, ?B)
[2026-03-29T04:51:23.095Z] GET http://localhost:3000/_next/static/chunks/turbopack-apps_web_0p44nws._.js → 200 (93ms, ?B)
[2026-03-29T04:51:23.095Z] GET http://localhost:3000/_next/static/chunks/node_modules_next_dist_0tt2wve._.js → pending (?ms, ?B)
[2026-03-29T04:51:23.095Z] GET http://localhost:3000/_next/static/chunks/apps_web_app_layout_tsx_004glpo._.js → pending (?ms, ?B)
[2026-03-29T04:51:23.095Z] GET http://localhost:3000/_next/static/chunks/_0b6t67q._.js → pending (?ms, ?B)
[2026-03-29T04:51:23.095Z] GET http://localhost:3000/_next/static/chunks/_0pwf4qe._.js → pending (?ms, ?B)
[2026-03-29T04:51:23.095Z] GET http://localhost:3000/_next/static/chunks/apps_web_app_login_page_tsx_0q9a4f8._.js → pending (?ms, ?B)
[2026-03-29T04:51:23.095Z] GET http://localhost:3000/_next/static/chunks/node_modules_next_dist_client_components_builtin_global-error_0q9a4f8.js → pending (?ms, ?B)
[2026-03-29T04:51:23.192Z] GET http://localhost:3000/_next/static/chunks/%5Bturbopack%5D_browser_dev_hmr-client_hmr-client_ts_0yjw1oe._.js → 200 (48ms, 15461B)
[2026-03-29T04:51:23.192Z] GET http://localhost:3000/_next/static/chunks/%5Bturbopack%5D_browser_dev_hmr-client_hmr-client_ts_10mygs7._.js → 200 (50ms, 289B)
[2026-03-29T04:51:23.226Z] GET http://localhost:3000/__nextjs_font/geist-latin.woff2 → 200 (?ms, ?B)
[2026-03-29T04:51:23.226Z] GET http://localhost:3000/__nextjs_font/geist-mono-latin.woff2 → 200 (?ms, ?B)
[2026-03-29T04:51:24.471Z] POST http://localhost:3000/api/auth/sign-in/email → pending (?ms, ?B)
[2026-03-29T04:51:25.693Z] GET http://localhost:3000/dashboard?_rsc=13uu9 → 200 (12ms, 5821B)
[2026-03-29T04:51:25.722Z] GET http://localhost:3000/_next/static/chunks/_03p8es7._.js → 200 (7ms, 184270B)
[2026-03-29T04:51:25.722Z] GET http://localhost:3000/_next/static/chunks/_0om3g16._.js → 200 (5ms, 19429B)
[2026-03-29T04:51:25.723Z] GET http://localhost:3000/_next/static/chunks/apps_web_app_dashboard_layout_tsx_0q9a4f8._.js → 200 (4ms, 271B)
[2026-03-29T04:51:25.731Z] GET http://localhost:3000/_next/static/chunks/apps_web_0q812xr._.js → 200 (8ms, ?B)
[2026-03-29T04:51:25.731Z] GET http://localhost:3000/_next/static/chunks/apps_web_app_dashboard_page_tsx_00jkz0g._.js → 200 (8ms, ?B)
[2026-03-29T04:51:25.747Z] GET http://localhost:3000/_next/static/chunks/_03p8es7._.js → 304 (1ms, ?B)
[2026-03-29T04:51:25.747Z] GET http://localhost:3000/_next/static/chunks/_0om3g16._.js → 304 (2ms, ?B)
[2026-03-29T04:51:25.748Z] GET http://localhost:3000/_next/static/chunks/apps_web_app_dashboard_layout_tsx_0q9a4f8._.js → 304 (1ms, ?B)
[2026-03-29T04:51:25.748Z] GET http://localhost:3000/_next/static/chunks/apps_web_0q812xr._.js → 304 (1ms, ?B)
[2026-03-29T04:51:25.748Z] GET http://localhost:3000/_next/static/chunks/apps_web_app_dashboard_page_tsx_00jkz0g._.js → 304 (1ms, 249B)
[2026-03-29T04:51:26.561Z] GET http://localhost:3000/api/auth/get-session → 200 (10ms, 716B)
[2026-03-29T04:51:26.621Z] POST http://localhost:3000/api/projects → 201 (15ms, 245B)
[2026-03-29T04:51:40.154Z] GET http://localhost:3000/editor/U6GRR2a41_ → pending (?ms, ?B)
[2026-03-29T04:51:40.285Z] GET http://localhost:3000/_next/static/chunks/apps_web_app_globals_0xyo3ls.css → 304 (21ms, ?B)
[2026-03-29T04:51:40.291Z] GET http://localhost:3000/icons/room.png → 404 (102ms, 3020B)
[2026-03-29T04:51:40.292Z] GET http://localhost:3000/icons/mesh.png → 404 (103ms, 3020B)
[2026-03-29T04:51:40.292Z] GET http://localhost:3000/icons/floorplan.png → 404 (137ms, 3020B)
[2026-03-29T04:51:40.292Z] GET http://localhost:3000/icons/blueprint.png → 404 (142ms, 3020B)
[2026-03-29T04:51:40.292Z] GET http://localhost:3000/icons/level.png → 404 (102ms, 3020B)
[2026-03-29T04:51:40.292Z] GET http://localhost:3000/icons/settings.png → 404 (213ms, 3020B)
[2026-03-29T04:51:40.292Z] GET http://localhost:3000/_next/static/chunks/%5Bturbopack%5D_browser_dev_hmr-client_hmr-client_ts_10z625~._.js → 200 (161ms, 675B)
[2026-03-29T04:51:40.293Z] GET http://localhost:3000/_next/static/chunks/node_modules_next_dist_compiled_next-devtools_index_0553esy.js → 200 (177ms, 746592B)
[2026-03-29T04:51:40.293Z] GET http://localhost:3000/_next/static/chunks/node_modules_next_dist_compiled_react-dom_058-ah~._.js → 200 (160ms, 1057980B)
[2026-03-29T04:51:40.293Z] GET http://localhost:3000/_next/static/chunks/node_modules_next_dist_compiled_react-server-dom-turbopack_0p3wegg._.js → 200 (206ms, 174634B)
[2026-03-29T04:51:40.293Z] GET http://localhost:3000/_next/static/chunks/node_modules_next_dist_compiled_0rpq4pf._.js → 200 (209ms, 144344B)
[2026-03-29T04:51:40.293Z] GET http://localhost:3000/_next/static/chunks/node_modules_next_dist_client_0fhqo1d._.js → 200 (222ms, 742815B)
[2026-03-29T04:51:40.293Z] GET http://localhost:3000/_next/static/chunks/node_modules_next_dist_115brz8._.js → 200 (251ms, 246103B)
[2026-03-29T04:51:40.293Z] GET http://localhost:3000/_next/static/chunks/node_modules_%40swc_helpers_cjs_0-4ujiy._.js → 200 (290ms, 1984B)
[2026-03-29T04:51:40.294Z] GET http://localhost:3000/_next/static/chunks/apps_web_0rqeker._.js → 200 (290ms, 756B)
[2026-03-29T04:51:40.300Z] GET http://localhost:3000/_next/static/chunks/turbopack-apps_web_0p44nws._.js → 200 (284ms, 91093B)
[2026-03-29T04:51:40.301Z] GET http://localhost:3000/_next/static/chunks/node_modules_next_dist_0tt2wve._.js → 200 (299ms, 208717B)
[2026-03-29T04:51:40.301Z] GET http://localhost:3000/_next/static/chunks/apps_web_app_layout_tsx_004glpo._.js → 200 (298ms, 312B)
[2026-03-29T04:51:40.301Z] GET http://localhost:3000/_next/static/chunks/node_modules_next_dist_client_components_builtin_global-error_0q9a4f8.js → 200 (299ms, 212B)
[2026-03-29T04:51:40.301Z] GET http://localhost:3000/_next/static/chunks/node_modules_%40aedifex_core_dist_index_0960-36.js → 200 (299ms, 649B)
[2026-03-29T04:51:40.301Z] GET http://localhost:3000/_next/static/chunks/node_modules_next_0c4b-5d._.js → 200 (335ms, 244125B)
[2026-03-29T04:51:40.301Z] GET http://localhost:3000/_next/static/chunks/node_modules_%40aedifex_core_dist_0l7.f8x._.js → 200 (359ms, 360990B)
[2026-03-29T04:51:40.301Z] GET http://localhost:3000/_next/static/chunks/node_modules_zod_0~w4s--._.js → 200 (360ms, 938123B)
[2026-03-29T04:51:40.301Z] GET http://localhost:3000/_next/static/chunks/node_modules_three_build_three_core_0qefhn6.js → 200 (363ms, 1547563B)
[2026-03-29T04:51:40.301Z] GET http://localhost:3000/_next/static/chunks/node_modules_three_build_three_module_024z3_h.js → 200 (360ms, 811406B)
[2026-03-29T04:51:40.301Z] GET http://localhost:3000/_next/static/chunks/node_modules_three_build_three_webgpu_01.b56z.js → 200 (390ms, 2341348B)
[2026-03-29T04:51:40.301Z] GET http://localhost:3000/_next/static/chunks/node_modules_three_build_three_tsl_0p90gfk.js → 200 (361ms, 156313B)
[2026-03-29T04:51:40.301Z] GET http://localhost:3000/_next/static/chunks/node_modules_three_build_0ozlpf0._.js → 200 (388ms, 214832B)
[2026-03-29T04:51:40.302Z] GET http://localhost:3000/_next/static/chunks/node_modules_three_examples_jsm_0fklzb1._.js → 200 (387ms, 501621B)
[2026-03-29T04:51:40.302Z] GET http://localhost:3000/_next/static/chunks/node_modules_three_src_0d0mc0p._.js → 200 (387ms, 59762B)
[2026-03-29T04:51:40.302Z] GET http://localhost:3000/_next/static/chunks/node_modules_%40react-three_fiber_dist_01zc48v._.js → 200 (401ms, 815218B)
[2026-03-29T04:51:40.302Z] GET http://localhost:3000/_next/static/chunks/node_modules_three-bvh-csg_src_0jy.4pg._.js → 200 (389ms, 213373B)
[2026-03-29T04:51:40.302Z] GET http://localhost:3000/_next/static/chunks/node_modules_066wwa3._.js → 200 (391ms, 599543B)
[2026-03-29T04:51:40.302Z] GET http://localhost:3000/_next/static/chunks/node_modules_%40aedifex_viewer_dist_13-h0wg._.js → 200 (393ms, 386843B)
[2026-03-29T04:51:40.302Z] GET http://localhost:3000/_next/static/chunks/node_modules_three-stdlib_00s9d_7._.js → 200 (391ms, 208953B)
[2026-03-29T04:51:40.302Z] GET http://localhost:3000/_next/static/chunks/_0h5zgrk._.js → 200 (391ms, 160980B)
[2026-03-29T04:51:40.302Z] GET http://localhost:3000/_next/static/chunks/node_modules_motion-dom_dist_es_0yvtfr6._.js → 200 (440ms, 610676B)
[2026-03-29T04:51:40.302Z] GET http://localhost:3000/_next/static/chunks/node_modules_framer-motion_dist_es_0u-q4w1._.js → 200 (440ms, 249908B)
[2026-03-29T04:51:40.302Z] GET http://localhost:3000/_next/static/chunks/node_modules_tailwind-merge_dist_bundle-mjs_mjs_0ezz.e5._.js → 200 (418ms, 149216B)
[2026-03-29T04:51:40.302Z] GET http://localhost:3000/_next/static/chunks/node_modules_%40aedifex_editor_src_components_ui_primitives_0p4gol2._.js → 200 (440ms, 173797B)
[2026-03-29T04:51:40.302Z] GET http://localhost:3000/_next/static/chunks/node_modules_%40aedifex_editor_src_components_ui_panels_014ye9i._.js → 200 (440ms, 586762B)
[2026-03-29T04:51:40.302Z] GET http://localhost:3000/_next/static/chunks/node_modules_%40aedifex_editor_src_components_ui_command-palette_0n50txs._.js → 200 (440ms, 159290B)
[2026-03-29T04:51:40.304Z] GET http://localhost:3000/_next/static/chunks/node_modules_%40aedifex_editor_src_components_ui_sidebar_0v.kivs._.js → 200 (438ms, 620935B)
[2026-03-29T04:51:40.304Z] GET http://localhost:3000/_next/static/chunks/node_modules_%40aedifex_editor_src_components_ui_0ryfiu4._.js → 200 (438ms, 327971B)
[2026-03-29T04:51:40.304Z] GET http://localhost:3000/_next/static/chunks/node_modules_%40aedifex_editor_src_components_tools_00lymai._.js → 200 (438ms, 577628B)
[2026-03-29T04:51:40.304Z] GET http://localhost:3000/_next/static/chunks/node_modules_%40aedifex_editor_src_components_ai_0-q1vn6._.js → 200 (438ms, 305177B)
[2026-03-29T04:51:40.304Z] GET http://localhost:3000/_next/static/chunks/node_modules_%40aedifex_editor_src_components_editor_0sp5ica._.js → 200 (439ms, 762833B)
[2026-03-29T04:51:40.304Z] GET http://localhost:3000/_next/static/chunks/node_modules_%40aedifex_editor_src_components_0zikryg._.js → 200 (439ms, 130186B)
[2026-03-29T04:51:40.304Z] GET http://localhost:3000/_next/static/chunks/node_modules_%40aedifex_editor_src_0g8m9sq._.js → 200 (514ms, 119753B)
[2026-03-29T04:51:40.304Z] GET http://localhost:3000/_next/static/chunks/node_modules_%40visual-json_react_dist_index_mjs_0yl8d61._.js → 200 (514ms, 186029B)
[2026-03-29T04:51:40.304Z] GET http://localhost:3000/_next/static/chunks/node_modules_%40radix-ui_07jsofp._.js → 200 (515ms, 438291B)
[2026-03-29T04:51:40.304Z] GET http://localhost:3000/_next/static/chunks/node_modules_%40floating-ui_04skdch._.js → 200 (514ms, 140817B)
[2026-03-29T04:51:40.304Z] GET http://localhost:3000/_next/static/chunks/node_modules_0j8ofz3._.js → 200 (520ms, 807732B)
[2026-03-29T04:51:40.304Z] GET http://localhost:3000/_next/static/chunks/apps_web_app_components_03nq-d5._.js → 200 (514ms, 75048B)
[2026-03-29T04:51:40.304Z] GET http://localhost:3000/_next/static/chunks/apps_web_app_editor_%5BprojectId%5D_page_tsx_0q9a4f8._.js → 200 (516ms, 2440B)
[2026-03-29T04:51:40.312Z] GET http://localhost:3000/_next/image?url=%2Ficons%2Fselect.png&w=32&q=75 → 400 (285ms, 43B)
[2026-03-29T04:51:40.312Z] GET http://localhost:3000/_next/image?url=%2Ficons%2Frotate.png&w=32&q=75 → 400 (285ms, 43B)
[2026-03-29T04:51:40.312Z] GET http://localhost:3000/_next/image?url=%2Ficons%2Ftopview.png&w=32&q=75 → 400 (273ms, 43B)
[2026-03-29T04:51:40.595Z] GET http://localhost:3000/_next/static/chunks/%5Bturbopack%5D_browser_dev_hmr-client_hmr-client_ts_0yjw1oe._.js → 200 (224ms, 15461B)
[2026-03-29T04:51:40.597Z] GET http://localhost:3000/_next/static/chunks/%5Bturbopack%5D_browser_dev_hmr-client_hmr-client_ts_10mygs7._.js → 200 (223ms, 289B)
[2026-03-29T04:51:40.635Z] GET http://localhost:3000/__nextjs_font/geist-latin.woff2 → 200 (?ms, ?B)
[2026-03-29T04:51:40.635Z] GET http://localhost:3000/__nextjs_font/geist-mono-latin.woff2 → 200 (?ms, ?B)
[2026-03-29T04:51:40.932Z] GET http://localhost:3000/audios/sfx/grid_snap.mp3 → 404 (148ms, 12374B)
[2026-03-29T04:51:40.932Z] GET http://localhost:3000/audios/sfx/item_delete.mp3 → 404 (149ms, 12376B)
[2026-03-29T04:51:40.932Z] GET http://localhost:3000/audios/sfx/item_pick.mp3 → 404 (149ms, 12374B)
[2026-03-29T04:51:40.932Z] GET http://localhost:3000/audios/sfx/item_place.mp3 → 404 (150ms, 12375B)
[2026-03-29T04:51:40.932Z] GET http://localhost:3000/audios/sfx/item_rotate.mp3 → 404 (150ms, 12376B)
[2026-03-29T04:51:40.932Z] GET http://localhost:3000/audios/sfx/structure_build.mp3 → 404 (150ms, 12380B)
[2026-03-29T04:51:40.932Z] GET http://localhost:3000/audios/sfx/structure_delete.mp3 → pending (?ms, ?B)
[2026-03-29T04:51:41.072Z] GET http://localhost:3000/api/projects/U6GRR2a41_ → pending (?ms, ?B)
[2026-03-29T04:51:41.080Z] GET http://localhost:3000/_next/image?url=%2Ficons%2Fbuild.png&w=32&q=75 → pending (?ms, ?B)
[2026-03-29T04:51:41.082Z] GET https://api.iconify.design/icon-park-outline.json?icons=perspective → 200 (?ms, 399B)
[2026-03-29T04:51:41.082Z] GET https://api.iconify.design/charm.json?icons=stack-push → 200 (?ms, 347B)
[2026-03-29T04:51:41.165Z] POST http://localhost:3000/__nextjs_original-stack-frames → 200 (20ms, 676B)
[2026-03-29T04:51:41.391Z] GET http://localhost:3000/icons/site.png → 404 (156ms, 3020B)
[2026-03-29T04:51:41.391Z] GET http://localhost:3000/icons/building.png → 404 (173ms, 3020B)
[2026-03-29T04:51:41.391Z] GET http://localhost:3000/icons/level.png → 404 (156ms, 3020B)
[2026-03-29T04:51:41.391Z] GET http://localhost:3000/icons/room.png → 404 (158ms, 3020B)
[2026-03-29T04:51:41.391Z] GET http://localhost:3000/icons/couch.png → 404 (157ms, 3020B)
[2026-03-29T04:51:41.391Z] GET http://localhost:3000/icons/kitchen.png → 404 (176ms, 3020B)
[2026-03-29T04:51:41.395Z] GET https://api.iconify.design/lucide.json?icons=space%2Cx → 200 (4ms, 433B)
[2026-03-29T04:51:41.395Z] GET https://api.iconify.design/ph.json?icons=mouse-left-click-fill%2Cmouse-right-click-fill → 200 (4ms, 693B)
[2026-03-29T04:51:41.395Z] GET https://api.iconify.design/qlementine-icons.json?icons=mouse-middle-button-16 → 200 (4ms, 1094B)
[2026-03-29T04:51:42.578Z] PUT http://localhost:3000/api/projects/U6GRR2a41_ → 200 (24ms, 264B)
[2026-03-29T04:51:42.654Z] POST http://localhost:3000/api/projects/U6GRR2a41_/snapshots → 201 (21ms, 174B)
[2026-03-29T04:51:42.737Z] PUT http://localhost:3000/api/projects/U6GRR2a41_/share → 200 (30ms, 97B)
[2026-03-29T04:51:42.828Z] GET http://localhost:3000/api/share/U3BVH_gWRr → 200 (11ms, 263B)
[2026-03-29T04:51:42.905Z] PUT http://localhost:3000/api/projects/U6GRR2a41_/share → 200 (17ms, 98B)
[2026-03-29T04:51:42.989Z] GET http://localhost:3000/api/share/U3BVH_gWRr → 403 (16ms, 36B)
[2026-03-29T04:51:43.069Z] PUT http://localhost:3000/api/projects/U6GRR2a41_/share → 200 (20ms, 97B)
[2026-03-29T04:51:43.158Z] GET http://localhost:3000/api/share/XbOwQ7k9FZ → 200 (19ms, ?B)
[2026-03-29T04:51:43.243Z] GET http://localhost:3000/api/share/U-jdEHEyb9 → 200 (13ms, 296B)
[2026-03-29T04:51:43.323Z] DELETE http://localhost:3000/api/projects/K5ONXNkx3z → 404 (18ms, 42B)
[2026-03-29T04:51:43.401Z] PUT http://localhost:3000/api/projects/K5ONXNkx3z/share → 404 (16ms, 42B)
[2026-03-29T04:51:43.478Z] POST http://localhost:3000/api/auth/sign-out → 200 (19ms, 16B)
[2026-03-29T04:51:50.803Z] GET http://localhost:3000/login → 200 (57ms, 14340B)
[2026-03-29T04:51:50.882Z] GET http://localhost:3000/_next/static/chunks/apps_web_app_globals_0xyo3ls.css → 304 (6ms, ?B)
[2026-03-29T04:51:50.882Z] GET http://localhost:3000/_next/static/chunks/%5Bturbopack%5D_browser_dev_hmr-client_hmr-client_ts_10z625~._.js → 200 (62ms, 675B)
[2026-03-29T04:51:50.882Z] GET http://localhost:3000/_next/static/chunks/node_modules_next_dist_compiled_next-devtools_index_0553esy.js → 200 (72ms, 746592B)
[2026-03-29T04:51:50.884Z] GET http://localhost:3000/_next/static/chunks/node_modules_next_dist_compiled_react-dom_058-ah~._.js → 200 (70ms, 1057980B)
[2026-03-29T04:51:50.884Z] GET http://localhost:3000/_next/static/chunks/node_modules_next_dist_compiled_react-server-dom-turbopack_0p3wegg._.js → 200 (80ms, 174634B)
[2026-03-29T04:51:50.884Z] GET http://localhost:3000/_next/static/chunks/node_modules_next_dist_compiled_0rpq4pf._.js → 200 (88ms, 144344B)
[2026-03-29T04:51:50.884Z] GET http://localhost:3000/_next/static/chunks/node_modules_next_dist_client_0fhqo1d._.js → 200 (102ms, 742815B)
[2026-03-29T04:51:50.885Z] GET http://localhost:3000/_next/static/chunks/node_modules_next_dist_115brz8._.js → 200 (101ms, 246103B)
[2026-03-29T04:51:50.885Z] GET http://localhost:3000/_next/static/chunks/node_modules_%40swc_helpers_cjs_0-4ujiy._.js → 200 (101ms, 1984B)
[2026-03-29T04:51:50.885Z] GET http://localhost:3000/_next/static/chunks/apps_web_0rqeker._.js → 200 (88ms, 756B)
[2026-03-29T04:51:50.886Z] GET http://localhost:3000/_next/static/chunks/turbopack-apps_web_0p44nws._.js → 200 (126ms, 91093B)
[2026-03-29T04:51:50.886Z] GET http://localhost:3000/_next/static/chunks/node_modules_next_dist_0tt2wve._.js → 200 (135ms, 208717B)
[2026-03-29T04:51:50.886Z] GET http://localhost:3000/_next/static/chunks/apps_web_app_layout_tsx_004glpo._.js → 200 (135ms, 312B)
[2026-03-29T04:51:50.886Z] GET http://localhost:3000/_next/static/chunks/_0b6t67q._.js → 200 (135ms, 179730B)
[2026-03-29T04:51:50.887Z] GET http://localhost:3000/_next/static/chunks/_0pwf4qe._.js → 200 (134ms, 12993B)
[2026-03-29T04:51:50.887Z] GET http://localhost:3000/_next/static/chunks/apps_web_app_login_page_tsx_0q9a4f8._.js → 200 (147ms, 271B)
[2026-03-29T04:51:50.887Z] GET http://localhost:3000/_next/static/chunks/node_modules_next_dist_client_components_builtin_global-error_0q9a4f8.js → 200 (150ms, 212B)
[2026-03-29T04:51:51.020Z] GET http://localhost:3000/_next/static/chunks/%5Bturbopack%5D_browser_dev_hmr-client_hmr-client_ts_0yjw1oe._.js → 200 (17ms, 15461B)
[2026-03-29T04:51:51.020Z] GET http://localhost:3000/_next/static/chunks/%5Bturbopack%5D_browser_dev_hmr-client_hmr-client_ts_10mygs7._.js → 200 (17ms, 289B)
[2026-03-29T04:51:51.021Z] GET http://localhost:3000/__nextjs_font/geist-latin.woff2 → 200 (?ms, ?B)
[2026-03-29T04:51:51.021Z] GET http://localhost:3000/__nextjs_font/geist-mono-latin.woff2 → 200 (?ms, ?B)
[2026-03-29T04:51:52.223Z] POST http://localhost:3000/api/auth/sign-in/email → pending (?ms, ?B)
[2026-03-29T04:51:53.573Z] GET http://localhost:3000/dashboard?_rsc=13uu9 → 200 (13ms, 6306B)
[2026-03-29T04:51:53.609Z] GET http://localhost:3000/_next/static/chunks/_03p8es7._.js → 200 (10ms, 184270B)
[2026-03-29T04:51:53.609Z] GET http://localhost:3000/_next/static/chunks/_0om3g16._.js → 200 (9ms, 19429B)
[2026-03-29T04:51:53.609Z] GET http://localhost:3000/_next/static/chunks/apps_web_app_dashboard_layout_tsx_0q9a4f8._.js → 200 (10ms, 271B)
[2026-03-29T04:51:53.619Z] GET http://localhost:3000/_next/static/chunks/apps_web_0q812xr._.js → 200 (9ms, 59977B)
[2026-03-29T04:51:53.619Z] GET http://localhost:3000/_next/static/chunks/apps_web_app_dashboard_page_tsx_00jkz0g._.js → 200 (9ms, 249B)
[2026-03-29T04:51:53.642Z] GET http://localhost:3000/_next/static/chunks/_03p8es7._.js → 304 (3ms, ?B)
[2026-03-29T04:51:53.642Z] GET http://localhost:3000/_next/static/chunks/_0om3g16._.js → 304 (3ms, ?B)
[2026-03-29T04:51:53.643Z] GET http://localhost:3000/_next/static/chunks/apps_web_app_dashboard_layout_tsx_0q9a4f8._.js → 304 (2ms, ?B)
[2026-03-29T04:51:53.643Z] GET http://localhost:3000/_next/static/chunks/apps_web_0q812xr._.js → 304 (2ms, ?B)
[2026-03-29T04:51:53.643Z] GET http://localhost:3000/_next/static/chunks/apps_web_app_dashboard_page_tsx_00jkz0g._.js → 304 (3ms, ?B)
[2026-03-29T04:51:54.308Z] GET http://localhost:3000/api/auth/get-session → 200 (12ms, 693B)
[2026-03-29T04:51:54.374Z] POST http://localhost:3000/api/projects → 201 (17ms, 245B)
[2026-03-29T04:52:05.953Z] GET http://localhost:3000/editor/xNvd3fzBs5 → 200 (91ms, ?B)
[2026-03-29T04:52:06.047Z] GET http://localhost:3000/_next/static/chunks/apps_web_app_globals_0xyo3ls.css → 304 (10ms, ?B)
[2026-03-29T04:52:06.052Z] GET http://localhost:3000/icons/room.png → 404 (133ms, 3020B)
[2026-03-29T04:52:06.052Z] GET http://localhost:3000/icons/mesh.png → 404 (138ms, 3020B)
[2026-03-29T04:52:06.052Z] GET http://localhost:3000/icons/floorplan.png → 404 (162ms, ?B)
[2026-03-29T04:52:06.052Z] GET http://localhost:3000/icons/blueprint.png → pending (?ms, ?B)
[2026-03-29T04:52:06.052Z] GET http://localhost:3000/icons/level.png → pending (?ms, ?B)
[2026-03-29T04:52:06.052Z] GET http://localhost:3000/icons/settings.png → pending (?ms, ?B)
[2026-03-29T04:52:06.053Z] GET http://localhost:3000/_next/static/chunks/%5Bturbopack%5D_browser_dev_hmr-client_hmr-client_ts_10z625~._.js → pending (?ms, ?B)
[2026-03-29T04:52:06.053Z] GET http://localhost:3000/_next/static/chunks/node_modules_next_dist_compiled_next-devtools_index_0553esy.js → pending (?ms, ?B)
[2026-03-29T04:52:06.053Z] GET http://localhost:3000/_next/static/chunks/node_modules_next_dist_compiled_react-dom_058-ah~._.js → pending (?ms, ?B)
[2026-03-29T04:52:06.053Z] GET http://localhost:3000/_next/static/chunks/node_modules_next_dist_compiled_react-server-dom-turbopack_0p3wegg._.js → pending (?ms, ?B)
[2026-03-29T04:52:06.053Z] GET http://localhost:3000/_next/static/chunks/node_modules_next_dist_compiled_0rpq4pf._.js → pending (?ms, ?B)
[2026-03-29T04:52:06.053Z] GET http://localhost:3000/_next/static/chunks/node_modules_next_dist_client_0fhqo1d._.js → pending (?ms, ?B)
[2026-03-29T04:52:06.053Z] GET http://localhost:3000/_next/static/chunks/node_modules_next_dist_115brz8._.js → pending (?ms, ?B)
[2026-03-29T04:52:06.053Z] GET http://localhost:3000/_next/static/chunks/node_modules_%40swc_helpers_cjs_0-4ujiy._.js → pending (?ms, ?B)
[2026-03-29T04:52:06.053Z] GET http://localhost:3000/_next/static/chunks/apps_web_0rqeker._.js → pending (?ms, ?B)
[2026-03-29T04:52:06.053Z] GET http://localhost:3000/_next/static/chunks/turbopack-apps_web_0p44nws._.js → pending (?ms, ?B)
[2026-03-29T04:52:06.054Z] GET http://localhost:3000/_next/static/chunks/node_modules_next_dist_0tt2wve._.js → pending (?ms, ?B)
[2026-03-29T04:52:06.054Z] GET http://localhost:3000/_next/static/chunks/apps_web_app_layout_tsx_004glpo._.js → pending (?ms, ?B)
[2026-03-29T04:52:06.054Z] GET http://localhost:3000/_next/static/chunks/node_modules_next_dist_client_components_builtin_global-error_0q9a4f8.js → pending (?ms, ?B)
[2026-03-29T04:52:06.054Z] GET http://localhost:3000/_next/static/chunks/node_modules_%40aedifex_core_dist_index_0960-36.js → pending (?ms, ?B)
[2026-03-29T04:52:06.054Z] GET http://localhost:3000/_next/static/chunks/node_modules_next_0c4b-5d._.js → pending (?ms, ?B)
[2026-03-29T04:52:06.054Z] GET http://localhost:3000/_next/static/chunks/node_modules_%40aedifex_core_dist_0l7.f8x._.js → pending (?ms, ?B)
[2026-03-29T04:52:06.054Z] GET http://localhost:3000/_next/static/chunks/node_modules_zod_0~w4s--._.js → pending (?ms, ?B)
[2026-03-29T04:52:06.054Z] GET http://localhost:3000/_next/static/chunks/node_modules_three_build_three_core_0qefhn6.js → pending (?ms, ?B)
[2026-03-29T04:52:06.054Z] GET http://localhost:3000/_next/static/chunks/node_modules_three_build_three_module_024z3_h.js → pending (?ms, ?B)
[2026-03-29T04:52:06.054Z] GET http://localhost:3000/_next/static/chunks/node_modules_three_build_three_webgpu_01.b56z.js → pending (?ms, ?B)
[2026-03-29T04:52:06.055Z] GET http://localhost:3000/_next/static/chunks/node_modules_three_build_three_tsl_0p90gfk.js → pending (?ms, ?B)
[2026-03-29T04:52:06.055Z] GET http://localhost:3000/_next/static/chunks/node_modules_three_build_0ozlpf0._.js → pending (?ms, ?B)
[2026-03-29T04:52:06.055Z] GET http://localhost:3000/_next/static/chunks/node_modules_three_examples_jsm_0fklzb1._.js → pending (?ms, ?B)
[2026-03-29T04:52:06.055Z] GET http://localhost:3000/_next/static/chunks/node_modules_three_src_0d0mc0p._.js → pending (?ms, ?B)
[2026-03-29T04:52:06.055Z] GET http://localhost:3000/_next/static/chunks/node_modules_%40react-three_fiber_dist_01zc48v._.js → pending (?ms, ?B)
[2026-03-29T04:52:06.055Z] GET http://localhost:3000/_next/static/chunks/node_modules_three-bvh-csg_src_0jy.4pg._.js → pending (?ms, ?B)
[2026-03-29T04:52:06.055Z] GET http://localhost:3000/_next/static/chunks/node_modules_066wwa3._.js → pending (?ms, ?B)
[2026-03-29T04:52:06.055Z] GET http://localhost:3000/_next/static/chunks/node_modules_%40aedifex_viewer_dist_13-h0wg._.js → pending (?ms, ?B)
[2026-03-29T04:52:06.055Z] GET http://localhost:3000/_next/static/chunks/node_modules_three-stdlib_00s9d_7._.js → pending (?ms, ?B)
[2026-03-29T04:52:06.055Z] GET http://localhost:3000/_next/static/chunks/_0h5zgrk._.js → pending (?ms, ?B)
[2026-03-29T04:52:06.055Z] GET http://localhost:3000/_next/static/chunks/node_modules_motion-dom_dist_es_0yvtfr6._.js → pending (?ms, ?B)
[2026-03-29T04:52:06.055Z] GET http://localhost:3000/_next/static/chunks/node_modules_framer-motion_dist_es_0u-q4w1._.js → pending (?ms, ?B)
[2026-03-29T04:52:06.055Z] GET http://localhost:3000/_next/static/chunks/node_modules_tailwind-merge_dist_bundle-mjs_mjs_0ezz.e5._.js → pending (?ms, ?B)
[2026-03-29T04:52:06.055Z] GET http://localhost:3000/_next/static/chunks/node_modules_%40aedifex_editor_src_components_ui_primitives_0p4gol2._.js → pending (?ms, ?B)
[2026-03-29T04:52:06.055Z] GET http://localhost:3000/_next/static/chunks/node_modules_%40aedifex_editor_src_components_ui_panels_014ye9i._.js → pending (?ms, ?B)
[2026-03-29T04:52:06.055Z] GET http://localhost:3000/_next/static/chunks/node_modules_%40aedifex_editor_src_components_ui_command-palette_0n50txs._.js → pending (?ms, ?B)
[2026-03-29T04:52:06.056Z] GET http://localhost:3000/_next/static/chunks/node_modules_%40aedifex_editor_src_components_ui_sidebar_0v.kivs._.js → pending (?ms, ?B)
[2026-03-29T04:52:06.056Z] GET http://localhost:3000/_next/static/chunks/node_modules_%40aedifex_editor_src_components_ui_0ryfiu4._.js → pending (?ms, ?B)
[2026-03-29T04:52:06.056Z] GET http://localhost:3000/_next/static/chunks/node_modules_%40aedifex_editor_src_components_tools_00lymai._.js → pending (?ms, ?B)
[2026-03-29T04:52:06.056Z] GET http://localhost:3000/_next/static/chunks/node_modules_%40aedifex_editor_src_components_ai_0-q1vn6._.js → pending (?ms, ?B)
[2026-03-29T04:52:06.056Z] GET http://localhost:3000/_next/static/chunks/node_modules_%40aedifex_editor_src_components_editor_0sp5ica._.js → pending (?ms, ?B)
[2026-03-29T04:52:06.056Z] GET http://localhost:3000/_next/static/chunks/node_modules_%40aedifex_editor_src_components_0zikryg._.js → pending (?ms, ?B)
[2026-03-29T04:52:06.056Z] GET http://localhost:3000/_next/static/chunks/node_modules_%40aedifex_editor_src_0g8m9sq._.js → pending (?ms, ?B)
[2026-03-29T04:52:06.056Z] GET http://localhost:3000/_next/static/chunks/node_modules_%40visual-json_react_dist_index_mjs_0yl8d61._.js → pending (?ms, ?B)
[2026-03-29T04:52:06.056Z] GET http://localhost:3000/_next/static/chunks/node_modules_%40radix-ui_07jsofp._.js → pending (?ms, ?B)
[2026-03-29T04:52:06.056Z] GET http://localhost:3000/_next/static/chunks/node_modules_%40floating-ui_04skdch._.js → pending (?ms, ?B)
[2026-03-29T04:52:06.057Z] GET http://localhost:3000/_next/static/chunks/node_modules_0j8ofz3._.js → pending (?ms, ?B)
[2026-03-29T04:52:06.057Z] GET http://localhost:3000/_next/static/chunks/apps_web_app_components_03nq-d5._.js → pending (?ms, ?B)
[2026-03-29T04:52:06.057Z] GET http://localhost:3000/_next/static/chunks/apps_web_app_editor_%5BprojectId%5D_page_tsx_0q9a4f8._.js → pending (?ms, ?B)
[2026-03-29T04:52:06.058Z] GET http://localhost:3000/_next/image?url=%2Ficons%2Fselect.png&w=32&q=75 → pending (?ms, ?B)
[2026-03-29T04:52:06.058Z] GET http://localhost:3000/_next/image?url=%2Ficons%2Frotate.png&w=32&q=75 → pending (?ms, ?B)
[2026-03-29T04:52:06.058Z] GET http://localhost:3000/_next/image?url=%2Ficons%2Ftopview.png&w=32&q=75 → pending (?ms, ?B)
[2026-03-29T04:52:06.463Z] GET http://localhost:3000/_next/static/chunks/%5Bturbopack%5D_browser_dev_hmr-client_hmr-client_ts_0yjw1oe._.js → 304 (158ms, ?B)
[2026-03-29T04:52:06.464Z] GET http://localhost:3000/_next/static/chunks/%5Bturbopack%5D_browser_dev_hmr-client_hmr-client_ts_10mygs7._.js → 304 (157ms, ?B)
[2026-03-29T04:52:06.467Z] GET http://localhost:3000/__nextjs_font/geist-latin.woff2 → 200 (1ms, ?B)
[2026-03-29T04:52:06.469Z] GET http://localhost:3000/__nextjs_font/geist-mono-latin.woff2 → 200 (?ms, ?B)
[2026-03-29T04:52:06.693Z] GET http://localhost:3000/audios/sfx/grid_snap.mp3 → 404 (98ms, 12374B)
[2026-03-29T04:52:06.693Z] GET http://localhost:3000/audios/sfx/item_delete.mp3 → 404 (103ms, 12376B)
[2026-03-29T04:52:06.693Z] GET http://localhost:3000/audios/sfx/item_pick.mp3 → 404 (103ms, 12374B)
[2026-03-29T04:52:06.693Z] GET http://localhost:3000/audios/sfx/item_place.mp3 → 404 (103ms, 12375B)
[2026-03-29T04:52:06.694Z] GET http://localhost:3000/audios/sfx/item_rotate.mp3 → 404 (185ms, 12376B)
[2026-03-29T04:52:06.694Z] GET http://localhost:3000/audios/sfx/structure_build.mp3 → 404 (185ms, 12380B)
[2026-03-29T04:52:06.694Z] GET http://localhost:3000/audios/sfx/structure_delete.mp3 → 404 (206ms, 12381B)
[2026-03-29T04:52:06.879Z] GET http://localhost:3000/api/projects/xNvd3fzBs5 → 200 (22ms, 245B)
[2026-03-29T04:52:06.887Z] GET http://localhost:3000/_next/image?url=%2Ficons%2Fbuild.png&w=32&q=75 → 400 (59ms, 43B)
[2026-03-29T04:52:06.904Z] GET https://api.iconify.design/icon-park-outline.json?icons=perspective → 200 (43ms, 399B)
[2026-03-29T04:52:06.904Z] GET https://api.iconify.design/charm.json?icons=stack-push → 200 (43ms, 347B)
[2026-03-29T04:52:06.946Z] GET http://localhost:3000/icons/site.png → 404 (162ms, 3020B)
[2026-03-29T04:52:06.946Z] GET http://localhost:3000/icons/building.png → 404 (162ms, 3020B)
[2026-03-29T04:52:06.946Z] GET http://localhost:3000/icons/level.png → 404 (162ms, 3020B)
[2026-03-29T04:52:06.946Z] GET http://localhost:3000/icons/room.png → 404 (163ms, 3020B)
[2026-03-29T04:52:06.946Z] GET http://localhost:3000/icons/couch.png → 404 (165ms, 3020B)
[2026-03-29T04:52:06.946Z] GET http://localhost:3000/icons/kitchen.png → 404 (171ms, 3020B)
[2026-03-29T04:52:06.955Z] GET https://api.iconify.design/lucide.json?icons=space%2Cx → 200 (4ms, 433B)
[2026-03-29T04:52:06.955Z] GET https://api.iconify.design/ph.json?icons=mouse-left-click-fill%2Cmouse-right-click-fill → 200 (4ms, 693B)
[2026-03-29T04:52:06.955Z] GET https://api.iconify.design/qlementine-icons.json?icons=mouse-middle-button-16 → 200 (4ms, 1094B)
[2026-03-29T04:52:06.987Z] POST http://localhost:3000/__nextjs_original-stack-frames → 200 (134ms, 676B)
[2026-03-29T04:52:08.398Z] PUT http://localhost:3000/api/projects/xNvd3fzBs5 → 200 (27ms, 252B)
[2026-03-29T04:52:08.492Z] PUT http://localhost:3000/api/projects/xNvd3fzBs5/share → 200 (21ms, 97B)
[2026-03-29T04:52:08.582Z] POST http://localhost:3000/api/projects/xNvd3fzBs5/snapshots → 201 (16ms, 165B)
[2026-03-29T04:52:08.658Z] GET http://localhost:3000/api/projects/xNvd3fzBs5/snapshots → 200 (13ms, 167B)
[2026-03-29T04:52:08.724Z] POST http://localhost:3000/api/stripe/portal → 400 (15ms, 59B)
[2026-03-29T04:52:08.793Z] POST http://localhost:3000/api/guest/migrate → 201 (16ms, 249B)
[2026-03-29T04:52:08.873Z] GET http://localhost:3000/api/projects → 200 (13ms, 713B)
[2026-03-29T04:52:08.951Z] DELETE http://localhost:3000/api/projects/xNvd3fzBs5 → 200 (22ms, 16B)
[2026-03-29T04:52:09.034Z] GET http://localhost:3000/api/projects → 200 (13ms, 568B)
[2026-03-29T04:52:09.103Z] POST http://localhost:3000/api/auth/sign-out → 200 (17ms, 16B)
